id,snr_db,sisdr_noisy,sisdr_enh,stoi_noisy,stoi_enh,pause_resid_db,pause_resid_db_noisy,speech_lsd_db,pesq_enh,pesq_noisy
00000_snr-5,-5.0,-6.050548182058839,-2.4712734212730427,0.8367707545400914,0.6893615339815071,39.61081124816303,44.70934338717314,20.400495271921024,1.1806867122650146,1.387115716934204
00001_snr-5,-5.0,-5.070439647877202,-4.517980648851054,0.7211205922735272,0.6330009603189121,nan,nan,26.481073239967408,1.0895196199417114,1.047074794769287
00002_snr-5,-5.0,-6.320000471455734,-10.549590889442936,0.8690641054133231,0.6682731524156817,7.087915685718437,24.92509477120381,32.95916359205785,1.1061853170394897,1.1859756708145142
00003_snr-5,-5.0,-5.84597314050182,-14.157380182413968,0.6296379484381658,0.5052934090354004,22.479045923704053,32.3390572654379,28.298863636312714,1.0386028289794922,1.0513668060302734
00004_snr-5,-5.0,-5.037695175966562,-2.088136964114347,0.8176554157623133,0.6940270113898266,2.655417657806866,39.62188654556524,24.654728691179,1.0935759544372559,1.4040312767028809
00005_snr-5,-5.0,-5.423223940557107,3.304225293389652,0.5947395354385446,0.5469098298548432,17.12318596766901,38.73099664034092,16.357791425193696,1.0534709692001343,1.0599335432052612
00006_snr-5,-5.0,-6.074347969273305,-4.685767802824723,0.7746169554963671,0.6525031330315055,16.991506340849018,40.17966500125317,27.827962266849195,1.0778180360794067,1.1427713632583618
00007_snr-5,-5.0,-6.2573618468466305,-20.507136553768156,0.6582136125882482,0.4859253836878785,12.039560547390206,41.38798315434648,29.620908056885654,1.0713818073272705,1.0789083242416382
00008_snr-5,-5.0,-4.973088783243822,-5.464122057241775,0.6819675216843508,0.5453104543853285,11.208452402366003,38.08632285650878,29.181681758901245,1.0331734418869019,1.0949047803878784
00009_snr-5,-5.0,-6.365221520858846,0.2672947634071501,0.8177560606941928,0.7794263008844353,4.946908722063382,41.98865078250855,17.965699603627634,1.1142429113388062,1.0943057537078857
00010_snr-5,-5.0,-5.811128766434379,-8.615118708861996,0.638271678899934,0.47136682919516176,16.861218892938425,42.175507425609396,24.92632588793194,1.030337929725647,1.041823148727417
00011_snr-5,-5.0,-5.625983691231945,-21.10525278341068,0.5334552871839353,0.38340501141725,17.888733020781288,34.357897768042605,25.896334824142183,2.9358930587768555,1.101860523223877
00012_snr-5,-5.0,-6.450401531454055,-8.725294567034261,0.6025660677649927,0.564593937871714,34.44295811443111,42.393623826490696,23.497002644349273,1.576364278793335,1.0497055053710938
00013_snr-5,-5.0,-4.777352708299811,-8.130082365126603,0.4438688015333131,0.3488926931966341,nan,nan,25.417191034395902,2.1453328132629395,1.0702627897262573
00014_snr-5,-5.0,-5.229531521526578,-5.6006772117765635,0.7371759328771191,0.6262791856956579,-3.538109937517533,33.79345025237343,26.908781313745642,1.0674725770950317,1.1082446575164795
00015_snr-5,-5.0,-5.356390368871082,0.9873150564946638,0.8465438452844346,0.7018917037236888,3.1135202563340973,42.72517711801464,18.607214088946844,1.0970796346664429,1.0704141855239868
00016_snr-5,-5.0,-6.005529132046989,-5.082161715089858,0.5622218899452391,0.4301502501582109,13.454111330716652,38.60321467913326,23.92514423338423,1.0556941032409668,1.047783613204956
00017_snr-5,-5.0,-5.881710929340224,-9.392079783848242,0.5350784710251858,0.3444981679049121,9.628084317691128,44.56334596922635,21.52777426865231,1.0330690145492554,1.0453044176101685
00018_snr-5,-5.0,-5.468904874607774,-7.689659026687764,0.663084419802249,0.43143145772768415,15.081247918152885,35.82463100041722,18.43399914974855,1.033429503440857,1.0690419673919678
00019_snr-5,-5.0,-5.1103657108360245,-9.278143091357117,0.5274917707640775,0.4564490660632693,14.753123306462953,38.666377660567434,26.333221201838935,1.0470476150512695,1.0718412399291992
00020_snr-5,-5.0,-5.248945471976589,-14.990745239499795,0.8027176344220724,0.5670130114893123,22.850046966971256,27.915057222986782,28.035157276576143,1.0466121435165405,1.2436517477035522
00021_snr-5,-5.0,-5.5623419902810145,-2.8386894045050366,0.8513365721261472,0.7422203869481795,5.510464237309134,15.804298138001283,21.08557992266746,1.2472022771835327,1.5202741622924805
00022_snr-5,-5.0,-5.539835541488997,1.5215614106935937,0.7690714259207942,0.6248186974130626,6.784897412064849,41.14857460917296,24.751567718074533,1.1351349353790283,1.2731256484985352
00023_snr-5,-5.0,-5.388742454272929,-1.9238070771581013,0.6525701967607718,0.4554813832561601,22.840143472169146,40.755744766412924,25.338593277871876,1.046617031097412,1.0589152574539185
00024_snr-5,-5.0,-5.374868419925396,-8.393612223348068,0.6435521224348992,0.5803347356452818,-6.259739401028233,34.530426220361036,22.254237257265068,1.1396619081497192,1.045608401298523
00025_snr-5,-5.0,-5.841623447415907,-6.356067396782908,0.6635987474128542,0.5525639727387148,9.09582083537883,43.432055517225265,19.217381696825058,1.0566318035125732,1.0382686853408813
00026_snr-5,-5.0,-5.906248826637047,-10.008051713309678,0.9415832473415489,0.8137632063477229,44.17049572992755,44.25710671837871,23.172014315837217,1.1785035133361816,1.4008573293685913
00027_snr-5,-5.0,-5.147168970092524,-20.525730708777978,0.549611821244896,0.45042441792082877,28.041034823426134,35.563032374112964,25.094939726005883,1.0603152513504028,1.028411626815796
00028_snr-5,-5.0,-5.507291180050167,-2.1669988928748634,0.794900523690066,0.6909509118139832,1.1875561910667867,36.31874945749535,30.426884523871603,1.1033779382705688,1.1030718088150024
00029_snr-5,-5.0,-4.8920525709397165,2.2894272236147453,0.6753239406051059,0.677327233458586,nan,nan,15.718939903191826,1.1142425537109375,1.0441081523895264
00030_snr-5,-5.0,-5.1032017046367,-2.4743801601912376,0.8899563382960909,0.6814863382720673,nan,nan,23.99839019723327,1.1348594427108765,1.2456226348876953
00031_snr-5,-5.0,-7.13361401455924,-7.100487701471469,0.5688210484677471,0.34417267008198543,37.45518177692746,43.40747188406257,18.680006717758562,1.0888185501098633,1.0849578380584717
00032_snr-5,-5.0,-5.970227275856431,-6.152977248176233,0.8273111988604759,0.6163124929686017,16.58435397321857,42.93728036628475,25.752189848739143,2.8722896575927734,1.0845810174942017
00033_snr-5,-5.0,-5.04454165936949,2.6046446835584227,0.5197545076114007,0.5761114581329946,nan,nan,14.359417334542583,1.0729334354400635,1.0582841634750366
00034_snr-5,-5.0,-6.213307732598397,1.7125713837122991,0.761674694749516,0.7415054394288362,10.33135170690021,44.77386508595549,21.00925411405946,1.156657338142395,1.0525014400482178
00035_snr-5,-5.0,-5.175866507676291,-6.451725379019896,0.7452414126836503,0.5800294136660855,40.77956892520135,41.154387089248544,15.457007553511467,1.0709338188171387,1.1038445234298706
00036_snr-5,-5.0,-5.073958240219075,-0.19034841227937488,0.47911491800294703,0.4292955818033518,nan,nan,15.846229446717816,1.0563634634017944,1.0346837043762207
00037_snr-5,-5.0,-6.516404159527466,5.37133594909937,0.8327868748073892,0.836573870337844,22.616899231480975,41.22519622618359,8.641721502436356,1.2224774360656738,1.103332281112671
00038_snr-5,-5.0,-5.399228843656852,-10.078669433922496,0.7983578241344715,0.651990727724804,21.501561751765152,37.044466979337855,25.392327984143517,1.0561624765396118,1.1007647514343262
00039_snr-5,-5.0,-5.139185948487913,0.5718227415130201,0.8523898649608354,0.7274582358725862,2.1893545983105738,32.23784301112517,22.067573131050793,1.201414704322815,1.311154842376709
00040_snr-5,-5.0,-5.5295813603921875,7.5332043548605405,0.8807497327082268,0.7288813073429659,20.483207521261583,48.784277295721594,19.766286467471055,1.2460644245147705,1.3853371143341064
00041_snr-5,-5.0,-6.220257950820721,-6.184317512620005,0.7310622876730825,0.7457310705018154,39.30947518143758,39.449780190581144,12.016227681787631,1.536163330078125,1.3411282300949097
00042_snr-5,-5.0,-6.856291000262139,2.1598203850791586,0.5906619474605687,0.4311546297131294,10.081835876506588,41.108842543856916,17.405379654018038,1.1229264736175537,1.0437195301055908
00043_snr-5,-5.0,-5.541699454603978,-6.3668797719097805,0.5582329243440757,0.4340664185944079,-1.7199358530620814,39.12796246263127,24.79306053567921,1.049705147743225,1.0534772872924805
00044_snr-5,-5.0,-6.824234636702843,3.8539523239392914,0.4531383703589911,0.40473461882728684,20.64160202549612,52.71629412008235,13.397144449785126,1.0619698762893677,1.044822096824646
00045_snr-5,-5.0,-6.334694473663784,-0.3586247496590268,0.7953471105750668,0.6566118396013019,13.848278000024363,37.04916167015526,19.11758406036082,1.1363139152526855,1.1070536375045776
00046_snr-5,-5.0,-5.581081972889221,-9.444824609680332,0.5706082799393768,0.3835947680300209,20.731805196751836,44.60390842343699,23.665505771020985,1.3653357028961182,1.035876989364624
00047_snr-5,-5.0,-5.097502158200333,-0.7073787215902763,0.5267907096530784,0.41953608580954654,29.867862932402588,38.76759495443639,21.147613632288735,1.172529935836792,1.0372997522354126
00048_snr-5,-5.0,-5.209390823116196,-16.045888230844398,0.5553777169425741,0.39302281445577314,32.725448469395005,47.08390570181014,27.470104337569428,1.32472825050354,1.0415316820144653
00049_snr-5,-5.0,-5.490308814188078,-8.631365810146194,0.5051525224623731,0.3167677149157938,9.48048953993727,30.839150494007708,27.397811320891943,1.160625696182251,1.0420804023742676
00050_snr-5,-5.0,-5.8906801769943264,-7.949203745607276,0.8465505711707301,0.6072701941965314,20.851432662546145,44.43099254308355,28.117722553729365,1.1025141477584839,1.3577468395233154
00051_snr-5,-5.0,-5.509366593561697,-11.093331155687077,0.5808070492345448,0.4492636597727585,22.24716830464932,39.25999111220487,25.49188213494651,1.0607001781463623,1.045376181602478
00052_snr-5,-5.0,-5.49213982231077,-3.009961417455677,0.8936767142285297,0.7707356943032038,32.87614348542041,44.707342936899224,26.12272943021515,1.1361347436904907,1.4268720149993896
00053_snr-5,-5.0,-6.054243319785622,-1.6567487235478668,0.5891891248372602,0.502511583834263,21.157956013092715,44.52153613449784,20.507355265875393,1.0423978567123413,1.0539075136184692
00054_snr-5,-5.0,-6.262764350818739,-4.630885842528208,0.6726654337025958,0.578458616701762,4.172613379835706,41.41168422558553,27.404166105201384,1.0651131868362427,1.0771019458770752
00055_snr-5,-5.0,-6.132507416620213,-6.592360082476109,0.643453042272001,0.5910035089010429,24.884924723790967,40.20707806022451,26.45814350541956,1.8531417846679688,1.0517971515655518
00056_snr-5,-5.0,-5.19217130393876,-10.756563101040529,0.6716809815966979,0.519909757690142,21.775875662754395,41.53687797552073,25.03445856749209,1.038301706314087,1.0918762683868408
00057_snr-5,-5.0,-5.303979488265225,-4.39268289234143,0.9257462857607466,0.8941428653539591,10.674446935529577,19.28727528859808,16.895935648787326,1.0391067266464233,1.042741060256958
00058_snr-5,-5.0,-5.014515434602956,3.599280954917358,0.3596424098161544,0.5630113485005153,nan,nan,14.761171472614084,1.21766197681427,1.151836633682251
00059_snr-5,-5.0,-6.996102271741112,5.530931234902638,0.5563205749919417,0.3654236682819718,14.83269560464091,43.42432953395705,18.280727804248116,1.1914676427841187,1.141396164894104
00060_snr-5,-5.0,-5.3910293797322995,-3.495011903134373,0.9316832130989307,0.8242011937551155,-0.31380803998639567,42.916860860047336,19.33168552816818,1.131430745124817,1.2391223907470703
00061_snr-5,-5.0,-6.31475165504458,-3.3546980345213804,0.6263810079740187,0.5150785836992315,26.53246244542101,42.52400654180931,16.802845841411486,1.0575568675994873,1.0701959133148193
00062_snr-5,-5.0,-5.664167306634487,-7.7525172231434025,0.7472765493071851,0.5977250743942835,33.66515129143923,44.842621485337915,24.841859395450122,1.0453499555587769,1.0544376373291016
00063_snr-5,-5.0,-5.074810915099298,-7.842122179584285,0.6675123258982065,0.6280877575051267,nan,nan,14.034874836456284,1.0647222995758057,1.0422017574310303
00064_snr-5,-5.0,-5.405701770383441,-5.229652028595197,0.8561261203784111,0.7379771342556745,46.17206256535618,51.835427658157485,25.094831496377022,2.4044079780578613,1.7818124294281006
00065_snr-5,-5.0,-5.691912635066403,-8.047500893933378,0.8359371452823522,0.6280857295052928,30.36650740059457,41.787453051600735,28.954351387684724,1.0690115690231323,1.063647747039795
00066_snr-5,-5.0,-5.694113151551743,-10.616742811246153,0.588732624407259,0.5477367198426525,25.980339692867325,41.47898695737861,26.577131637162143,1.0598294734954834,1.2904921770095825
00067_snr-5,-5.0,-6.458520411412099,-1.2927861364327164,0.6862992195425056,0.6195652074237828,14.316904744647855,38.91900444744718,17.470290871914884,1.0923093557357788,1.0505808591842651
00068_snr-5,-5.0,-5.577459886219806,-11.34080249787353,0.7463088165448484,0.5728269200352574,25.02433569775051,32.48225514947866,29.354076946414217,1.0740302801132202,1.2235631942749023
00069_snr-5,-5.0,-5.780855137297031,-14.518815662636522,0.56404087789864,0.4610888102455881,27.855730842561236,45.09754555199194,24.75615940567827,1.6486040353775024,1.0915629863739014
00070_snr-5,-5.0,-5.629063259807481,-11.285717075988977,0.5630035838245407,0.3719935256296841,11.264288214831675,47.650640723910975,19.958866546669086,1.0297632217407227,1.0848075151443481
00071_snr-5,-5.0,-5.730246901699294,-4.038299956372134,0.7468295587841939,0.7162078494737695,34.80544521685757,42.287602504984406,16.682338822716098,1.076979160308838,1.1230028867721558
00072_snr-5,-5.0,-5.030281964284795,-14.449221113693863,0.6553080406302364,0.3003269953981253,nan,nan,18.62968200244489,1.0436652898788452,1.1167982816696167
00073_snr-5,-5.0,-5.7623916354100055,-10.27805205814462,0.9297491534992334,0.7385433119865498,48.8447625589267,49.16545334189017,20.665449766795945,1.0777113437652588,2.4172070026397705
00074_snr-5,-5.0,-6.137770699406737,-11.065584211421298,0.8088142508233958,0.6361930700563547,33.64679829968952,44.54705006841702,26.107180576270746,1.0542774200439453,1.0962618589401245
00075_snr-5,-5.0,-5.728839159216369,3.1525787454215513,0.9569114467019624,0.8501502259336333,13.500060703830798,41.138570385293264,12.802946507843005,1.420852541923523,1.594497561454773
00076_snr-5,-5.0,-6.228964278834898,-10.090394618736303,0.7075184692456271,0.4715413844014008,15.910591639091098,21.632966622710367,18.101025792624295,1.0661660432815552,1.125076413154602
00077_snr-5,-5.0,104.31342102708072,3.260216840445336,0.9999999999999998,0.7365797926614623,-8.244363120362161,0.0,18.133878560589554,1.410673975944519,4.643888473510742
00078_snr-5,-5.0,-6.191398173457397,3.9622454531451217,0.8428305176580705,0.8021441843322467,24.557383700530927,39.810141047009154,13.165390018814035,1.1990554332733154,1.0446265935897827
00079_snr-5,-5.0,-5.77297683411087,-5.64853130314488,0.8887184028157411,0.8133433716454002,40.76258533853013,41.932008523448914,18.220096687472697,1.2200175523757935,1.3526310920715332
00080_snr-5,-5.0,-5.763487030959079,-4.62476738034867,0.7192885366582001,0.585499944439661,2.6557078976272135,41.1022396066151,24.5582097236819,1.0474908351898193,1.0543370246887207
00081_snr-5,-5.0,-6.324727143304873,-11.802054806024858,0.6381514222598793,0.45526140984785857,27.38624836975868,45.359807546527264,16.065412751188347,1.025779128074646,1.0253139734268188
00082_snr-5,-5.0,-6.268588598708864,-7.051816484212397,0.8728513940134215,0.6926987623120244,7.89911627134869,43.68781826883638,28.544034577387457,1.1074365377426147,1.3635940551757812
00083_snr-5,-5.0,-5.6672781355731106,3.501291676051073,0.6747591951604641,0.7127858350168312,1.5638340256615637,38.562508521076055,15.158961721314764,1.1866130828857422,1.1474854946136475
00084_snr-5,-5.0,-4.98769460894183,6.383858508337818,0.8129775744489156,0.6971440221285958,nan,nan,13.344129850001577,1.1577345132827759,1.1271543502807617
00085_snr-5,-5.0,-5.975525941055926,-2.846651360602121,0.7048119505110565,0.6603570841810681,31.362634176580407,50.13424169314399,14.221136252671318,1.082082986831665,1.0698531866073608
00086_snr-5,-5.0,-5.236923379061599,-16.53081417018449,0.674659521422755,0.407529007379003,34.54358425500464,42.52897432333506,25.124133649781733,1.0998541116714478,1.0325543880462646
00087_snr-5,-5.0,-7.1576630005061705,-3.509161352945445,0.6124914579780054,0.5394330708581062,34.864791016794065,44.9600003150973,15.127351907836431,1.086683988571167,1.0872678756713867
00088_snr-5,-5.0,-5.687650629179066,-12.167727277205467,0.7735056958485715,0.45644592087879804,24.16854995190097,45.819439140078174,27.080732528213677,1.031385064125061,1.0361634492874146
00089_snr-5,-5.0,-5.6311115708624175,-17.511855218671574,0.5651665517806331,0.365558578602197,25.715146215216848,36.42995740631504,24.058247333846094,1.9534265995025635,1.0437766313552856
00090_snr-5,-5.0,-5.55880313389188,-6.429977132751276,0.5812238832571341,0.44744626069262017,35.30578517716618,41.01726403078342,23.405211990425993,1.052641749382019,1.0868713855743408
00091_snr-5,-5.0,-4.995323131259411,-4.193243374062147,0.6120648120521408,0.5745079358619835,nan,nan,19.05691334318353,1.0351539850234985,1.0283470153808594
00092_snr-5,-5.0,-5.006234748413635,2.797813833098284,0.825935202838787,0.8067733554535108,4.33311241671152,27.260207510387428,16.85263406563061,1.3037651777267456,1.552506685256958
00093_snr-5,-5.0,-5.23791257398484,-9.057220505661101,0.7427089577416808,0.5780698790050053,22.921410122389506,35.550989577003314,25.150783703767647,1.086163878440857,1.1802468299865723
00094_snr-5,-5.0,103.24065347456809,12.047111857298283,0.9999999999999988,0.9515034642440215,nan,nan,18.065457911600344,3.2859604358673096,4.643888473510742
00095_snr-5,-5.0,-5.275184326403344,-3.0728155974224554,0.5286929514135466,0.45098585699246896,15.395937631905703,35.82986522419179,20.318808967557377,1.0429213047027588,1.0460357666015625
00096_snr-5,-5.0,-5.607233198669612,-16.961801910296426,0.6848098656047095,0.4939695009629344,33.06006139134759,42.785014561638484,30.555413838362124,1.4228315353393555,1.0418155193328857
00097_snr-5,-5.0,-5.366335906493377,0.8034795451382694,0.6139622463242492,0.591576477003399,18.78316509314653,38.361274836328214,21.31538983489653,1.055114507675171,1.0292257070541382
00098_snr-5,-5.0,-5.112240079006804,-6.747949462918426,0.6204525393925916,0.5049061264943708,-3.462478999825018,41.24726176690362,22.21498884590083,1.028270959854126,1.0428707599639893
00099_snr-5,-5.0,-6.043549698924778,-4.066809347762144,0.6241594612410089,0.5059378992368224,19.056808560232522,42.54421607577038,23.814420288815857,1.0345996618270874,1.028041124343872
00100_snr-5,-5.0,-6.393797557007135,-1.5210796411937952,0.7550801134582037,0.7080958382233926,9.883192736769189,44.725584482136185,14.390963378629575,1.1545766592025757,1.1171027421951294
00101_snr-5,-5.0,-6.737118154921137,-13.979241934140132,0.6483868829345494,0.4806183991174703,36.695793512827784,46.70458687003831,16.498876196771917,1.0510908365249634,1.0635713338851929
00102_snr-5,-5.0,-7.227858339541207,-4.40906535455044,0.6410297406716717,0.6312587847158345,33.457900773137695,44.05657361889478,11.163871554657929,1.2047202587127686,1.2994590997695923
00103_snr-5,-5.0,-5.233444307440282,-9.787875103061559,0.7703158206479098,0.6336032819730798,28.998075606186,33.50301972043633,25.090633474476288,1.0979329347610474,1.0988496541976929
00104_snr-5,-5.0,-5.002939032596459,-6.126001587365975,0.5106135711221274,0.44595883152757876,nan,nan,24.233815918281213,1.0638431310653687,1.054855465888977
00105_snr-5,-5.0,-5.09523446668684,-2.305322973122896,0.5474037900709984,0.6015363148809133,11.53667677155263,34.86276179129352,18.03814110198584,1.0568088293075562,1.0345697402954102
00106_snr-5,-5.0,-4.984956358437071,-3.747882597549888,0.6951238315642458,0.5913846323100452,nan,nan,17.122824205509467,1.0517619848251343,1.0775152444839478
00107_snr-5,-5.0,-6.716201649313125,7.671896027324225,0.8281370778453592,0.7810954657471721,9.020285923707151,40.54632543655149,14.960010145290958,1.6752140522003174,2.017159938812256
00108_snr-5,-5.0,-5.726754898386027,-7.967327615676448,0.5696537935738967,0.46734429486135304,35.1783941399096,44.331999063309084,22.442721184005052,1.0509086847305298,1.0890743732452393
00109_snr-5,-5.0,-5.135362828765022,12.561162964819797,0.9666861680821917,0.9425554275617062,10.93337361885558,43.667760891040466,10.152841509487972,2.747972249984741,2.051478147506714
00110_snr-5,-5.0,-5.005197860181688,-0.1515700030655489,0.7076990959943149,0.5126331123038679,nan,nan,20.241717211915926,1.07180917263031,1.1007517576217651
00111_snr-5,-5.0,-5.82792647487325,-22.732526155100153,0.8058126228059755,0.4898100438326902,38.78276106589339,42.45870892180938,22.943975207421317,1.025871753692627,1.0390281677246094
00112_snr-5,-5.0,-5.643613052221275,-7.003312443571115,0.721713418323128,0.6358375593312015,3.3616648670595826,24.044891474846434,24.517630344492567,1.1473231315612793,1.2189552783966064
00113_snr-5,-5.0,-6.555536126478364,-11.82062908152663,0.7064812050625495,0.3949787384229036,42.626345635798266,46.96660774180468,20.2654569485561,1.0436358451843262,1.0668833255767822
00114_snr-5,-5.0,-5.242545584230006,-3.5274356394279756,0.7260544715754341,0.5854827185913136,20.980244517897034,49.4990661630963,27.505955126840227,1.0497496128082275,1.1037073135375977
00115_snr-5,-5.0,-5.110554839505504,-5.719499835696516,0.6486218656161195,0.554745883296602,14.13206728071569,26.407580935070175,24.73702996033131,1.0327050685882568,1.1300030946731567
00116_snr-5,-5.0,-5.9970198157839425,-3.2568184746132953,0.7955520417447686,0.7630873289258102,13.54692183869396,41.16527974850229,13.718835168522343,1.2097238302230835,1.7131675481796265
00117_snr-5,-5.0,-5.881847758519957,-5.565423441105319,0.6592652821039714,0.5219886586960719,23.08832254158426,41.3609051875051,22.675313476561303,1.055847406387329,1.0398858785629272
00118_snr-5,-5.0,-5.319691248095543,-5.9252347084181505,0.6356233060932258,0.5349771354488525,18.878138867020716,38.452921209476315,20.794422886793974,1.0320982933044434,1.0344794988632202
00119_snr-5,-5.0,-5.27527292216396,-8.730752389723056,0.6157011088056943,0.5321388095225933,1.725528133569567,36.558047959649116,25.940439959859017,2.783233880996704,1.0671175718307495
00120_snr-5,-5.0,-5.083318190594892,-13.91886013391237,0.5651697523274146,0.476847943136695,12.08797314027515,34.84409070060546,26.762180597971376,1.0506582260131836,1.0941002368927002
00121_snr-5,-5.0,-5.3590579099217,-3.089911426725562,0.8018693064164244,0.726553434385573,6.087997536108521,38.325859733725764,30.455784535356162,1.0860525369644165,1.1182219982147217
00122_snr-5,-5.0,-5.247159726762435,-3.6575463413079405,0.6739395243473547,0.49304463116869013,11.020798950042174,44.0188751063613,25.083379348225286,1.0353360176086426,1.0308177471160889
00123_snr-5,-5.0,-6.567899661554851,-1.8030085855174338,0.6610082465989936,0.546694990218974,29.852371235544638,39.20026424973214,18.511299380971963,1.080478310585022,1.0635422468185425
00124_snr-5,-5.0,-5.658730790037739,-23.726869657113497,0.7615461900711181,0.32592332556381254,25.24111362317164,27.44018400565324,23.28531235133921,1.1797233819961548,1.0939874649047852
00125_snr-5,-5.0,-5.947067387359018,-3.4901029935496295,0.6531954056932245,0.6029633694005104,23.515212337420067,41.756267688768446,18.756818405334467,1.0359596014022827,1.0535593032836914
00126_snr-5,-5.0,-8.88815565704147,2.4382974555425045,0.6256269792600531,0.588295782550012,13.692395885964642,53.205769804747256,14.392873026244141,1.2671034336090088,1.2630586624145508
00127_snr-5,-5.0,-5.00567449487593,-3.099424274105731,0.8760753280475503,0.814541058892887,nan,nan,13.715628770462128,1.0996630191802979,1.107751488685608
00128_snr-5,-5.0,-5.630826118310699,1.6019827873594576,0.8410789472656435,0.7235189187486871,1.5783587494541926,35.8507855203928,17.204614830235503,1.1379880905151367,1.08387291431427
00129_snr-5,-5.0,-5.077839909190728,-5.536835633569776,0.7272594025521679,0.6686479947021301,9.630393288328193,16.66454682282064,20.792285398195062,1.0680769681930542,1.0866471529006958
00130_snr-5,-5.0,-5.7212591983906,-1.3966579240362735,0.7958792975791275,0.7378512168167546,8.185804946456912,42.64611859770554,22.68532644330132,1.1086417436599731,1.0343122482299805
00131_snr-5,-5.0,-5.09772258386155,-8.274962665037561,0.44345444892024743,0.35790534574728644,1.47140636487332,35.22289573483234,22.477272841878555,1.0492178201675415,1.0428686141967773
00132_snr-5,-5.0,-4.882034987909601,0.2865246303458553,0.4433684123994481,0.4750421947199716,nan,nan,20.34324242121861,1.0697818994522095,1.0554585456848145
00133_snr-5,-5.0,-5.751382532809793,-2.8762169749954336,0.5368993180263886,0.48351972744506233,8.029176709588745,42.858153369816485,24.183096761899787,1.0771132707595825,1.0740286111831665
00134_snr-5,-5.0,-5.504037868419931,-0.045494632387607516,0.8165961990307774,0.7276359933114337,17.007768486000046,38.968642111886425,25.28129070623636,1.4736073017120361,1.505082130432129
00135_snr-5,-5.0,-5.522784917706144,-17.112609399007,0.6333809366292722,0.25423174594507575,32.71982071338711,43.701721929280055,20.14792935585479,1.041255235671997,1.0681567192077637
00136_snr-5,-5.0,-5.056242648847707,-2.5674856821447776,0.5628671446409665,0.5068453444039966,1.2648158287589522,41.552543970712605,20.68732563726946,1.032853364944458,1.0340023040771484
00137_snr-5,-5.0,-6.013800739122215,-8.3835714641035,0.6297387372947352,0.5184860558350365,38.420442944921504,45.99800659730608,22.44522431184472,1.0826427936553955,1.0851435661315918
00138_snr-5,-5.0,-6.410877917969478,-4.746729494883568,0.6126576415280532,0.5515556542620703,46.31614922315173,55.525029107297996,18.79456573285773,1.072047472000122,1.1398413181304932
00139_snr-5,-5.0,-5.916140030051819,8.610749847124373,0.9136647971766106,0.926762385169237,16.304977846686043,51.82084511263963,13.011678165658292,1.699519395828247,1.8581748008728027
00140_snr-5,-5.0,-6.0066458956310935,-11.27798988661036,0.9068291443338039,0.7272813115922204,38.70051147641092,39.130705804431756,27.897487946204492,1.1326615810394287,1.5700581073760986
00141_snr-5,-5.0,-5.924024226380027,-8.530091966572655,0.5123517137234956,0.439889500603582,21.630919429998684,44.82000402836996,17.84267866547652,1.0502150058746338,1.0245153903961182
00142_snr-5,-5.0,-5.650462216227925,-17.66325914613233,0.6479334745833727,0.3579610934153221,31.085643633344517,36.30743841824338,23.412093311571766,2.9765143394470215,1.0401623249053955
00143_snr-5,-5.0,-6.1639541699051055,-6.69303189049405,0.543620426593789,0.2811868702518552,25.208307107384044,39.9324807912009,19.579021797373198,1.0529836416244507,1.047960877418518
00144_snr-5,-5.0,-5.6512468670969005,-2.5428051205876807,0.7551321939618567,0.5921984417182834,8.577441699246616,38.934003071126746,21.97604228450105,1.0579100847244263,1.0393471717834473
00145_snr-5,-5.0,-5.5387799819983075,-19.635090926745036,0.717917690821139,0.4559289181049735,32.944068618513604,42.84724922373806,28.655922340771678,1.4145511388778687,1.0670067071914673
00146_snr-5,-5.0,-5.953311283756138,-7.508093855196785,0.7967680569227685,0.5112608376593766,27.69419186753594,43.23203179189044,20.43682436711072,1.0695401430130005,1.152359962463379
00147_snr-5,-5.0,-5.2842544216838725,-3.0745811479895564,0.7716174402101447,0.639940088572856,9.090863112570307,40.11739930056862,23.385061954600832,1.0799574851989746,1.1321827173233032
00148_snr-5,-5.0,-5.579174729691278,-1.6408227236016169,0.82360500532353,0.8033541081797727,40.04699370134688,40.73854040206495,15.997030899906804,1.7604830265045166,1.2742966413497925
00149_snr-5,-5.0,-6.09103467803291,-8.862552986837603,0.49810400574815455,0.4091607535648827,39.69347753793378,49.49468487644428,16.122251457763927,1.0344148874282837,1.051641583442688
00150_snr+0,0.0,-0.7005111544277789,-6.204621589728426,0.785770244500555,0.5932204446339702,39.85747574405502,43.821481520782996,28.869782608987066,1.1689081192016602,1.184276819229126
00151_snr+0,0.0,-0.12286652338989301,4.663846514985973,0.6099454062845467,0.6283251876617363,-7.1511524957006225,32.92460249369434,12.34502181645203,1.1215468645095825,1.0597141981124878
00152_snr+0,0.0,0.0849874643707596,-3.6420821705774813,0.8558442013872,0.6660491574677558,nan,nan,21.368692054507026,1.0939350128173828,1.4097946882247925
00153_snr+0,0.0,-0.13547029210863354,1.3128233927422237,0.6897077631507186,0.5626883284683454,10.796137310440013,33.068825147931605,18.472136834334442,1.0789707899093628,1.025000810623169
00154_snr+0,0.0,-0.22460608766639006,-0.090395112310505,0.8967141547892322,0.8656492759577132,30.853758848922407,30.87430437360596,17.115396659481387,1.1081874370574951,1.1301045417785645
00155_snr+0,0.0,-0.14958415176439946,1.2913519399217308,0.9463058640422392,0.8361146840592251,10.10431262080324,37.17300054809766,23.38047181888578,1.094992756843567,1.1471229791641235
00156_snr+0,0.0,-0.07021681872725447,0.7956016618707875,0.7193889166297283,0.6589245057616323,nan,nan,18.649602475488543,1.2005133628845215,1.2087023258209229
00157_snr+0,0.0,-0.6212515811088654,-1.011773876298346,0.8283217807852515,0.539826046001058,8.663040870568356,32.54174327068474,19.314395722491437,1.0677402019500732,1.0916225910186768
00158_snr+0,0.0,-0.6105493711912986,0.14098268005343528,0.6772186843080717,0.5961331038353896,9.641318588928108,33.20825720870991,24.688694681904405,2.0751895904541016,1.1286715269088745
00159_snr+0,0.0,0.008614293120911514,-4.330915539497095,0.6473015561011458,0.5305786386783246,nan,nan,26.110517703075523,1.0525357723236084,1.0809893608093262
00160_snr+0,0.0,-1.0709633382957149,-2.665010062420623,0.7332249114213937,0.5867192588808468,14.81802235985244,36.53255462360673,28.913799764720235,1.0963695049285889,1.0895272493362427
00161_snr+0,0.0,-0.16984186517370006,-3.2109088265554635,0.8404005752765575,0.7828287038971107,5.245440752560043,24.249657055754437,26.41023686674025,1.0778087377548218,1.1003444194793701
00162_snr+0,0.0,-1.489533464561338,2.566955814342042,0.6123297381544339,0.6589326517767278,21.70303191839998,34.36197119111442,14.433194585801592,1.1820284128189087,1.0791634321212769
00163_snr+0,0.0,-0.03045243514902787,-0.108070641352952,0.7364125014148851,0.6998014717231432,nan,nan,22.519739086068416,1.1504582166671753,1.1367666721343994
00164_snr+0,0.0,-1.1951634249986283,-1.9903928730737004,0.7445054680862245,0.6777954370842383,5.73454798918295,34.11957319527208,25.328135038744723,1.1030900478363037,1.1928244829177856
00165_snr+0,0.0,-1.763568406616407,4.02515898417127,0.7897433727888877,0.7836244702778177,30.026041909512074,43.950878798653676,14.277297796371275,1.2259670495986938,1.1609618663787842
00166_snr+0,0.0,-0.6034667152864697,0.27574122062865214,0.8367244178411839,0.7771141631329733,-8.934230373076137,26.94359633455031,13.639040738450388,1.2305550575256348,1.465557336807251
00167_snr+0,0.0,-1.1633043007962465,0.3345793256856434,0.7648015448307347,0.6950663827275184,2.943271336291611,35.53216318297726,23.38848796622321,1.0945237874984741,1.1099649667739868
00168_snr+0,0.0,-0.4699607912145718,-2.8116382409445446,0.9357573715699911,0.7661703576301419,13.627388514621057,32.314727588245674,22.716226911883837,1.1629421710968018,1.1132159233093262
00169_snr+0,0.0,-0.8537120325801952,-7.58440228954762,0.7074158526180602,0.5298062879125972,26.39361503597439,42.23924692470561,28.46056339219911,1.0410382747650146,1.058652639389038
00170_snr+0,0.0,-0.3646356155118218,-0.7356045838145208,0.854049817437197,0.6960178151000049,-5.594782925307538,30.433710920722717,22.896806668516735,1.1133688688278198,1.354539155960083
00171_snr+0,0.0,-2.191576944437565,-5.794044706356985,0.717242846966266,0.5532482303599517,32.98056166508391,38.91729419405363,20.58818551997703,1.143824577331543,1.1393754482269287
00172_snr+0,0.0,-1.5900808431545266,-2.654349333554759,0.7886159165828847,0.725623524475572,36.16990166123669,36.33572071372201,15.98439350558231,1.1212852001190186,1.2204493284225464
00173_snr+0,0.0,-0.04764939215602031,-1.4668321887835738,0.6932346997668678,0.6120867160437827,nan,nan,20.534583432052663,1.0845551490783691,1.0686341524124146
00174_snr+0,0.0,-0.7682702397349178,-4.376151350179828,0.755336599489967,0.5923831939470054,12.518592936608302,37.84447767485848,26.581832909010167,1.042901635169983,1.057740330696106
00175_snr+0,0.0,-0.8893337773334192,-2.6552848555260695,0.8869529804190268,0.7621803202859977,27.679826425890077,32.03188402367712,22.091850385825374,1.2101404666900635,1.5103864669799805
00176_snr+0,0.0,-0.6024608695628199,-5.783727381510645,0.7066320873307547,0.6205580564767507,20.205068858853437,33.23522459775431,29.645775867502543,1.0548200607299805,1.0838006734848022
00177_snr+0,0.0,-0.715666232443345,-0.8549854210987091,0.7121957441767498,0.6431136840557353,11.762145171214854,30.08147796273592,20.963519315153153,1.0746331214904785,1.0913554430007935
00178_snr+0,0.0,-0.43606130120697034,2.86594113121218,0.8149071859247958,0.8224446955313992,26.93275473425553,29.751752517891322,18.658243405031115,1.3826183080673218,1.5538758039474487
00179_snr+0,0.0,0.03125795025926559,0.339320551600767,0.7537681542109774,0.6869474467705594,nan,nan,24.670604760097486,1.1652225255966187,1.4474267959594727
00180_snr+0,0.0,-0.49138609914433307,-6.94512360566959,0.8709407385735795,0.6795829372643937,26.97173045323705,31.8206724746137,26.21278283652841,1.1048285961151123,1.1204603910446167
00181_snr+0,0.0,-0.9190089173689141,3.912168298718539,0.6718170689044249,0.6840149467409022,0.07088032781160768,34.58819296792584,18.966837375942973,1.26077401638031,1.0857471227645874
00182_snr+0,0.0,-1.9153157175901334,-1.6398000872932381,0.9508362186613599,0.9462281427453447,29.149734595122364,31.836557011099153,8.864909956049775,1.774151086807251,1.6024000644683838
00183_snr+0,0.0,-0.7034747755402613,-8.415304876294247,0.7053181531791214,0.5815221675556073,4.1693070037504825,38.16848346249061,25.026329849470425,1.0382370948791504,1.0313496589660645
00184_snr+0,0.0,-0.3920070546872276,4.0711264717441935,0.699616349678876,0.7097703287900267,10.652123269981368,35.961711741725615,15.911742065195927,1.1385539770126343,1.22939133644104
00185_snr+0,0.0,-0.8534745810256543,-2.4489908782218492,0.8941407904196952,0.7197121045533621,31.627760679559955,33.625270109143415,20.647755043460148,1.3254659175872803,1.184546947479248
00186_snr+0,0.0,-0.3981302578982622,-4.375850575810322,0.8945534925601286,0.7139813099709555,7.584415354629828,29.21940263152347,28.174946844079866,1.3420753479003906,1.1330655813217163
00187_snr+0,0.0,0.06287104930277529,-3.6939418262644548,0.8359500396659907,0.725756739245067,nan,nan,29.715850105220767,1.0678802728652954,1.085170030593872
00188_snr+0,0.0,-1.2404252704420196,12.336288193472974,0.8068157866409391,0.8686208093491434,19.653913557790325,47.79119740875335,15.468747573722121,1.4702041149139404,1.0293949842453003
00189_snr+0,0.0,-0.2876723433224308,3.232267869746436,0.9426474699793134,0.8303338174646858,-2.5433468669336894,30.69180846327438,22.27012238787255,1.3642594814300537,1.5359797477722168
00190_snr+0,0.0,-1.0098608223050944,0.3579996396673449,0.8820474846483337,0.9083743285677042,31.92873764148258,38.65360885774969,13.569646054657916,1.1027755737304688,1.103055477142334
00191_snr+0,0.0,-0.8095341882979596,-0.9786297013806318,0.7251904698750656,0.5316614105336328,20.3180791698247,34.57375701609507,24.820587426725197,1.1053920984268188,1.0312132835388184
00192_snr+0,0.0,-0.3933914208024212,-2.55495741042741,0.608099050233049,0.5581693574698594,-0.5819785889639357,34.85163469394809,26.884527456266188,1.0925837755203247,1.1039661169052124
00193_snr+0,0.0,-0.9956634885849353,-2.065527359072608,0.766221758938592,0.7060771302506998,-3.965233227364773,35.84046466880847,27.656767163174795,1.0614168643951416,1.1005375385284424
00194_snr+0,0.0,-1.0360011457387268,-10.597502372076132,0.6973463266143108,0.5347660303392899,17.643936465159218,36.92772771689066,22.61496835599294,1.1016993522644043,1.0944901704788208
00195_snr+0,0.0,-1.3231344828739071,-0.3426378186973614,0.6683128745058123,0.5088926386180064,-2.7860164881766405,42.12903785968201,18.75166020971857,1.1408870220184326,1.20674467086792
00196_snr+0,0.0,-1.271903995845046,-4.418250281809357,0.8712724802620262,0.7152642345258299,34.31796423987181,38.14421815194171,23.811556461410966,1.2491896152496338,1.2535786628723145
00197_snr+0,0.0,-0.5654551318154175,-4.493137577557339,0.9758666897703513,0.8130098440492257,39.899080935083965,39.91778689874463,27.856688351224026,1.6721640825271606,1.7305232286453247
00198_snr+0,0.0,-0.44777400348658636,-6.495915749360449,0.7463131664199698,0.509678602417917,23.82434903618868,31.697608372791816,22.705889876386763,1.4595320224761963,1.0851155519485474
00199_snr+0,0.0,0.05400727145467393,-3.9176076542074973,0.7886965452214495,0.6714974131973878,2.671439106787555,35.08188053505699,28.646425556464422,1.153746247291565,1.2206473350524902
00200_snr+0,0.0,-0.48846316127679723,-4.741484669521605,0.7687989298578387,0.6991313738023708,-0.7932887982869858,30.169541724794367,27.469604450220352,1.0669960975646973,1.0641828775405884
00201_snr+0,0.0,-0.5640347025702526,-1.389534029552838,0.7443846506246031,0.5747878569236797,3.052402015293513,39.475500199395405,25.413725188960438,1.0945518016815186,1.1257843971252441
00202_snr+0,0.0,-0.44298667424721716,3.306434552346671,0.8201175167514804,0.7411430624935567,0.6723921596413364,32.20668808814516,17.803828227328545,1.2242753505706787,1.2489733695983887
00203_snr+0,0.0,-0.9054388567213516,-4.056324318826523,0.8308389074938922,0.6588565107894995,30.48721363925103,38.74955014778124,24.909437388596633,1.0720404386520386,1.0719610452651978
00204_snr+0,0.0,-0.02061439823108841,-1.5574429564917667,0.6666756400977101,0.5739356634836142,nan,nan,27.301044239480504,1.0603885650634766,1.0822606086730957
00205_snr+0,0.0,-0.22373490987665987,-2.5571378157040314,0.8096153261885612,0.6658444819965721,17.09853946459886,31.89993982315876,29.059536877052263,1.084993839263916,1.133836030960083
00206_snr+0,0.0,-0.6297503699633269,-10.924178646236484,0.8106879610807957,0.3261386643333133,25.650189564060607,32.51157293228218,18.382687156000404,1.0452511310577393,1.1179742813110352
00207_snr+0,0.0,0.05028733644094938,0.14437911321527144,0.8588670930793877,0.8282387124741797,nan,nan,19.649033811896327,1.380651831626892,1.6386990547180176
00208_snr+0,0.0,-1.1091838924839075,0.18271219553888474,0.7123829606172599,0.6333875747579438,4.752404549763956,33.20375195391254,27.609912884750415,1.087062954902649,1.1221656799316406
00209_snr+0,0.0,-0.08526530109946334,7.141432304503602,0.6631485522586011,0.5923791164582277,11.152452927170632,28.10453958576115,15.215373028699826,1.079724669456482,1.0335544347763062
00210_snr+0,0.0,-0.08242563764553915,4.384226761811482,0.9749450319520581,0.8540333622495953,nan,nan,16.69565660665527,1.5901379585266113,1.729224443435669
00211_snr+0,0.0,-1.4526428196132268,5.165753088960463,0.7716657530375968,0.8064236000836852,-1.422376261964279,30.528785615109616,11.979185758253747,1.3129918575286865,1.1210637092590332
00212_snr+0,0.0,-0.3895869908538777,-13.599463472996767,0.710977718687287,0.2791154592347134,6.0311864287198595,38.26291638650063,23.81581497290622,1.0699872970581055,1.095832109451294
00213_snr+0,0.0,-0.08539335182620339,3.7339502376978144,0.6990762534578883,0.7596363547975511,nan,nan,14.04120240800886,1.2027913331985474,1.1372121572494507
00214_snr+0,0.0,-0.09236375577179894,-2.953774682846478,0.7904728958623317,0.6325898841176842,-2.364537066747679,19.027477383157937,24.11050038177282,1.0493383407592773,1.0683833360671997
00215_snr+0,0.0,-0.9860472031643532,-2.3043953443818572,0.8520643625684279,0.7001627542631944,33.58269798465181,37.82947328112098,25.520441849803884,1.0921341180801392,1.3479503393173218
00216_snr+0,0.0,0.13079778564572458,-3.7903265882592962,0.881352706065906,0.630499226269799,nan,nan,17.25083062295939,1.083848476409912,1.3517134189605713
00217_snr+0,0.0,-0.7468307217972914,-0.7565857835059231,0.7777631006100774,0.7773396241934782,19.17697737973676,21.524386119300225,14.35610486543427,1.2733229398727417,1.4048231840133667
00218_snr+0,0.0,-0.5515980360300559,-0.7927236621500169,0.6759670866997574,0.6240204770586419,8.313736556661857,32.29230639466056,25.405105148851984,1.0704317092895508,1.0881376266479492
00219_snr+0,0.0,-0.044156633930402846,1.6652228866944148,0.8303085265707265,0.74955911065824,nan,nan,25.4575623643232,1.312995433807373,1.3511922359466553
00220_snr+0,0.0,-0.6284450929758678,-6.1829344857277,0.8408554453082429,0.654549927639379,38.02658503367275,41.08769005538541,23.173329760794026,1.1815909147262573,1.3808479309082031
00221_snr+0,0.0,-0.35729250652932376,-2.9491017117310347,0.802286608098739,0.5975369226318313,10.738042718095427,34.12248892459103,22.360820753014448,1.0413360595703125,1.0451668500900269
00222_snr+0,0.0,-0.713889531519062,2.348085169262472,0.6736309853060536,0.6047030356341064,16.348454332439047,35.677236331155335,16.317101305737072,1.0875961780548096,1.0330311059951782
00223_snr+0,0.0,-1.1473561128740204,-4.126473904854232,0.6160407424516204,0.5232456331968306,6.907913555977217,38.31207661810751,28.737832403683672,1.0810465812683105,1.036681890487671
00224_snr+0,0.0,0.005336009420235821,-0.8592817164180943,0.8292817091859482,0.7235488247912726,nan,nan,22.16809530084035,1.1743488311767578,1.3465867042541504
00225_snr+0,0.0,-0.6137550412149021,3.0431159452555008,0.9060054729601639,0.8683601899860331,16.940171880295598,32.55118099882642,10.940141570417978,1.1335980892181396,1.1941395998001099
00226_snr+0,0.0,-0.5487488751864874,-2.866982335887562,0.925919560804312,0.7897986182471367,22.84439614982034,36.481981037988724,25.17920402980808,1.0679337978363037,1.1114380359649658
00227_snr+0,0.0,-0.7747490197414831,-1.4228237712593135,0.6706402075288566,0.524632466533827,17.928620305511455,30.112123097646588,18.734722916465508,1.0690627098083496,1.1011364459991455
00228_snr+0,0.0,-1.1949631466097335,-3.6427031579649727,0.9135043141223038,0.7035467032534811,23.23269398993793,43.78361137335595,27.714803204606792,1.1112550497055054,2.0910935401916504
00229_snr+0,0.0,-0.7919968586223942,-0.19466416236305056,0.6501217127923675,0.5465858053792287,-0.543008038896836,30.090788883908722,16.69507908498535,1.1077980995178223,1.0869303941726685
00230_snr+0,0.0,-0.02273460804460174,0.6921776877389991,0.8234750300583104,0.7539377510248246,-3.787472853824465,29.338573257887806,16.79859185858493,1.1796934604644775,1.0868219137191772
00231_snr+0,0.0,-0.08109063674383865,0.33045842904918915,0.6557727222912867,0.6529612435471834,nan,nan,22.057525902209445,1.1328625679016113,1.1161860227584839
00232_snr+0,0.0,0.07145029354809435,-2.9567832852007596,0.6973916377913956,0.6547330796652807,nan,nan,30.021830846507104,1.0810314416885376,1.1460905075073242
00233_snr+0,0.0,-1.0563917031941443,-3.4334491151518627,0.9568331829681017,0.8294517978901673,1.057096167711923,16.387366060338916,13.599220100276339,1.0668569803237915,1.113990068435669
00234_snr+0,0.0,-0.008014421919785117,-0.8300912420104827,0.6701191174811558,0.5490993188431117,nan,nan,20.998450442354972,1.3473646640777588,1.2092056274414062
00235_snr+0,0.0,-0.4716278232926884,-1.5972375270262336,0.8146875846657944,0.6761553869497533,24.975403882514154,32.297995705514396,24.70340869022271,1.0823581218719482,1.1200900077819824
00236_snr+0,0.0,-0.8159687572843501,-4.032603837778936,0.6544456278718142,0.6279841320411945,0.17108422681278068,32.23258109173042,28.602765293338713,1.0981121063232422,1.1087104082107544
00237_snr+0,0.0,-0.6368883331828913,-5.447415062821072,0.7158487207272557,0.5884334255983039,20.909454217345065,33.38207013728527,27.96279629457821,1.1182270050048828,1.0837281942367554
00238_snr+0,0.0,0.9794814383062425,12.903954666033155,0.9810003656468791,0.9373971658741671,-1.6473978787507357,38.12613684346707,12.168901254678238,3.091759443283081,4.389843463897705
00239_snr+0,0.0,-0.3620423464906075,-1.6998241784367099,0.7412734567918188,0.743430064943647,-0.6606565527017143,36.072166331801185,24.798856164340364,1.0854711532592773,1.1361026763916016
00240_snr+0,0.0,-0.13323255949386342,4.736870215101381,0.9376037707299016,0.726362048863224,-4.422932111009251,0.0,18.16097026626866,1.1756367683410645,1.8928401470184326
00241_snr+0,0.0,-0.5283587575009778,-1.7875106400989558,0.7016281351506545,0.5881476504172858,-5.846100312146961,35.77756266630024,21.781428934485113,1.0631628036499023,1.039307951927185
00242_snr+0,0.0,-0.6007536588392794,-0.01200786654971183,0.7263763823209475,0.7120165533671671,1.3902243147066382,31.491137174597092,25.242884942103768,1.0706638097763062,1.069553017616272
00243_snr+0,0.0,-0.7149355628545895,-2.5235175345327265,0.8676402747057265,0.7379050593180283,6.448487531091047,41.89156327643396,28.237491922228454,1.0743783712387085,1.0646026134490967
00244_snr+0,0.0,-0.1647489001698141,-1.1151797318502166,0.7864436928884792,0.5109227314883344,20.83082512238995,31.68570218894816,18.46033498504039,1.0517265796661377,1.1361829042434692
00245_snr+0,0.0,-1.9432395091191714,3.6658161869661434,0.7755937334013937,0.6506295980985793,23.93659013552659,39.053469683248906,23.6488173498685,1.4040627479553223,1.2032067775726318
00246_snr+0,0.0,-0.8258143737310596,5.893091114810494,0.6338780226602929,0.6979721366837853,-0.8756333153676823,31.00094983103206,20.94696452797865,1.3238837718963623,1.1602665185928345
00247_snr+0,0.0,-0.8858181900606823,6.576705650078832,0.9149538248227185,0.8592771003400703,9.670052473395431,39.283588706325666,16.893513120323327,1.3235254287719727,1.171006679534912
00248_snr+0,0.0,-0.03666282173773283,-2.5266205070672325,0.8740528412265516,0.6711128134465586,nan,nan,31.34113442031432,1.0747004747390747,1.1793818473815918
00249_snr+0,0.0,-0.025816934455795415,0.1371920299823932,0.7101606439678811,0.6942382531157693,nan,nan,22.906636771279363,1.0933328866958618,1.0506391525268555
00250_snr+0,0.0,-0.44990552586675053,1.2816897032506893,0.6720022508596037,0.5880558289445206,0.3113452491542509,41.15868945216262,16.749856903410613,1.0818639993667603,1.0652496814727783
00251_snr+0,0.0,-0.600957415760318,-0.8307290787289776,0.7667085383846738,0.7553750969723237,10.798535461056405,41.074048594656254,16.86146242714254,1.1368870735168457,1.0681747198104858
00252_snr+0,0.0,-0.41805793147472264,2.278248504263924,0.7012336150467762,0.5812935633032273,9.64254547708989,33.02300482608223,20.934428278097293,1.0739670991897583,1.116300106048584
00253_snr+0,0.0,0.1423255465172425,5.674765789035216,0.8915606922616339,0.7670864463361932,nan,nan,18.78539282409965,1.181287169456482,1.191913366317749
00254_snr+0,0.0,-0.7923383024787141,8.964878652201714,0.9055268771547466,0.872564869962802,6.441864023965051,30.898831273733226,16.236937604843256,1.3939037322998047,1.3334463834762573
00255_snr+0,0.0,-0.8328886477079382,-2.3932389541471295,0.8916323209324191,0.746306310332823,11.76064445470847,26.219697906613412,26.663626477570887,1.1617087125778198,1.593042016029358
00256_snr+0,0.0,-0.006639244815522062,7.992137560210695,0.9847784553467295,0.9094134661373426,nan,nan,12.941143577717215,2.029613494873047,4.206490993499756
00257_snr+0,0.0,-0.09828408060217966,-1.8633069905946855,0.5585781696192851,0.5788225900065249,-7.716542179655366,28.135701223136206,26.445121019521647,1.1320239305496216,1.1414308547973633
00258_snr+0,0.0,-0.6252308321347335,-1.5080519756217023,0.5781793869723146,0.5722359824538064,0.28964544836749145,34.000070553947516,23.252781033524528,1.1082136631011963,1.0624700784683228
00259_snr+0,0.0,-0.2768333490743005,-3.355856336571616,0.9503957842262875,0.7743938059445971,6.636336834202172,34.27962802755734,31.03730001001611,1.128403902053833,2.7664742469787598
00260_snr+0,0.0,-1.5570901480860577,0.7466063318771938,0.9681645851223472,0.8543174635670759,11.865996214368607,41.97291490028454,11.361298583628361,1.8791886568069458,2.3705027103424072
00261_snr+0,0.0,-0.6973649764174483,1.1536235444542036,0.7383450936285868,0.7037463512609283,-2.222867786000093,33.97131016801789,21.544626130550185,1.1068546772003174,1.0719505548477173
00262_snr+0,0.0,-0.055185746992284304,-0.015102816560530224,0.8257859618562388,0.7756581904744674,-4.500160399297897,33.328317639180966,18.938382245376932,1.0827562808990479,1.0861955881118774
00263_snr+0,0.0,-1.6612514425926324,-1.2476895875466558,0.7733988012161378,0.7571761960077723,37.95161465162557,38.63672542695164,8.639858260704251,1.287602424621582,1.2623838186264038
00264_snr+0,0.0,-0.6659249636871002,2.681414119386403,0.7374621746923057,0.7473968604366661,25.272435676702436,30.212495281448355,13.256007331010764,1.158748745918274,1.1339198350906372
00265_snr+0,0.0,-0.028092342330446024,-1.8408604985011792,0.4769544186261729,0.41639727024835665,nan,nan,19.960513556505834,1.058580756187439,1.0530139207839966
00266_snr+0,0.0,-0.023621186678182502,-3.0156811230504488,0.6483251114668767,0.5146084425245449,nan,nan,16.586801671101345,1.0496602058410645,1.0663546323776245
00267_snr+0,0.0,-0.7417244764712572,-1.73779392850512,0.6622027188890626,0.5437125214255838,16.536428260097196,33.18039206635373,25.6310707088011,1.068002462387085,1.0701895952224731
00268_snr+0,0.0,-0.3116766067916777,-1.9398778388051152,0.8028308101395588,0.6995819532356502,14.572311747453817,30.03593910022458,26.080536863714347,1.0990124940872192,1.211701512336731
00269_snr+0,0.0,-1.4017179366069308,3.0502920803595606,0.6355480746251464,0.6842225524360314,23.188357211950592,45.368775277062184,16.584101481693278,1.1590890884399414,1.0856579542160034
00270_snr+0,0.0,-1.8552978426650832,3.2362035359105046,0.9360730066193564,0.9423021365415717,25.74265400016108,37.134598458797036,10.534228400629848,1.3230482339859009,1.3747210502624512
00271_snr+0,0.0,-0.6040561328159483,-4.741616714868655,0.7948037533563883,0.6691482404675073,21.225378276944017,30.195911734599118,19.488674117827802,1.0570639371871948,1.0520014762878418
00272_snr+0,0.0,-0.6549034853420849,6.22851484273248,0.9251107846032359,0.8673500495837503,-3.2346149360318655,33.53370953758824,12.330127991019177,1.6014461517333984,1.705163598060608
00273_snr+0,0.0,-0.0839099923687138,3.1200368413831363,0.6829829552705227,0.6383512000476981,27.97902226820824,34.517909367462345,16.644455263617555,1.054269790649414,1.0464012622833252
00274_snr+0,0.0,-0.3336543134869737,1.1320577179532663,0.7960257773670899,0.7248139972644962,-0.8857590163364104,32.640712440733026,20.369695052799,1.1016077995300293,1.0852818489074707
00275_snr+0,0.0,-0.9643802263009505,2.3056741750069847,0.77037509419464,0.7881234928748987,31.026921180744864,38.78125852072237,12.492665734652052,1.2315138578414917,1.1837552785873413
00276_snr+0,0.0,-0.09980768533944044,-1.0851543355839146,0.8251382850356291,0.6273944068244485,16.523573867970775,28.20595586651081,21.93713957971075,1.1627568006515503,1.3212437629699707
00277_snr+0,0.0,-0.42930225514992143,-8.42863834737978,0.7187204277492246,0.44743867677204385,35.28828057250632,39.006901986786275,23.494568102779578,1.1602963209152222,1.0817598104476929
00278_snr+0,0.0,-0.5118536895862825,-4.57064389651061,0.9208951741390001,0.695638892211155,-6.4669604941760985,32.31058005325221,24.228527592447723,1.0931212902069092,1.1049386262893677
00279_snr+0,0.0,0.04812033791285423,3.97772914533977,0.6206724897512138,0.5999689683327366,nan,nan,15.378722789258507,1.1400681734085083,1.0554656982421875
00280_snr+0,0.0,-1.1836772519272083,1.7942597587067897,0.8367114388603941,0.7479569325280154,9.955718923763943,38.55201615308098,22.95945309917362,1.0969594717025757,1.069679617881775
00281_snr+0,0.0,-0.12860752745492315,-0.26822405135415256,0.8479228971500259,0.6796152879219822,0.648284720427687,35.12736994538754,22.478053924124367,1.1107616424560547,1.1385221481323242
00282_snr+0,0.0,-0.2836213312398522,-5.9885747960840785,0.9126688935014415,0.716565999641981,31.717901408540634,31.897925433356775,26.71868046958958,1.0826148986816406,1.235124945640564
00283_snr+0,0.0,-1.269565430667474,-1.1807032574144722,0.9902051396858822,0.9763776864023971,36.58474160910905,36.96472988098248,12.719744455167232,1.906588077545166,2.5837442874908447
00284_snr+0,0.0,-0.8315096327914663,4.808465920385268,0.9879057048483182,0.8313971448417522,10.287572313429562,41.6132400446366,17.060876170090644,1.515150547027588,2.306910514831543
00285_snr+0,0.0,-0.03823439725799717,-3.436421018545108,0.5871396941472881,0.4893683479593793,-1.350329980087547,33.96188565102927,24.136482220017573,1.181609869003296,1.1242659091949463
00286_snr+0,0.0,-0.0387580975851299,7.4342986570858605,0.8277822884637713,0.8055789820268929,nan,nan,20.64675261984076,1.2760515213012695,1.1073074340820312
00287_snr+0,0.0,-0.8647614159808247,3.610508459973621,0.8349727396134077,0.7784116325582594,21.730875946065503,42.57244127930727,15.793933220586336,1.156528115272522,1.1067907810211182
00288_snr+0,0.0,-0.01904347028787749,3.4971462859957825,0.6926816834444369,0.7599591976003884,nan,nan,16.309284166953233,1.2249828577041626,1.0783406496047974
00289_snr+0,0.0,-0.5272008888272588,-3.834919580580763,0.7143720291735296,0.546151623583506,20.408605723209426,34.741460222365006,22.3379061353209,1.0460935831069946,1.0686944723129272
00290_snr+0,0.0,-0.01231496061858531,-3.0858864126581684,0.7360854955302301,0.5965153902237647,-7.091027056727379,16.866741004005494,25.1195105761977,1.0774273872375488,1.1365532875061035
00291_snr+0,0.0,-2.0737868124428975,-0.8881654916364151,0.9600517709095165,0.9437257700559061,40.28048589782248,42.33992690077859,12.449407235043143,1.1669187545776367,1.1553056240081787
00292_snr+0,0.0,-0.6428139096471674,1.9276717104707224,0.9317021132505668,0.8051860159006312,7.620148823370466,39.94087141467436,15.67424824176387,1.246941089630127,1.4115378856658936
00293_snr+0,0.0,-0.6092396735352618,-7.9569338508869905,0.8031995532002751,0.7237014761961298,23.424318371300018,30.098836782800756,29.01460725002491,1.100016474723816,1.3581876754760742
00294_snr+0,0.0,0.023581792693248803,-1.3018551762644504,0.8734793785678111,0.7698760091961235,nan,nan,29.72904986143699,1.1133235692977905,1.1017823219299316
00295_snr+0,0.0,-0.8459143730629999,-1.094204767612864,0.9526098938969906,0.8031098873807332,34.39041010302114,40.50177453973315,26.200629684960337,1.449236512184143,2.699633836746216
00296_snr+0,0.0,-0.5062999669308897,-0.2567699705567217,0.8970571646891554,0.7846250010264079,5.411713535725527,34.84198220220023,25.2794050334133,1.4797077178955078,1.0748484134674072
00297_snr+0,0.0,-0.005055747951374322,-0.5415068301281808,0.8695282665091904,0.7277636455024459,nan,nan,20.739361398527368,1.1148871183395386,1.259434461593628
00298_snr+0,0.0,-1.1325766012693408,0.4849384368350487,0.7573402362361306,0.6442272799218663,19.782944713930803,37.6449903330664,16.007548654640633,1.0621085166931152,1.044231653213501
00299_snr+0,0.0,-0.3962858505540043,-4.535529125021577,0.9278287635361809,0.7229971538530129,8.435228443403966,30.76010417470034,27.30191127346649,1.409241795539856,1.0811396837234497
00300_snr+5,5.0,4.527270956379573,2.3437905315096312,0.8198205560236125,0.7493789710905582,2.6614494535755795,39.76778676404376,23.62675304963837,1.149597406387329,1.340219497680664
00301_snr+5,5.0,4.9675475151860145,-1.168861308393255,0.8395638913555572,0.6886160205480026,nan,nan,30.292483610454287,1.1931219100952148,1.4910105466842651
00302_snr+5,5.0,4.56937903236427,1.886804616401986,0.8926936505211658,0.7191605490294385,-1.577474851172912,25.26519630868856,22.37985837631938,1.1021264791488647,1.1469361782073975
00303_snr+5,5.0,4.075194172741695,-3.165124279176662,0.7885658068946084,0.6297136981104465,12.315814645418872,30.567845876650228,23.754129926802715,1.8260397911071777,1.1242488622665405
00304_snr+5,5.0,4.187773400558903,9.482930288246495,0.774749378919368,0.8924344731461318,10.249634837156002,23.9582540923005,11.66029891600243,1.549161434173584,1.1297231912612915
00305_snr+5,5.0,5.117236100466221,9.680957428359353,0.7696223204285064,0.7805173819018211,nan,nan,16.15287981668671,1.3733630180358887,1.1223394870758057
00306_snr+5,5.0,4.2990754947420555,-8.317842094610846,0.8473804727197163,0.5475968248173222,32.478088230361436,34.49812239171787,16.79401833942085,1.0549507141113281,1.1134004592895508
00307_snr+5,5.0,4.273001777234674,-1.7439647522256616,0.961337337693465,0.812589320095439,22.2474147245506,26.72401743059316,26.052602799488028,1.1166737079620361,1.3524634838104248
00308_snr+5,5.0,3.690799079437028,0.8760105933786986,0.766625731220061,0.6744988310238491,-3.8873444590623563,32.763253840426756,22.712453388863363,1.1748692989349365,1.1411058902740479
00309_snr+5,5.0,4.207814857257145,-1.885540800545333,0.7695952133184374,0.6388958484453714,19.190314611300174,29.741463262110535,24.83956390684433,1.0829944610595703,1.1460546255111694
00310_snr+5,5.0,4.491484177614956,7.286902285399456,0.96036455832889,0.8014331209352391,21.74730502875765,30.68304109218831,15.418364349574473,1.3200652599334717,2.005502700805664
00311_snr+5,5.0,2.4678452950728635,2.336816135956691,0.9870186960633793,0.9693528132692553,33.01493715021026,33.31713902008686,8.637064502750576,2.5989556312561035,3.15952467918396
00312_snr+5,5.0,3.9376947212414897,0.5764126838467041,0.9152125647331584,0.7902844440282604,30.144026453118478,31.44055844690396,22.24457646902988,1.1629751920700073,1.2925390005111694
00313_snr+5,5.0,4.492358794889283,8.063929027619247,0.9260048140378463,0.8576947758666338,5.527118248289812,34.757699713269645,16.135767518075905,1.3615484237670898,1.2944509983062744
00314_snr+5,5.0,3.3351933247681416,-2.2168396440707374,0.856689130775482,0.6300809522008246,24.11818645069008,39.82679772824035,28.915991758155183,1.1571427583694458,1.3730016946792603
00315_snr+5,5.0,4.833222054523308,-1.6808113777108922,0.8632012745766338,0.7932791859105263,0.2276125976200561,28.747659037728702,30.001970218501796,1.1206125020980835,1.3459655046463013
00316_snr+5,5.0,4.688220714669262,-1.8488561526371718,0.8598078103645403,0.7297165805731637,0.3122876145567627,25.414892747041456,25.99439974782486,3.0185766220092773,1.1464855670928955
00317_snr+5,5.0,4.296866388032888,-0.2710126126636411,0.8921104125416488,0.6562559856095208,26.391550338090404,35.821367075121564,24.819070318389507,1.868112325668335,1.1494566202163696
00318_snr+5,5.0,4.9913858240364615,4.701250350009016,0.8493331348612794,0.7694623200269679,nan,nan,12.601867026649142,1.2511934041976929,1.2706493139266968
00319_snr+5,5.0,94.79458069197656,32.429126689163766,0.9999999999999999,0.9988536989263931,-7.01157401857309,0.0,6.935903227807003,4.369732856750488,4.643888473510742
00320_snr+5,5.0,4.046174485420004,-5.558137491280948,0.7834308286828635,0.5986749104048571,6.339423945162923,27.84118518843451,26.951967279796932,1.0619065761566162,1.0583972930908203
00321_snr+5,5.0,3.9064926076670794,4.326958893028532,0.854400483858957,0.8701918374975128,18.754139539707857,24.680196051959506,15.808411621078445,1.1262580156326294,1.0996595621109009
00322_snr+5,5.0,4.9778416823548035,9.99759786181809,0.8464771645992207,0.879869244491435,nan,nan,15.730113713466649,1.8443748950958252,1.806257963180542
00323_snr+5,5.0,4.15677914858114,5.266020235507494,0.8852314453811584,0.8558119598775586,21.08454627065408,24.93889521141149,19.026414714421442,1.3126429319381714,1.4494919776916504
00324_snr+5,5.0,4.566352307151985,-6.439386192566051,0.9091891523863418,0.702529307777203,12.783769734493918,37.50918258932494,29.920087686038563,1.0561532974243164,1.3544813394546509
00325_snr+5,5.0,4.743511887055912,9.662857806264661,0.8820059435753529,0.864478479568924,0.5232903420072633,27.388756786682443,15.24272645883027,1.399442434310913,1.290342092514038
00326_snr+5,5.0,3.809357639470994,4.264918378515875,0.8426218307274908,0.7577345616612038,2.06004472927673,29.397266091788815,25.402381033169934,1.1523116827011108,1.1186069250106812
00327_snr+5,5.0,4.9937981289936255,4.475697130488715,0.9790298374382168,0.8090292661532263,nan,nan,27.08113644726601,1.2335467338562012,2.5676498413085938
00328_snr+5,5.0,4.123704296632498,14.415052636995643,0.8947700230056471,0.9055121115510089,4.8921835635970865,24.17068365358781,14.456167930754074,1.8362618684768677,1.3445484638214111
00329_snr+5,5.0,2.7684915035510183,17.996999886872217,0.9458207927913687,0.9509024235432535,-2.474536501696863,41.44798012844616,10.491595079655974,2.4683029651641846,1.374219536781311
00330_snr+5,5.0,4.088620409477933,0.3449868528348929,0.9073369747230727,0.7654245330073743,-4.24448908191052,28.47052248425825,26.464507969106013,1.1402020454406738,1.185542345046997
00331_snr+5,5.0,4.966980008753488,5.179801179811405,0.9354438585677538,0.792205814391962,nan,nan,20.407716223121074,1.2759191989898682,1.5635275840759277
00332_snr+5,5.0,3.9646237736666263,4.390717874169297,0.7413167947814729,0.7519431737827816,30.36872931945441,31.629919060749707,12.193448663190914,1.1593483686447144,1.1832685470581055
00333_snr+5,5.0,4.6328914660725955,4.7610197827310365,0.8398784988854605,0.798123888209199,-12.261451142716622,29.0204149813415,18.86778473407326,1.2780799865722656,1.2018380165100098
00334_snr+5,5.0,4.353678627700603,8.267911054366818,0.898419663075722,0.9192420681903121,0.8661510594845035,15.400281574787032,11.288183727272562,1.879807949066162,1.6704597473144531
00335_snr+5,5.0,3.3455833711480762,5.922942499365892,0.8789541076084926,0.8875979852059976,22.240861672454578,23.770335936623827,12.610775562932464,1.249395728111267,1.2907373905181885
00336_snr+5,5.0,4.894880079055649,5.323373893263748,0.8132621168958148,0.7695299896187607,5.944116392807526,37.69391959066994,20.730643963938423,1.1937453746795654,1.2370154857635498
00337_snr+5,5.0,3.85949179836604,27.88267267393532,0.9999999999999998,0.9789557392641602,17.75589548482626,47.29327219886598,9.057087134418856,3.60591459274292,4.459099769592285
00338_snr+5,5.0,4.2233836341496325,3.183130077352981,0.9726975238459439,0.6604701505461341,6.014137614058263,36.20200429964372,14.80320133919936,1.2753148078918457,2.4370288848876953
00339_snr+5,5.0,4.958576482653298,-1.8432961756775659,0.8666701419130783,0.7137794019975886,nan,nan,27.308694150626263,1.102986216545105,1.3712109327316284
00340_snr+5,5.0,3.866443284261549,1.6781077597126224,0.9094442679988187,0.70874923101044,18.757054081618495,30.626628294735795,20.141629165919063,1.1520743370056152,1.16038179397583
00341_snr+5,5.0,4.285342802063884,-6.7579818161651755,0.8342665232882629,0.6647804822831372,1.4771232279783746,32.369272901929605,26.49004549990937,1.0581122636795044,1.101777195930481
00342_snr+5,5.0,4.952376257321344,8.140758622430852,0.8734518345673891,0.8363814186267089,nan,nan,15.792014227658257,1.4751592874526978,1.5145412683486938
00343_snr+5,5.0,4.666923318926951,3.7248271163657676,0.8399821823522517,0.6806574946575094,-0.9308924035197887,30.697921318588627,17.977640451613595,1.1909009218215942,1.2971737384796143
00344_snr+5,5.0,4.724639062071428,-2.241703703770225,0.9195230678103756,0.6909800659025102,-11.889859182656267,11.315916109894744,26.096936470126572,1.1356133222579956,1.8442649841308594
00345_snr+5,5.0,4.465875068473971,-0.933326356756357,0.8114057963055558,0.6648866272017414,8.328693404398585,30.631944503345274,25.813689215914312,1.100231647491455,1.3238279819488525
00346_snr+5,5.0,4.121689159932739,-5.399030443412248,0.7666145546265751,0.6403640117103405,19.909993528560335,31.25755245925849,27.542332405651074,3.258742332458496,1.1132174730300903
00347_snr+5,5.0,4.942884972949168,4.5279079470492745,0.8226204356653363,0.840963023263834,nan,nan,18.103042060653912,1.3790817260742188,1.264631986618042
00348_snr+5,5.0,4.284203489503321,-3.4674007568574523,0.858191428220208,0.7453025938217628,-0.29567978179774057,33.76022878547446,30.8554273748238,1.0669504404067993,1.1155978441238403
00349_snr+5,5.0,4.047802684563619,9.850464249171239,0.7849293920276426,0.8451491367822033,-5.138116121143401,30.402762219503693,14.156008730554051,1.5554726123809814,1.1352407932281494
00350_snr+5,5.0,4.168647534453909,4.73649627532107,0.9142405221881746,0.8351084879899054,21.232762629628148,31.79220313038647,18.127100577391403,1.2460428476333618,1.2445166110992432
00351_snr+5,5.0,4.335773732675357,0.565476827579761,0.9201265121304558,0.7609880013780802,24.258259339010834,29.770903935896055,23.882750600327352,1.394659399986267,1.3984589576721191
00352_snr+5,5.0,105.42834363742597,27.825454805410324,1.0,0.9927787845414034,-6.489061836697008,0.0,9.273297899258985,4.072984218597412,4.643888473510742
00353_snr+5,5.0,4.4448184967893996,2.230335810404378,0.9280451144992349,0.7958463913185997,5.96315591947623,33.93323333398634,24.168360525053455,1.204820990562439,2.6437840461730957
00354_snr+5,5.0,3.4303268587843454,10.316859790095805,0.7241542410142354,0.7717107844420031,-0.5667025293224232,32.628577614565536,12.08402540728642,1.5945500135421753,1.136998176574707
00355_snr+5,5.0,5.00788083341004,-0.7663375221108802,0.689192358068274,0.5985856878409043,nan,nan,23.492577922375993,1.1041851043701172,1.0991884469985962
00356_snr+5,5.0,4.70863066399062,2.9600405448989227,0.9722373370135763,0.8514830347966225,4.91040319623126,7.7873191884450605,19.835578182205797,1.3322787284851074,2.0599052906036377
00357_snr+5,5.0,4.900801729643842,0.9571613844150851,0.6985305164885246,0.6823507822093391,nan,nan,14.080043175545455,1.2289286851882935,1.1150010824203491
00358_snr+5,5.0,3.959741417493702,1.2927783473423768,0.7804699965258305,0.6840317714225355,-2.2668876267388685,30.782046129187115,26.818267204042726,1.2325063943862915,1.2763409614562988
00359_snr+5,5.0,4.3782130267644,3.8417593365079563,0.8541424844469939,0.7610974535259545,-4.627384619402869,18.337613331357858,16.379233244024014,1.3530248403549194,1.2425428628921509
00360_snr+5,5.0,4.178212322092118,4.496612060970691,0.7422082197996677,0.6551200308606112,13.995546371636165,33.956273090488345,21.375507560372288,1.1066614389419556,1.085881233215332
00361_snr+5,5.0,3.6605125701700825,6.57643999781037,0.847635519471616,0.8894760900084939,0.023458438849919896,23.014072924158206,11.611821416950038,1.9598451852798462,1.402706503868103
00362_snr+5,5.0,4.062704182157986,6.204991646973031,0.8246721778799984,0.8032600905403029,0.38117300867024007,26.566380013836707,10.899016163857798,1.3703938722610474,1.1578245162963867
00363_snr+5,5.0,4.197664406567231,4.947852119743114,0.9024252747320429,0.8465398330701956,-5.0545975692661935,26.716204192393626,20.51849517958368,1.2962698936462402,1.317917823791504
00364_snr+5,5.0,3.5746442383055994,4.515641016906947,0.9594667014220845,0.8484918360636818,36.773344932521844,38.02669838932943,16.619881160701276,1.5808002948760986,2.296980619430542
00365_snr+5,5.0,4.891928923291223,1.8150837387710204,0.8301251228673556,0.7921950765604675,nan,nan,23.6476693951429,1.1403367519378662,1.214475154876709
00366_snr+5,5.0,4.97048784802055,4.601504825251998,0.8349116098682127,0.7291279067958804,-7.465209049958129,24.66620919880308,18.595013340500792,1.21771240234375,1.3369532823562622
00367_snr+5,5.0,4.938162514824948,-3.174576823178312,0.7600039043206205,0.6443031097958374,4.85179601430528,28.255049674587337,31.029231799786384,1.0556349754333496,1.1342337131500244
00368_snr+5,5.0,4.081937686169584,-2.284359411949103,0.8230613156220349,0.7261123410996358,-3.9071218738439635,23.989440184798546,30.04117752996087,1.1442292928695679,1.349705696105957
00369_snr+5,5.0,4.93103633925047,3.816934322629934,0.9158272088182933,0.7756555332409454,nan,nan,15.110921390267682,1.19218909740448,1.1132028102874756
00370_snr+5,5.0,4.393613473878695,9.105974657322452,0.9485590018862735,0.9281429860580382,-1.0697124650675112,25.548804089079677,13.650661879178976,1.5805248022079468,1.5101268291473389
00371_snr+5,5.0,4.396815323916378,2.690645387230086,0.8828264726874301,0.7844617906329784,34.50560914360875,35.817794115939485,10.165564936343921,1.23172128200531,1.5093498229980469
00372_snr+5,5.0,3.9257500032265065,-5.282881302324283,0.7925908114802162,0.6224911805063962,23.945350170914253,32.58255126446036,29.098609154366148,1.0499399900436401,1.142963171005249
00373_snr+5,5.0,4.201130600565824,-6.789836149796621,0.9123526448484623,0.7360100503688229,-0.8629646859776532,27.57882225390145,30.41243363669526,2.410959482192993,1.1864817142486572
00374_snr+5,5.0,4.374952799742997,9.392235609466015,0.7938080271701927,0.8405510924544253,-0.18021331036169808,36.792436094336736,13.932964357424263,1.458178997039795,1.0471514463424683
00375_snr+5,5.0,4.987737932294469,5.551163227110848,0.8592571374692125,0.8001498428267751,nan,nan,17.94988570650465,1.1272183656692505,1.2007970809936523
00376_snr+5,5.0,4.972946728828753,9.667765325022721,0.6818965672528621,0.7297077662537362,nan,nan,16.28077193798966,1.5870599746704102,1.2379101514816284
00377_snr+5,5.0,4.741229183794199,-1.7218784042459712,0.7794659935782634,0.7091423951445682,5.332109532386768,31.435096267168294,29.930872336751943,1.0821762084960938,1.201371669769287
00378_snr+5,5.0,4.547854549915169,-3.7894105363246933,0.7821072342622809,0.6816007419933278,-4.427615353390765,28.70848302801079,25.09826229165255,1.06959068775177,1.0652669668197632
00379_snr+5,5.0,3.6873373141420913,4.324646901565391,0.8448154719048175,0.7915303613830552,2.148221062020918,27.446264377045463,18.001950925099468,1.2334778308868408,1.2251495122909546
00380_snr+5,5.0,2.5565893889665157,7.088492273767288,0.8886618569270646,0.9032219685789008,38.2243443043278,45.701355281948615,11.074819118208667,1.3935755491256714,1.200056552886963
00381_snr+5,5.0,4.304408471048115,2.848904496527718,0.9652223806712625,0.907216481519866,3.2930303188782553,13.536310927374796,12.284801716786731,1.4270086288452148,1.6252460479736328
00382_snr+5,5.0,4.905670038921059,-1.0223713732343684,0.8241528854555977,0.7067165496697823,10.924827098166606,30.575818024574115,28.042767771929224,1.2591633796691895,2.095649003982544
00383_snr+5,5.0,4.9728369765249845,-0.22109296303674836,0.7747700335321749,0.6791309954769195,nan,nan,26.304663755123574,1.1681067943572998,1.3683749437332153
00384_snr+5,5.0,4.226768101031402,-0.9746069375456267,0.9413709464949328,0.7608824030486925,18.974810143697617,24.838374395880173,25.946741134081783,1.1204938888549805,1.7470543384552002
00385_snr+5,5.0,3.9186207877749912,-3.6961064463027964,0.9259685232872293,0.7808233172511763,11.035330975614318,40.2180586729153,26.662252992452483,1.1146831512451172,1.4292820692062378
00386_snr+5,5.0,3.9750505117101875,12.135962665344696,0.9300663484056946,0.8718830076400074,5.985626328890823,28.61089711129104,16.097214156333997,1.5355298519134521,1.388759732246399
00387_snr+5,5.0,4.4648343070077665,4.404304492523125,0.8577940426765119,0.786464264787239,-3.247831686468044,25.25545102319469,23.11300450225517,1.2190165519714355,1.338247299194336
00388_snr+5,5.0,4.965379529333892,2.406067442183128,0.9026591259976356,0.8548436700791782,nan,nan,22.2148246846353,1.3527766466140747,2.8293354511260986
00389_snr+5,5.0,4.368017232941141,-3.1200317472931607,0.7245428104577427,0.5597046934470156,26.292407020385298,30.1659019691788,26.21260409981663,1.1632684469223022,1.1897952556610107
00390_snr+5,5.0,4.91834749054373,-2.4397330323580815,0.8898018232385174,0.7542091983137684,nan,nan,30.1740416030691,1.1717857122421265,1.9727349281311035
00391_snr+5,5.0,4.651318167834113,-1.7435731166231936,0.9519128773122166,0.7457666484835693,7.226257635689491,31.359352726763742,25.500582391589063,1.0798025131225586,1.2498173713684082
00392_snr+5,5.0,4.432448593222849,5.989129952844645,0.9226562794859198,0.8169197142370062,5.974635856226231,25.2016442265292,21.279275516196513,1.3351513147354126,1.5997684001922607
00393_snr+5,5.0,4.953394541558469,7.557914416962288,0.8461774861034975,0.8333254405706512,nan,nan,15.001264889415289,1.602306604385376,1.4152326583862305
00394_snr+5,5.0,4.3817822981369385,7.095752772727661,0.821526226653522,0.8578696251980765,1.9328595683058556,35.822738622583344,14.80771052246638,1.5445195436477661,1.3275811672210693
00395_snr+5,5.0,4.708795510723804,6.057586693825777,0.9953154163378103,0.8678110133543532,-3.7294629525447807,36.00688987364836,13.314235054130485,1.324798583984375,1.2330117225646973
00396_snr+5,5.0,4.632599567160331,1.9082830293569568,0.8779709673355176,0.724595112395694,10.344535683696686,34.62814837693521,20.142758521907854,1.1135607957839966,1.1357532739639282
00397_snr+5,5.0,3.993554357818482,3.5193323537347347,0.8665197792558076,0.7434811781205495,14.35892491976613,30.427706475238743,22.685668724282618,1.2029165029525757,1.1781278848648071
00398_snr+5,5.0,4.3413513089357005,3.1245537198346742,0.909772003719319,0.7655073453433591,7.554385229350964,28.02005142349257,27.063154583342335,1.1829404830932617,1.449570655822754
00399_snr+5,5.0,4.869314649691951,3.80916019170129,0.7893557588208787,0.5641116317213846,4.31078213016802,25.19307518204954,17.6213130585652,1.1020169258117676,1.089097499847412
00400_snr+5,5.0,4.76704670560471,-1.4542275736481112,0.8720236475875047,0.7664869689583576,1.5542711590093028,33.13932360830963,26.63016956042557,1.1008273363113403,1.2761708498001099
00401_snr+5,5.0,4.163806534238082,3.9814942999282685,0.957568708560762,0.8118568384726719,-0.30671092227833874,27.24523797974949,22.259177085905677,1.9460234642028809,1.42403244972229
00402_snr+5,5.0,4.960802965713143,6.195393722911319,0.8454957639793768,0.7569089267789448,nan,nan,16.241157284860872,1.1761837005615234,1.1543805599212646
00403_snr+5,5.0,3.8863153574769385,-0.6897558580513462,0.9208536483836569,0.6901395057150637,14.325171137061538,36.49689006818565,29.926750758581885,1.1143876314163208,1.4908157587051392
00404_snr+5,5.0,3.399463848128189,-1.9551343730980242,0.8818126744394809,0.6554039489441809,45.576097608185165,47.29157136762951,19.715632631426555,1.038888692855835,1.3170756101608276
00405_snr+5,5.0,2.348527904436862,2.786117655716931,0.743683756449696,0.7352274267719633,35.77525476115861,37.010532120357894,12.60673160406331,1.1450053453445435,1.1814085245132446
00406_snr+5,5.0,3.64439924585467,0.7605915898552557,0.9501214422908538,0.7834418973194407,1.9829177292305156,11.617167763882325,23.344608256104173,1.232107162475586,2.231022357940674
00407_snr+5,5.0,3.875889623715862,6.997388732507265,0.9755761458680381,0.970265126242419,35.95203072479123,42.456420379951005,7.110685866177529,2.943340539932251,1.6190998554229736
00408_snr+5,5.0,5.016052156831416,3.242845170519085,0.7561350745841251,0.7242564378808329,nan,nan,21.71595837766638,1.2590012550354004,1.126604676246643
00409_snr+5,5.0,4.449226942970426,3.0339054135414982,0.8543888063575145,0.7772354650868949,8.570122423235816,32.13487256341833,20.517718559218967,1.2283873558044434,1.2449636459350586
00410_snr+5,5.0,4.998525547987275,4.248891568847369,0.806691272803688,0.6999928652552152,-7.584883664405641,13.146128861287355,22.50619643353836,1.4802472591400146,1.5602498054504395
00411_snr+5,5.0,3.989411680242715,5.011576803045781,0.8892251415874962,0.8780428737173818,-10.307834770634582,9.300564839112294,14.135546124471764,1.36122465133667,1.2523510456085205
00412_snr+5,5.0,3.8583370076651247,-0.3685056470803393,0.840309296571683,0.7466032317374869,20.91556535036697,32.43311904313419,23.81368723027097,1.1177829504013062,1.332434058189392
00413_snr+5,5.0,1.4177449142965157,7.025665989325778,0.9935942407655304,0.8294459018955956,14.09163438308604,37.46632847239423,8.366629664547627,1.8322068452835083,1.6116597652435303
00414_snr+5,5.0,4.506496119708013,3.8964011538378807,0.9240782834216849,0.7772075285026119,-5.581191169990095,0.0,16.28936956880305,1.2677820920944214,1.725995421409607
00415_snr+5,5.0,2.174171118144394,0.01749191688398371,0.965337482758833,0.7614413127289833,25.11970234939742,32.75289692372363,18.130312535465944,1.2849767208099365,1.66790771484375
00416_snr+5,5.0,4.891743972464971,5.846844232588482,0.8569571861641642,0.7795973875612706,4.941283955781247,23.695232685511407,17.031556876661345,1.357698678970337,1.3623958826065063
00417_snr+5,5.0,4.906078778072338,9.687862516407233,0.8325377471877409,0.8790167928502247,6.3353616200748615,23.421691462662004,16.196960628413166,1.8939192295074463,1.6243317127227783
00418_snr+5,5.0,4.215272358439314,-5.009846762971285,0.8505992489121412,0.7197194675949771,10.755752374429886,26.17358211017972,27.324719034895477,1.1022765636444092,1.162890911102295
00419_snr+5,5.0,4.650312102429197,-1.179691496737084,0.9243662468982095,0.7515397659787317,6.897771535591525,20.307559003691722,25.99422871617853,1.0977394580841064,1.4355289936065674
00420_snr+5,5.0,4.702927623558331,6.030852926746465,0.8417034877961669,0.7627364515130238,nan,nan,16.10537170882838,1.28203284740448,1.1778885126113892
00421_snr+5,5.0,4.637432952782774,-8.356363204448584,0.8073016356454297,0.6377133767889794,16.826892792786943,29.390440116481614,32.92046139923165,1.0515764951705933,1.1464897394180298
00422_snr+5,5.0,5.035951333783118,-2.740468350908871,0.7813801670474549,0.7359969506005605,nan,nan,26.58435810712962,1.1338162422180176,1.1385507583618164
00423_snr+5,5.0,4.99586295732618,6.057885934300499,0.6701953137330503,0.6663336476609549,nan,nan,19.747576767113156,1.17186439037323,1.2073025703430176
00424_snr+5,5.0,4.968927353039288,-0.17912489558039843,0.7852367780431994,0.716624053755233,nan,nan,26.595211589320247,1.1203240156173706,1.1667611598968506
00425_snr+5,5.0,4.644047471982668,4.469727070784141,0.8157186500546644,0.7226133966594962,20.45349930176772,27.25259036044664,13.630244429446796,1.2323919534683228,1.3480312824249268
00426_snr+5,5.0,4.386258163766241,11.055699618846743,0.8988006240127081,0.9250144659542068,-6.83689257648625,29.401780053234386,12.138170469020718,1.5718224048614502,1.373810052871704
00427_snr+5,5.0,4.11459034711019,3.5919456317051806,0.8866306244067228,0.7864926211639743,30.643989921924934,34.085078475051354,18.9943404406189,1.2778006792068481,1.5002961158752441
00428_snr+5,5.0,3.463240730171811,23.463830694163825,0.9999980917045075,0.9894431953159051,1.2494984143148304,34.26337238396344,9.726841982393426,3.2369492053985596,4.031921863555908
00429_snr+5,5.0,4.394871184964683,-0.8214291495116454,0.906901520912873,0.7690534629876983,25.503835600828598,31.32608297840877,25.132068393912878,1.3757401704788208,1.523118019104004
00430_snr+5,5.0,3.8398984713025053,-3.868090408840122,0.7051556391247144,0.5260654750756196,18.45718568069904,30.735793237571425,27.028237713258378,1.0700161457061768,1.1441993713378906
00431_snr+5,5.0,2.967851223761346,10.599942172330364,0.7895038794958252,0.8586618402653952,11.758520733665245,30.79978935235364,10.743275420676229,1.993621587753296,1.1751494407653809
00432_snr+5,5.0,4.276586163454761,-5.304028900777937,0.8356075590678043,0.6753487889531136,31.922184449581835,35.22454978568034,25.121995114383868,1.0509331226348877,1.061929702758789
00433_snr+5,5.0,4.429833684303587,2.8706128100571515,0.8622213430997615,0.6828508916530558,-7.661007349372978,14.576609052348864,22.969363966909103,1.1045747995376587,1.169997215270996
00434_snr+5,5.0,4.556803561675096,4.459946501782802,0.9189091875872576,0.8472004074150034,21.014780451488704,33.05979356437238,19.691299482532145,1.2878127098083496,1.2993677854537964
00435_snr+5,5.0,4.303558832906696,-0.37066756049402905,0.7869664367005879,0.6065722314433392,29.37276272620113,34.28759640679209,23.739515366989032,2.682636260986328,1.0645312070846558
00436_snr+5,5.0,3.828348402641745,6.7799431794253575,0.8428658961054452,0.877656748699148,4.367354356538772,29.39502457129231,16.055671070367247,1.3622065782546997,1.1094564199447632
00437_snr+5,5.0,4.26939965715558,6.800365468101468,0.8701580120884366,0.8453919943691766,6.0926059106219865,28.98676801038413,13.287343774067157,1.2154325246810913,1.1774320602416992
00438_snr+5,5.0,3.3000418884008074,0.2828093988167105,0.878211233753726,0.7176461342896667,34.13587338425831,36.81389509384711,24.190799355634073,1.1156728267669678,1.1923227310180664
00439_snr+5,5.0,4.238041245576411,0.060634502473044485,0.8945730127200554,0.7733964611733538,-7.345956075138823,32.89280058349581,24.56268039281558,1.1495152711868286,1.2417733669281006
00440_snr+5,5.0,4.651863878680143,-1.3607881791390495,0.7682286267479803,0.69263067051009,16.70195629570626,31.0708311741992,24.519618714775756,1.066443681716919,1.0762228965759277
00441_snr+5,5.0,3.653401258722572,9.079940275511802,0.807187948548325,0.8281353263567273,35.434782847430895,42.085562389082796,15.56596540296098,1.152099609375,1.111005187034607
00442_snr+5,5.0,3.748731480511954,-1.641279368052945,0.8965011272459894,0.7164974625999747,28.662153212794642,37.263613312588916,26.62063710361446,1.302007794380188,1.22370445728302
00443_snr+5,5.0,4.601082301144893,1.9767594339559402,0.8732277597765895,0.6356030500748573,12.795385456282117,27.0393486376741,24.50100692770209,1.0935592651367188,1.3083324432373047
00444_snr+5,5.0,4.004812383094948,2.8623903119891447,0.9790739062508841,0.8093951574763377,28.757964812007565,36.49619738250739,20.88364010357781,1.2891111373901367,1.8523027896881104
00445_snr+5,5.0,4.5975396548773535,1.9667247137764765,0.7915685732279713,0.7378373800039615,-1.50171445403877,29.14281989164184,23.325923085178218,1.1356658935546875,1.0498054027557373
00446_snr+5,5.0,4.99530356726951,7.0001889165705045,0.9184786205807042,0.9070285701348523,nan,nan,11.194702742038789,1.3842002153396606,1.414750576019287
00447_snr+5,5.0,4.924536609121526,-0.5890312825768047,0.8868639457203986,0.7422152085087306,nan,nan,24.590010159912982,1.1637603044509888,1.7590785026550293
00448_snr+5,5.0,3.8516377810720845,9.424534462466944,0.8128107379984523,0.8555190098297456,nan,nan,12.677587909212338,1.7194783687591553,1.281224012374878
00449_snr+5,5.0,4.962322365053933,-2.7151414378832257,0.8595698710108208,0.662768337667213,nan,nan,25.769507058508296,1.0687427520751953,1.1763193607330322
00450_snr+10,10.0,9.573183864488513,10.39751410475563,0.941155404753631,0.8708158237793466,0.7886214129610498,23.007611068498708,12.978722365055813,1.642506718635559,1.6003953218460083
00451_snr+10,10.0,8.550186470018511,9.29412240532381,0.9163873780176125,0.9297645747058354,24.337376253094778,26.157987488306414,13.365154416348584,1.6839556694030762,1.9606893062591553
00452_snr+10,10.0,9.865964414188594,11.79001639346116,0.8820684750136522,0.8682760231407712,36.97122807716847,69.51801935961798,14.862084913621654,1.4698460102081299,1.175206184387207
00453_snr+10,10.0,9.043759382571325,1.4149544906708122,0.8928097535404934,0.7175990900600454,-9.868357753840153,21.48887527766396,26.090328498825127,1.186219573020935,1.587568759918213
00454_snr+10,10.0,9.276620644470842,13.565668477024959,0.7727493207602075,0.8565422021936555,-5.677278096126315,23.99611086758689,12.36214515695833,2.125519037246704,1.2842000722885132
00455_snr+10,10.0,9.534852135763721,2.8240433090797374,0.9368080464989889,0.8472516044035618,7.190846104190021,34.37661083094558,26.609595640260768,1.2345218658447266,1.932192087173462
00456_snr+10,10.0,9.097769165827495,2.4090326916839198,0.8875378118452566,0.7927746809228472,14.165102972186116,26.784181037508624,26.02782749600778,1.2225849628448486,1.7810062170028687
00457_snr+10,10.0,8.509449466465298,14.465719998494004,0.9294637219552859,0.923624575540963,11.755341725790595,31.03968147566748,13.93994622693928,1.4281866550445557,1.2259141206741333
00458_snr+10,10.0,9.641827014645273,10.911180639498358,0.9516787402379413,0.9506089824313442,12.389828977271334,13.911698417123988,7.868735786249196,1.5069990158081055,2.008042812347412
00459_snr+10,10.0,9.68123215976059,0.9706336415225659,0.9984469965180931,0.8300169422884641,5.307534426699486,25.483816661069344,25.847201204942046,1.1691460609436035,2.2048065662384033
00460_snr+10,10.0,9.973895754945708,-2.41996326473431,0.864863918042721,0.6784161575954545,-2.6422928630085414,8.728026748453178,28.054852593942464,1.368077039718628,1.4110264778137207
00461_snr+10,10.0,9.981850279405776,3.380002097108406,0.852359570174184,0.7885417185535086,nan,nan,17.52808631476086,1.3010379076004028,1.5812325477600098
00462_snr+10,10.0,9.384535897313267,4.536940378720824,0.9278976190002078,0.7665608538530745,-3.8289559512737013,21.011713969273856,27.755775850885126,1.203891396522522,1.7426031827926636
00463_snr+10,10.0,8.627063222905882,8.729861329538998,0.8745079591355355,0.873380991654215,23.828349684981394,24.07794565843059,11.631162310230643,1.2626709938049316,1.299443006515503
00464_snr+10,10.0,9.229687159832064,3.194321532192424,0.8743000584219576,0.7376293779533682,11.192246674969944,22.998230261562966,28.44575146745342,1.1484265327453613,1.3050003051757812
00465_snr+10,10.0,8.105777786100738,9.13230318875398,0.86772483270991,0.8582380180608987,13.219229070675382,25.841381346841622,16.525268689817054,1.1958056688308716,1.6772582530975342
00466_snr+10,10.0,8.670514034566818,3.779327263168452,0.8860070433560178,0.7267732692409442,22.21665462805097,25.736282226179515,20.057872621023858,1.2248773574829102,1.3198901414871216
00467_snr+10,10.0,9.77735886878882,10.493191029672847,0.933794666719856,0.8316597869110128,-1.031463762951718,25.210605939392956,19.73078747903268,1.5258970260620117,1.9929215908050537
00468_snr+10,10.0,8.869654634126054,5.344080866079517,0.9343924502967276,0.8478490813185631,8.742687080137255,26.119870236738123,12.954212339805986,1.4189506769180298,1.5143439769744873
00469_snr+10,10.0,9.98293719217655,-2.358129122906189,0.8944461520197757,0.7641745487403007,nan,nan,29.943120996814386,1.0885124206542969,1.3105950355529785
00470_snr+10,10.0,9.475390394339362,-1.194165829635641,0.8999635563862121,0.7648813233634366,-0.8833291655647131,22.595823492428227,26.591553688623563,1.2128733396530151,1.3688229322433472
00471_snr+10,10.0,9.417412094235027,5.116165898433113,0.9366238461513329,0.815458030689465,-2.053320019395163,20.161510990933937,21.641948497875195,1.2176978588104248,1.6421723365783691
00472_snr+10,10.0,8.285087998382748,14.47704331113901,0.9157470944291967,0.9336808551171205,3.2483297960502178,25.594941662577458,11.102872577129268,2.1830334663391113,1.1185121536254883
00473_snr+10,10.0,9.289494489461521,1.152513751440938,0.8955169636356999,0.6758705882105058,8.735005618240585,24.545593340297344,24.443420026392534,1.0862547159194946,1.2108047008514404
00474_snr+10,10.0,9.030241614016148,3.746622520083958,0.9675306174909238,0.7888296093259135,5.183389882318754,27.57671063126299,17.68723146098429,1.1809443235397339,1.508773922920227
00475_snr+10,10.0,9.778315126402283,-1.205144260862438,0.8745052053594612,0.7438357880839245,-1.1011832410536255,22.677048884472136,29.65470699836009,1.1108704805374146,1.2233786582946777
00476_snr+10,10.0,9.81394272846494,5.124601008686386,0.8351053058617265,0.7370661652792977,1.263547396161693,18.740309094090634,22.346711282799,1.0804342031478882,1.1715065240859985
00477_snr+10,10.0,9.078004455904857,0.13450953100563523,0.991824689857027,0.7377865022165722,4.585201376478151,29.711504678801216,22.431652340949828,1.294291615486145,2.2352070808410645
00478_snr+10,10.0,9.882770407268769,2.693694467040353,0.9433860452359442,0.7879428785867836,2.735650252076391,17.063407312879065,23.96153190380791,1.1601589918136597,1.6065123081207275
00479_snr+10,10.0,9.557927477954179,3.667187604124211,0.9121069484735181,0.7807730485175094,-8.727807103346343,21.171371305988277,29.33171357409103,1.1386940479278564,1.3331708908081055
00480_snr+10,10.0,8.269507338393627,-0.7028140698998904,0.9617668959532799,0.8208531923784173,16.852690737079943,28.493021538896794,22.219488198630174,1.2592962980270386,1.5338327884674072
00481_snr+10,10.0,9.966599348788334,1.758429903419966,0.9717520520227793,0.8171016315002008,nan,nan,26.248532896864972,1.2730567455291748,2.8816237449645996
00482_snr+10,10.0,9.963976546670963,3.5028921382267875,0.8642017512836737,0.7092801851405646,nan,nan,18.219346652052202,1.1377215385437012,1.3070411682128906
00483_snr+10,10.0,9.172890270735039,2.928519795476499,0.9909057207998896,0.8079438695490951,1.211160002449463,28.764067671811283,12.468320322502512,1.2873961925506592,1.9399640560150146
00484_snr+10,10.0,9.478850347500504,0.4915565117464261,0.8869685948036384,0.7280704133648661,12.963007641574514,21.804507438974312,26.85754210911357,1.097676157951355,1.2402284145355225
00485_snr+10,10.0,9.35233180439531,-4.712936335072768,0.9051079327684797,0.7158323032016704,0.3919416169858563,23.851134741725364,26.32244913863169,1.601850986480713,1.2227146625518799
00486_snr+10,10.0,9.870697344215186,6.537400015308208,0.8990054846149153,0.8639601417881198,12.945047782616069,28.000810534483662,14.895406861895706,1.4359229803085327,1.3911304473876953
00487_snr+10,10.0,9.991153164069171,7.668606102497851,0.9363802276366664,0.786035013578924,nan,nan,21.898589486803278,1.4470313787460327,2.2546727657318115
00488_snr+10,10.0,8.620790550958674,4.130687251644234,0.8952117785377829,0.8206994173939132,18.06488272093833,27.098319144306707,17.95263344211061,1.2630956172943115,1.425464391708374
00489_snr+10,10.0,9.050035031221807,9.833039174844266,0.9138520182027434,0.8953103303168592,0.12850195838419903,25.176275208958753,15.414004740578472,1.5017104148864746,1.252713918685913
00490_snr+10,10.0,8.3844086278372,16.081559714646392,0.9490643279005916,0.9714954287525438,1.9907725024417668,30.888204208132144,9.639996247397299,2.5812418460845947,1.8339933156967163
00491_snr+10,10.0,9.819542904733503,3.153407007005044,0.954646609098921,0.815850035141159,0.5958045923009119,24.2515151029089,25.68502532501317,1.2327110767364502,2.6863317489624023
00492_snr+10,10.0,8.007593965689283,-0.29865275182023043,0.942274215114425,0.8070460916262708,3.336701335978508,31.448257780874425,28.531286875971976,1.215982437133789,1.4510623216629028
00493_snr+10,10.0,9.986567763562613,13.634614758660339,0.88269062619921,0.924568078593816,nan,nan,14.059931287538733,1.7837977409362793,1.4699043035507202
00494_snr+10,10.0,8.596254360268677,-1.4194717341760295,0.9487680854963179,0.7666464730715874,-0.6654279382617118,28.32574079715002,31.03596201407915,1.188070297241211,1.5831366777420044
00495_snr+10,10.0,8.89023580898434,8.856092508457861,0.904951206290764,0.7881726942063789,14.772142744153074,23.345238189369788,12.895763116047247,1.234594702720642,1.213355302810669
00496_snr+10,10.0,9.944624196507094,11.754793515732146,0.9784747703173,0.9553094068188377,nan,nan,13.616832205358817,2.2602386474609375,3.2906062602996826
00497_snr+10,10.0,9.44760888715925,10.497679012975134,0.9031353504642503,0.8895976700841345,-6.231522336984855,23.09671837743199,15.511269276635751,1.4991865158081055,1.2636932134628296
00498_snr+10,10.0,9.186626014610917,0.656987420089516,0.9296913305152491,0.7717569529412187,-14.233483428999637,26.835256961791018,23.61024666285147,1.7059897184371948,1.380360722541809
00499_snr+10,10.0,9.95795352252566,6.616064813211969,0.8946040079234889,0.6782859701676868,-7.5427818805895,0.1811768057747579,13.886127266228044,1.1071494817733765,1.4170140027999878
00500_snr+10,10.0,9.373860285044412,8.786475350931038,0.9908936499536963,0.8897582823704737,6.8065802224242145,39.32736800976596,16.476571006813842,2.0900232791900635,2.3689310550689697
00501_snr+10,10.0,9.852331154007091,0.32694017156703553,0.9060013928103194,0.784606367146463,1.531348587350383,16.62690993611633,27.912207125946082,1.153515338897705,1.5105714797973633
00502_snr+10,10.0,9.771092722266467,-3.0738767012722183,0.9757714783613708,0.8087672979474829,-7.627198830249695,20.561865064929606,31.484932238980612,1.2033123970031738,2.8800623416900635
00503_snr+10,10.0,9.276277829475843,-2.9578030425654656,0.8826085914856882,0.715369637848393,-6.997618071532923,25.85588218739797,25.479113745622595,1.1143375635147095,1.1307026147842407
00504_snr+10,10.0,9.328508605061879,-0.12824844640211341,0.8496332939043637,0.7792063826310879,1.3425085529188474,28.120069759889933,25.867541585403092,1.0961672067642212,1.100114107131958
00505_snr+10,10.0,9.221222525688864,11.10052576077904,0.9608257459432377,0.9036381865938891,11.656215230886605,22.640925827801503,9.780360960203561,1.8913346529006958,1.9236340522766113
00506_snr+10,10.0,9.981594363656093,-2.725816039809714,0.809485021804344,0.6660120730682275,nan,nan,29.34239097841174,1.1842401027679443,1.254387378692627
00507_snr+10,10.0,9.293390538472137,1.4161890191072621,0.9167569599764464,0.7765918584411611,26.194430598241393,29.262830485569108,23.28493454040748,1.1007362604141235,1.179443359375
00508_snr+10,10.0,9.672833233603937,13.031853260263729,0.9707280381093291,0.974026071619367,-4.139888064311428,17.433938118331625,11.582911254034318,2.2298543453216553,1.6226708889007568
00509_snr+10,10.0,8.99357885340195,1.443695725475123,0.8672118782088719,0.6912842647003948,17.525382508409983,26.950993361233458,27.586147237937944,1.118457317352295,1.1756151914596558
00510_snr+10,10.0,9.635470961983101,3.2820040595057254,0.9470861377860004,0.8026797361441721,-6.257689046959555,26.248866392026834,21.572559337715152,1.232487440109253,1.2842938899993896
00511_snr+10,10.0,8.462390662224541,2.387168080171188,0.9090072391571572,0.7545780190759949,0.37572648444140977,37.61580385309039,21.419763791924183,1.3908138275146484,1.4808924198150635
00512_snr+10,10.0,9.122514385544411,0.9350522629493645,0.8999938668241797,0.7544360622873313,2.311334766925469,26.10992762915943,24.986316154508433,1.1382720470428467,1.312961459159851
00513_snr+10,10.0,9.300095885829352,11.188011321955035,0.893678504087038,0.8746790798633498,-7.309506069741999,25.93985525244073,12.476647341951246,1.5641655921936035,1.5211925506591797
00514_snr+10,10.0,9.078737696203952,12.493314448601636,0.976359344163026,0.8989476037355258,5.034533191291398,17.68467879373406,13.175264752160253,1.6702680587768555,1.6203047037124634
00515_snr+10,10.0,9.278206560152995,1.416791003064892,0.8284712130707218,0.6838212249124388,4.797712182841017,19.14602837110821,25.77155920663361,1.1398670673370361,1.3805922269821167
00516_snr+10,10.0,9.23968266772971,0.07941793400656554,0.9063465985355167,0.7804172179008942,8.24181614395524,24.99010105843924,29.051330470036586,1.1293216943740845,1.1913437843322754
00517_snr+10,10.0,9.99774859705097,-4.124540521571358,0.8264097744016041,0.7288826907901668,nan,nan,30.547793876582613,1.1057876348495483,1.3409701585769653
00518_snr+10,10.0,9.752487716753514,3.4293697922051622,0.912263480236594,0.8046344227993216,-3.602829264618368,28.917110604380426,24.962700737350602,1.2097434997558594,1.966355323791504
00519_snr+10,10.0,10.014291673604156,-1.6701900849923725,0.8978930019222412,0.753161143372786,nan,nan,30.713820772571662,1.4913063049316406,2.258618116378784
00520_snr+10,10.0,8.907906451482067,2.5850341451429646,0.960349103425245,0.8444206763122265,-2.7360377678194925,32.2334935471867,21.80049638190519,1.4336886405944824,1.8492201566696167
00521_snr+10,10.0,97.52440491256893,14.36652784047697,0.9999999999999992,0.9570147172423903,nan,nan,9.488325598595889,3.0528371334075928,4.643888473510742
00522_snr+10,10.0,8.39548306406058,9.889115465235458,0.8523282497937119,0.8360231649719638,13.193403320437122,21.32629443761282,8.580665486579136,1.484925389289856,1.4807960987091064
00523_snr+10,10.0,9.259917292701132,1.231796712186779,0.9207397914895633,0.7954361255509635,-4.601437664661267,25.889971576427335,26.839163564697134,1.185994267463684,1.601433515548706
00524_snr+10,10.0,9.268665276077432,5.446677346360995,0.9356547571337418,0.8047682824304726,3.6118575000930804,23.90917328736379,24.152898545087243,1.329453945159912,1.8669278621673584
00525_snr+10,10.0,9.45369784606014,-0.3140061168835253,0.8504385905349752,0.7016619331794793,14.77905954004009,29.475318404081964,23.785729729189594,1.0914547443389893,1.1093389987945557
00526_snr+10,10.0,8.96540039693496,14.655221066582065,0.8436325690058919,0.9043019102768324,-13.169455553418619,17.050386967377232,13.433315386876881,2.1044728755950928,1.6998462677001953
00527_snr+10,10.0,9.91190520434297,5.934016013694187,0.9667469086973522,0.8482671840156482,-0.3331535820391218,10.756156657148706,19.600052917541475,1.2232242822647095,1.8346542119979858
00528_snr+10,10.0,9.956717152927713,9.486029960488255,0.9289460629176056,0.9045451327272848,nan,nan,16.65718728747079,1.8091106414794922,2.5681052207946777
00529_snr+10,10.0,8.122724888412753,9.36387262201171,0.9012920459520489,0.9020901331631549,36.555486089375876,39.40755943158645,15.82873454381141,1.1748961210250854,1.1054059267044067
00530_snr+10,10.0,8.715073886591577,14.087853184738005,0.9825615960168568,0.9793498973114955,24.640001534787817,30.76322754828319,11.50591454010685,2.310945749282837,2.7678232192993164
00531_snr+10,10.0,8.39265445749538,8.389018868023028,0.9390058663997849,0.9008093469515276,0.5095735864185463,13.998303649528982,11.736519430236354,1.5524859428405762,1.4848175048828125
00532_snr+10,10.0,9.501851773677943,13.69532185319705,0.9396258269194179,0.9486175861335555,0.6885551413602674,31.210487022182747,10.8299330240378,2.0716655254364014,1.6215331554412842
00533_snr+10,10.0,9.988921632566983,3.496435822953625,0.9616294909923271,0.8403961879219859,nan,nan,23.729580980963114,1.1723401546478271,1.3847427368164062
00534_snr+10,10.0,10.006336212947229,8.662073674040405,0.9322785652540809,0.852627050684285,nan,nan,16.77550689028753,1.714172601699829,1.722485899925232
00535_snr+10,10.0,9.743406255314309,8.744821289931112,0.8999747241745526,0.7719441639977145,-1.0431508335835182,21.76379171489326,20.61763858642386,1.2744700908660889,1.5543482303619385
00536_snr+10,10.0,9.671725824125986,10.883581431071187,0.9902529509569763,0.9288851495668724,-3.9654989475441234,30.973315699838373,14.339461121658681,2.013587236404419,2.9607722759246826
00537_snr+10,10.0,10.058131638541987,9.13578278093351,0.9792380833309487,0.9264725033916654,nan,nan,14.87287323747583,1.7771084308624268,2.4138946533203125
00538_snr+10,10.0,9.925264615325698,4.881715954257388,0.8708240282610153,0.7667802173800743,-6.750461018126398,17.437411779744345,22.414353662041947,1.3156009912490845,2.0600152015686035
00539_snr+10,10.0,7.584114290542747,10.872032571941435,0.8854311977308593,0.831209594467385,2.407928617448986,23.984295280491544,13.912513380223766,1.4652208089828491,1.359968662261963
00540_snr+10,10.0,8.734316223359848,10.579776263680483,0.9325095756095672,0.8992691185723211,-5.608625799524111,23.32769342834521,12.737552946050387,1.9963839054107666,2.2531685829162598
00541_snr+10,10.0,9.266141746166207,12.48484452783934,0.9289732981184015,0.9032199753428983,17.424852481953025,27.93054658675585,13.988926175856113,1.5012654066085815,1.5975100994110107
00542_snr+10,10.0,6.509028130651622,12.196884838963499,0.8893897784614504,0.9082445678400572,24.134535500920077,39.15498607907876,12.415124384727186,1.4503767490386963,1.198718786239624
00543_snr+10,10.0,9.925274984363657,14.133819811772565,0.8926239106164171,0.9050909125617511,nan,nan,19.706613053873458,2.1853930950164795,2.176420211791992
00544_snr+10,10.0,9.976451997145874,6.321033864590444,0.9772963291282348,0.8597848979245984,nan,nan,18.922837402383472,1.329382300376892,1.8512136936187744
00545_snr+10,10.0,9.980931431743317,5.250497846086644,0.9221565337549521,0.8416611670775357,nan,nan,24.49736499100252,1.2484607696533203,1.5960023403167725
00546_snr+10,10.0,7.105775337409225,14.98406197557297,0.9374656709554302,0.9409577032538179,8.680202779706693,33.49096733207303,11.63532596189486,2.1847825050354004,1.2993417978286743
00547_snr+10,10.0,9.001220848828686,0.2903016111996358,0.9022949264490429,0.7629872867495063,16.043140145317363,28.805452866877104,24.379087115802033,1.1151810884475708,1.3342931270599365
00548_snr+10,10.0,9.088430925722768,7.746266902583758,0.9761037695282081,0.8742188414946399,24.487951306833896,24.753297935628794,16.01363574976629,1.8310595750808716,2.88727068901062
00549_snr+10,10.0,9.566177668914694,0.24044626355447216,0.969650189010381,0.8055095300603435,11.82237161760775,30.139621627052726,29.61430467349472,1.184147834777832,3.295060396194458
00550_snr+10,10.0,9.54705107497511,1.791885280409855,0.9001714029925322,0.7209246937719624,-5.1242294233218555,20.0392285013535,21.714471107959834,1.161942481994629,1.3564236164093018
00551_snr+10,10.0,9.943259446006373,0.019359496057301057,0.9121339738405788,0.8105036900263675,nan,nan,27.06537356235257,1.1633738279342651,1.6720552444458008
00552_snr+10,10.0,9.973224080956964,4.315524041857918,0.8324974049836846,0.7411659952961999,nan,nan,21.805145987705483,1.1333369016647339,1.1678086519241333
00553_snr+10,10.0,9.915188385201512,1.6721057341598855,0.8613706241349423,0.7327390485374866,22.446817828220198,25.004414994922882,30.041383346791054,1.0915149450302124,1.2876096963882446
00554_snr+10,10.0,9.486920648600641,-1.3761159095459021,0.8511247009474613,0.7801092260937108,-13.405340031742913,22.599416028540595,27.554845577719263,1.170096755027771,1.3176957368850708
00555_snr+10,10.0,7.615851111433488,7.093503609168844,0.8968485387924262,0.824443449091641,19.13723739980457,34.03007864934615,15.604827302287829,1.2877311706542969,1.145453691482544
00556_snr+10,10.0,10.008247945790687,-1.2195258296014446,0.9350992640822567,0.7637179081579462,nan,nan,28.605313565415493,1.2053691148757935,1.4198966026306152
00557_snr+10,10.0,9.374912623616128,11.73369103113162,0.9225773974126082,0.8884257902932976,-7.321329785076481,19.4853104539864,16.917606128453176,1.5239980220794678,1.4728107452392578
00558_snr+10,10.0,9.656046790402073,3.5460074339545775,0.8228051621449555,0.734050286293675,7.210818937945054,18.947666302941983,23.332070047783308,1.1191211938858032,1.1790058612823486
00559_snr+10,10.0,9.046219857066985,4.718632711717753,0.9414614254506032,0.7903557974389495,-5.35236418905561,22.315731389483958,24.98501957761395,1.6338104009628296,1.7941925525665283
00560_snr+10,10.0,10.001317987709033,-1.3540458141587934,0.9753108930522457,0.8150628413623201,nan,nan,24.982459448467953,1.1273865699768066,2.1163101196289062
00561_snr+10,10.0,9.566242608504187,5.635116423810319,0.9389330540359874,0.8670706438911983,-2.5722239919262706,26.43759345940945,15.98293742936528,1.3207614421844482,1.1888470649719238
00562_snr+10,10.0,8.63732067633595,10.828209937507934,0.8234715947850125,0.8240125617885483,-6.726080342529551,21.937958852064448,21.33087509691515,1.5661017894744873,1.5912818908691406
00563_snr+10,10.0,9.462391287779626,9.052612428347878,0.878914373871579,0.8195432480832607,0.15216158638398808,22.945614570949196,12.766613915275853,1.2735278606414795,1.2857643365859985
00564_snr+10,10.0,9.561176616722806,2.6770992764061834,0.975352255408764,0.8087114633699031,-5.408906940333878,-0.0011792280676949062,20.690638158708452,1.2115113735198975,1.6278934478759766
00565_snr+10,10.0,8.828570799936086,2.0847493776381265,0.8427507345053686,0.684656940791464,1.1703754303395049,27.76481999213676,19.10912115406103,1.1952089071273804,1.211647391319275
00566_snr+10,10.0,9.927181781955595,7.834144914677665,0.736722653360268,0.7251540061419959,nan,nan,18.472817765821407,1.2580012083053589,1.1787029504776
00567_snr+10,10.0,9.586086327179569,-2.598716429795842,0.9473494564397883,0.7319057953025407,35.17196947706995,36.723771397952035,30.352881685840746,1.1772061586380005,1.9903819561004639
00568_snr+10,10.0,9.305181788595995,14.542423937568556,0.9295276146867522,0.9190528876948837,13.708743122661195,25.6528333202565,13.715275848245582,1.8500258922576904,1.7498352527618408
00569_snr+10,10.0,8.944475958542368,12.496673809079875,0.999990272500425,0.8769480888788506,20.018937456311967,31.771727427023745,15.854579225346122,1.5824191570281982,3.9971354007720947
00570_snr+10,10.0,9.216577860127604,3.532023369802126,0.9365956690743211,0.8871444490814707,0.4462933485336859,27.252222829371526,12.091164958660661,1.4292055368423462,1.213218092918396
00571_snr+10,10.0,9.257396961507405,6.5237189178558355,0.8981815403428748,0.8248265701760865,0.9135623111960934,22.129275746020426,20.259242438818543,1.2535812854766846,1.6373393535614014
00572_snr+10,10.0,9.983947210223509,15.265462075768708,0.928560169560028,0.9406182635091773,nan,nan,14.362669652281383,2.2480413913726807,1.415762186050415
00573_snr+10,10.0,9.965861739518026,0.5110431766650934,0.8902882441449734,0.8029138430813249,nan,nan,25.287323815103253,1.1278507709503174,1.3646005392074585
00574_snr+10,10.0,9.95678548011348,-2.346359277947197,0.7205381251420839,0.5604103667020829,4.077891446908929,24.662011160483015,25.53930469163021,1.0634312629699707,1.133899450302124
00575_snr+10,10.0,9.968773313391823,18.73056435396784,0.8684018908482604,0.8796791316818808,nan,nan,13.394216993657096,2.5848135948181152,2.0006613731384277
00576_snr+10,10.0,9.408173982983339,-1.5179998194529327,0.9582927564562886,0.816385583275311,-0.14914295345470552,26.444245000298793,27.735361356606536,1.1668503284454346,1.4602558612823486
00577_snr+10,10.0,9.79733583622368,-2.915227727294994,0.9332379509102904,0.7526001289341716,6.807044156732093,23.898200453072317,29.010603955567227,1.0862133502960205,1.5646140575408936
00578_snr+10,10.0,9.527733965680161,0.9097988327103694,0.8936993470448834,0.7701734814259822,-2.8827192678160873,19.607090186085724,27.638961946196474,1.8466706275939941,1.279179573059082
00579_snr+10,10.0,8.698794936267891,0.686191629986897,0.8912167046026517,0.7295055245333006,9.817900118103635,28.79982266756054,26.455732129986263,1.1945189237594604,1.1734919548034668
00580_snr+10,10.0,9.950592172868744,4.0424000166368215,0.9695587816515684,0.8375095628194724,nan,nan,25.661255048930304,1.3873282670974731,2.3588008880615234
00581_snr+10,10.0,9.837349015223836,8.62145206174732,0.840999988232477,0.7754187871958224,0.8468362278812254,27.055291301978322,10.438267557408208,1.286027431488037,1.1947109699249268
00582_snr+10,10.0,9.977757297178483,13.857084844043818,0.9353213987780654,0.9052756949829698,nan,nan,11.238714021432433,1.8820277452468872,1.8448190689086914
00583_snr+10,10.0,9.806131992383765,9.405682961642444,0.912026610273493,0.8868984121849138,3.8828588085601807,24.738981914794653,13.99265175102822,1.4451320171356201,1.2017627954483032
00584_snr+10,10.0,9.350383946057667,-3.807543095414738,0.8984104800460503,0.7783868092239395,-8.970292980603478,20.282320940092333,31.569625085569562,1.1346492767333984,1.6093406677246094
00585_snr+10,10.0,9.791825606301103,5.8831959050036335,0.9426546469836506,0.7700844011811826,-3.4731656029559606,12.868720204708005,14.63981094463188,1.3737510442733765,1.390036940574646
00586_snr+10,10.0,8.859948293593758,13.393430917523705,0.8361624088414404,0.8700540649284809,7.071814136532003,22.733675335807554,8.460609204234522,1.8072049617767334,1.3717780113220215
00587_snr+10,10.0,9.588834009674732,-1.7176363083889592,0.8318666604627264,0.6933842946197925,5.800534759000685,28.29883746669519,27.63589503007863,1.0804271697998047,1.1807689666748047
00588_snr+10,10.0,9.33294990180521,16.284402592934658,0.9158684489880231,0.9477083259506132,-6.067164055881124,27.545384414455405,13.136931826182797,2.2855899333953857,1.5370762348175049
00589_snr+10,10.0,9.955987205555228,2.94525883705387,0.9541557178362573,0.8192430161785983,nan,nan,24.223339505684876,1.225425362586975,1.5292587280273438
00590_snr+10,10.0,9.878318252023298,-0.6102197378342423,0.9082227214290401,0.7307381296376196,5.756329540637878,15.583138688628551,28.35516372658328,1.0825480222702026,1.7092856168746948
00591_snr+10,10.0,9.261824531984221,7.511590575756298,0.8373847260072405,0.7627278905567716,3.0195193357503896,30.144957507796853,16.86884152510571,1.2102043628692627,1.4360538721084595
00592_snr+10,10.0,9.421868443284335,0.8909824362852191,0.9372745578276976,0.8084893999520576,9.362144129899953,29.616532145988256,23.015915929702693,1.189635157585144,1.6099207401275635
00593_snr+10,10.0,9.462375055351725,3.0114082556792594,0.9640450693326053,0.8023021231733192,-5.845385400220421,24.94621904333298,20.63599807223654,1.4817852973937988,2.004889726638794
00594_snr+10,10.0,9.978827223105963,0.6170259326262805,0.9020779673893743,0.7559959112878022,-8.569557387467526,23.707561186886355,26.062569883292245,1.3031260967254639,2.6291110515594482
00595_snr+10,10.0,9.203184931080324,-0.22183110472619072,0.9855049975860487,0.8325952891438845,6.788778623139603,31.510402884316644,28.382603749795695,1.2347825765609741,2.184483528137207
00596_snr+10,10.0,8.399495997272945,10.326072146945744,0.8560712684999976,0.8631873383809702,27.393176059808564,29.130162214204283,11.762120655340507,1.562201738357544,1.512589931488037
00597_snr+10,10.0,8.107493196450875,9.80002474329823,0.9086265701356163,0.822249875255648,4.075751179613601,34.158888018220644,13.735635243509213,1.3529809713363647,1.3313204050064087
00598_snr+10,10.0,9.4798098315074,9.710288470464935,0.9208324465041712,0.9103562790246793,20.915367210780687,27.80068773447192,12.26357613065521,1.3497958183288574,1.3782527446746826
00599_snr+10,10.0,8.874520712362502,7.0947797196539595,0.8376071057511892,0.7394861730364214,0.5510068818973666,21.784131805067545,23.61775594857198,1.2153046131134033,1.2044237852096558
