id,snr_db,sisdr_noisy,sisdr_enh,stoi_noisy,stoi_enh,pause_resid_db,pause_resid_db_noisy,speech_lsd_db,pesq_enh,pesq_noisy
00000_snr-5,-5.0,-6.050548182058839,-3.302150690533401,0.8367707545400914,0.7128041573473395,39.147343856181514,44.70934338717314,23.56271677341656,1.1528998613357544,1.387115716934204
00001_snr-5,-5.0,-5.070439647877202,-3.0917330016952933,0.7211205922735272,0.6297133864017854,nan,nan,27.13416471526035,1.103723168373108,1.047074794769287
00002_snr-5,-5.0,-6.320000471455734,-11.42849834567441,0.8690641054133231,0.6267044985125971,5.851634812045625,24.92509477120381,32.899437201815594,1.129555106163025,1.1859756708145142
00003_snr-5,-5.0,-5.84597314050182,-13.842081860336659,0.6296379484381658,0.44997613408902387,22.760737344950137,32.3390572654379,28.790404314541355,1.0381555557250977,1.0513668060302734
00004_snr-5,-5.0,-5.037695175966562,-4.21670557853482,0.8176554157623133,0.5963626945876973,0.8217727291242859,39.62188654556524,26.435054018614256,1.08185613155365,1.4040312767028809
00005_snr-5,-5.0,-5.423223940557107,2.828825880616427,0.5947395354385446,0.4805971003163062,4.568231029019433,38.73099664034092,16.414397415128963,1.0552947521209717,1.0599335432052612
00006_snr-5,-5.0,-6.074347969273305,-7.0734290324338485,0.7746169554963671,0.5597966230210252,12.827304872040045,40.17966500125317,30.374291133140435,1.0612212419509888,1.1427713632583618
00007_snr-5,-5.0,-6.2573618468466305,-19.953259123349298,0.6582136125882482,0.42884862992152023,18.528882263588077,41.38798315434648,28.692015055519825,3.0072338581085205,1.0789083242416382
00008_snr-5,-5.0,-4.973088783243822,-2.1262765195457485,0.6819675216843508,0.459527850018973,17.50903124329386,38.08632285650878,28.108040110660085,1.0436221361160278,1.0949047803878784
00009_snr-5,-5.0,-6.365221520858846,-3.983784434694369,0.8177560606941928,0.5056704982043941,5.022607083978249,41.98865078250855,21.3280593117082,1.086626410484314,1.0943057537078857
00010_snr-5,-5.0,-5.811128766434379,-7.614279291620619,0.638271678899934,0.4618459033625565,14.779245126624092,42.175507425609396,25.902083244418975,1.031525731086731,1.041823148727417
00011_snr-5,-5.0,-5.625983691231945,-16.238596185967033,0.5334552871839353,0.3690140162497987,17.674391355110476,34.357897768042605,27.244918422294123,1.5466145277023315,1.101860523223877
00012_snr-5,-5.0,-6.450401531454055,-8.48160417929469,0.6025660677649927,0.5149752469199401,33.64237627594378,42.393623826490696,25.39192010276058,1.2055588960647583,1.0497055053710938
00013_snr-5,-5.0,-4.777352708299811,-7.330331112284581,0.4438688015333131,0.3753381121174668,nan,nan,25.478772769720333,2.004655122756958,1.0702627897262573
00014_snr-5,-5.0,-5.229531521526578,-8.661334097620049,0.7371759328771191,0.47842501108694097,-4.946687300430187,33.79345025237343,30.194492406002556,1.0455394983291626,1.1082446575164795
00015_snr-5,-5.0,-5.356390368871082,3.226080890074272,0.8465438452844346,0.7624294694184336,6.0194914313448225,42.72517711801464,17.668036258923827,1.1583552360534668,1.0704141855239868
00016_snr-5,-5.0,-6.005529132046989,-7.763837666745398,0.5622218899452391,0.3677071479616662,16.209434581551335,38.60321467913326,25.54189047084976,1.0428231954574585,1.047783613204956
00017_snr-5,-5.0,-5.881710929340224,-5.96610943011683,0.5350784710251858,0.4186114383677608,10.39928046310182,44.56334596922635,19.073487665872936,1.0587280988693237,1.0453044176101685
00018_snr-5,-5.0,-5.468904874607774,0.7920471877068412,0.663084419802249,0.6165191879853804,15.880012194264243,35.82463100041722,15.42119820357175,1.0810543298721313,1.0690419673919678
00019_snr-5,-5.0,-5.1103657108360245,-7.992828024910247,0.5274917707640775,0.4961247938028594,18.786133361667382,38.666377660567434,25.035351690889964,1.0507711172103882,1.0718412399291992
00020_snr-5,-5.0,-5.248945471976589,-17.04831482710143,0.8027176344220724,0.5125261414645954,23.706674402879365,27.915057222986782,29.74352334554242,1.3289926052093506,1.2436517477035522
00021_snr-5,-5.0,-5.5623419902810145,-3.6594677126128135,0.8513365721261472,0.7462664417442297,13.976189099224266,15.804298138001283,21.228081709691036,1.1948356628417969,1.5202741622924805
00022_snr-5,-5.0,-5.539835541488997,2.197946624821786,0.7690714259207942,0.6283662042845706,6.870499438065503,41.14857460917296,23.521093991179626,1.4223297834396362,1.2731256484985352
00023_snr-5,-5.0,-5.388742454272929,-6.398942722128458,0.6525701967607718,0.4679531540437076,27.691183552766585,40.755744766412924,26.492365772520237,1.0442218780517578,1.0589152574539185
00024_snr-5,-5.0,-5.374868419925396,-10.420473242076206,0.6435521224348992,0.5313015219146523,17.819400598148604,34.530426220361036,22.66569402652909,1.5911376476287842,1.045608401298523
00025_snr-5,-5.0,-5.841623447415907,-6.300035122511937,0.6635987474128542,0.5083783105722477,4.1269297275935655,43.432055517225265,20.352615568990696,1.0715214014053345,1.0382686853408813
00026_snr-5,-5.0,-5.906248826637047,-6.59280678861472,0.9415832473415489,0.715054961886183,40.557319647460154,44.25710671837871,24.53216558547118,1.213533878326416,1.4008573293685913
00027_snr-5,-5.0,-5.147168970092524,-15.360527629928352,0.549611821244896,0.37012823374230946,29.446914173753296,35.563032374112964,26.787002620733478,1.0385292768478394,1.028411626815796
00028_snr-5,-5.0,-5.507291180050167,-2.002751350760824,0.794900523690066,0.6584046481546391,-1.59168750216649,36.31874945749535,32.32811804051232,1.1063284873962402,1.1030718088150024
00029_snr-5,-5.0,-4.8920525709397165,2.734219896335248,0.6753239406051059,0.6920816533096721,nan,nan,14.865322108194034,1.1276490688323975,1.0441081523895264
00030_snr-5,-5.0,-5.1032017046367,1.8788917407646122,0.8899563382960909,0.7706411655137544,nan,nan,21.769213774332265,1.1929006576538086,1.2456226348876953
00031_snr-5,-5.0,-7.13361401455924,-5.74918668755609,0.5688210484677471,0.3744063321304696,38.42539702265573,43.40747188406257,18.551076948926514,1.1049901247024536,1.0849578380584717
00032_snr-5,-5.0,-5.970227275856431,-7.135412869447459,0.8273111988604759,0.5949923932237022,13.119555912962069,42.93728036628475,27.44686443312297,1.5100178718566895,1.0845810174942017
00033_snr-5,-5.0,-5.04454165936949,-2.9009402034483673,0.5197545076114007,0.4612374532213147,nan,nan,16.7072158979046,1.0404818058013916,1.0582841634750366
00034_snr-5,-5.0,-6.213307732598397,1.3662604319869522,0.761674694749516,0.7041948818535086,8.449782500933248,44.77386508595549,23.050386404092936,1.1457061767578125,1.0525014400482178
00035_snr-5,-5.0,-5.175866507676291,-6.632042671820652,0.7452414126836503,0.584959718673966,40.563679400933864,41.154387089248544,13.828614241296071,1.0845708847045898,1.1038445234298706
00036_snr-5,-5.0,-5.073958240219075,0.43047314916844204,0.47911491800294703,0.4732970144869766,nan,nan,15.923565447097358,1.0752626657485962,1.0346837043762207
00037_snr-5,-5.0,-6.516404159527466,6.831411976011178,0.8327868748073892,0.835100668414099,21.338502181332725,41.22519622618359,8.996220900777224,1.3327664136886597,1.103332281112671
00038_snr-5,-5.0,-5.399228843656852,-13.409523522068262,0.7983578241344715,0.5462714744450898,21.671411421537048,37.044466979337855,28.287402868779466,2.071784734725952,1.1007647514343262
00039_snr-5,-5.0,-5.139185948487913,1.9530339967806334,0.8523898649608354,0.7092770535155287,8.362451396049902,32.23784301112517,24.018857982513808,1.177342176437378,1.311154842376709
00040_snr-5,-5.0,-5.5295813603921875,4.665292191591529,0.8807497327082268,0.7995309085067183,36.352258709797034,48.784277295721594,18.028020922877488,1.2287384271621704,1.3853371143341064
00041_snr-5,-5.0,-6.220257950820721,-5.980221689881366,0.7310622876730825,0.7390439912473488,39.33650809800473,39.449780190581144,11.650214580067797,1.4685628414154053,1.3411282300949097
00042_snr-5,-5.0,-6.856291000262139,2.592756813248691,0.5906619474605687,0.44160560932912746,11.137656457398492,41.108842543856916,14.398991026789263,1.1473647356033325,1.0437195301055908
00043_snr-5,-5.0,-5.541699454603978,-9.321224856432908,0.5582329243440757,0.3896107083502445,1.9188302500469732,39.12796246263127,26.02911145282204,1.0499602556228638,1.0534772872924805
00044_snr-5,-5.0,-6.824234636702843,3.921563976956846,0.4531383703589911,0.4226253711035883,22.628836783172183,52.71629412008235,13.49629531778873,1.0857133865356445,1.044822096824646
00045_snr-5,-5.0,-6.334694473663784,-0.15504305261055362,0.7953471105750668,0.709771851706486,20.850276266288688,37.04916167015526,20.621360775799026,1.1652179956436157,1.1070536375045776
00046_snr-5,-5.0,-5.581081972889221,-15.915825484000901,0.5706082799393768,0.3944951794269595,25.286230761058732,44.60390842343699,23.009725827869108,1.4289393424987793,1.035876989364624
00047_snr-5,-5.0,-5.097502158200333,1.1913379622156073,0.5267907096530784,0.3690811715285116,25.791278784391366,38.76759495443639,18.075985900185376,1.0631788969039917,1.0372997522354126
00048_snr-5,-5.0,-5.209390823116196,-16.720696431538716,0.5553777169425741,0.35370714495647126,35.27306236303454,47.08390570181014,26.975401082414592,1.6177726984024048,1.0415316820144653
00049_snr-5,-5.0,-5.490308814188078,-7.990622229171269,0.5051525224623731,0.31296478626810875,21.15705805033485,30.839150494007708,26.275604442262274,1.1837799549102783,1.0420804023742676
00050_snr-5,-5.0,-5.8906801769943264,-19.892761305381697,0.8465505711707301,0.5176837896568155,27.29633333309737,44.43099254308355,31.142652041125537,3.837374687194824,1.3577468395233154
00051_snr-5,-5.0,-5.509366593561697,-10.502065702293438,0.5808070492345448,0.404062443408357,17.608352763990553,39.25999111220487,25.370547948963676,1.0337510108947754,1.045376181602478
00052_snr-5,-5.0,-5.49213982231077,-6.051800671838282,0.8936767142285297,0.7540613496470435,40.56580674670565,44.707342936899224,24.09688670151041,1.1209696531295776,1.4268720149993896
00053_snr-5,-5.0,-6.054243319785622,-4.729183370472577,0.5891891248372602,0.5299823409536659,31.378469832849767,44.52153613449784,21.390523365117552,1.0463335514068604,1.0539075136184692
00054_snr-5,-5.0,-6.262764350818739,-4.603807734192419,0.6726654337025958,0.5433250863955851,4.3482557720731645,41.41168422558553,28.80666481067069,1.072949767112732,1.0771019458770752
00055_snr-5,-5.0,-6.132507416620213,-9.56029531001159,0.643453042272001,0.5523194028410721,12.43250723636795,40.20707806022451,27.03985083495394,1.4479241371154785,1.0517971515655518
00056_snr-5,-5.0,-5.19217130393876,-11.779465517814089,0.6716809815966979,0.4931001340150092,20.847144747662693,41.53687797552073,26.264052376212216,1.0399781465530396,1.0918762683868408
00057_snr-5,-5.0,-5.303979488265225,-6.049857647771928,0.9257462857607466,0.8823581907724448,15.634476459854898,19.28727528859808,17.347369878630385,1.0372028350830078,1.042741060256958
00058_snr-5,-5.0,-5.014515434602956,2.4639381982623973,0.3596424098161544,0.5117259137564466,nan,nan,14.220220985955551,1.1687068939208984,1.151836633682251
00059_snr-5,-5.0,-6.996102271741112,4.051868160162972,0.5563205749919417,0.46369947454031574,21.16604961371859,43.42432953395705,16.258169946517143,1.172944188117981,1.141396164894104
00060_snr-5,-5.0,-5.3910293797322995,-3.9332543295182125,0.9316832130989307,0.8028108669784629,2.4030289887307017,42.916860860047336,20.405067137390205,1.1207304000854492,1.2391223907470703
00061_snr-5,-5.0,-6.31475165504458,-6.349775153615456,0.6263810079740187,0.4691030609652885,28.315306273523454,42.52400654180931,19.719520252027987,1.104979395866394,1.0701959133148193
00062_snr-5,-5.0,-5.664167306634487,-8.618981382137378,0.7472765493071851,0.5776528296499595,32.65971536550255,44.842621485337915,25.074683196624036,1.1056411266326904,1.0544376373291016
00063_snr-5,-5.0,-5.074810915099298,-8.727761480595124,0.6675123258982065,0.45584900307549825,nan,nan,16.460823979668245,1.0756436586380005,1.0422017574310303
00064_snr-5,-5.0,-5.405701770383441,-11.814289484009615,0.8561261203784111,0.6325463162794911,47.782677449662714,51.835427658157485,26.079125969767393,2.932295083999634,1.7818124294281006
00065_snr-5,-5.0,-5.691912635066403,-14.828732445494314,0.8359371452823522,0.5550026906473104,30.11543248050006,41.787453051600735,28.376242281754074,1.027725100517273,1.063647747039795
00066_snr-5,-5.0,-5.694113151551743,-6.706515212350257,0.588732624407259,0.5450498966858063,8.790033055665452,41.47898695737861,26.368824564926165,1.0580646991729736,1.2904921770095825
00067_snr-5,-5.0,-6.458520411412099,-2.886572967099311,0.6862992195425056,0.557770015750704,5.148442977809967,38.91900444744718,20.703186350849144,1.0691053867340088,1.0505808591842651
00068_snr-5,-5.0,-5.577459886219806,-10.339871018352744,0.7463088165448484,0.5416520545013792,24.160541221170963,32.48225514947866,29.318032715199305,1.076210618019104,1.2235631942749023
00069_snr-5,-5.0,-5.780855137297031,-16.647204550904867,0.56404087789864,0.45677619823857496,28.208586845340502,45.09754555199194,27.236896213588082,2.648704767227173,1.0915629863739014
00070_snr-5,-5.0,-5.629063259807481,-12.517460364562766,0.5630035838245407,0.3614196355148544,23.837776438617784,47.650640723910975,21.153482692659896,1.0300673246383667,1.0848075151443481
00071_snr-5,-5.0,-5.730246901699294,-6.5633435375183,0.7468295587841939,0.6696164997526222,35.387445291366625,42.287602504984406,17.072727324105742,1.0841245651245117,1.1230028867721558
00072_snr-5,-5.0,-5.030281964284795,-13.111358652180396,0.6553080406302364,0.4226519686876407,nan,nan,18.530777413006856,1.2567386627197266,1.1167982816696167
00073_snr-5,-5.0,-5.7623916354100055,-13.234972296143617,0.9297491534992334,0.6097501783212687,47.61161745746368,49.16545334189017,23.128754219438648,1.1458710432052612,2.4172070026397705
00074_snr-5,-5.0,-6.137770699406737,-10.98043122081008,0.8088142508233958,0.6032754833564464,32.86798315018658,44.54705006841702,26.492094196030482,1.0496864318847656,1.0962618589401245
00075_snr-5,-5.0,-5.728839159216369,9.295485919397056,0.9569114467019624,0.8340405861545799,18.241248041403615,41.138570385293264,12.73616327196511,1.3716990947723389,1.594497561454773
00076_snr-5,-5.0,-6.228964278834898,-7.886992240371034,0.7075184692456271,0.4823679301579762,13.616192961235003,21.632966622710367,16.266030368934505,1.0839626789093018,1.125076413154602
00077_snr-5,-5.0,104.31342102708072,5.408833975341755,0.9999999999999998,0.7196595734772602,-13.829045740012418,0.0,18.90592401398399,1.5001778602600098,4.643888473510742
00078_snr-5,-5.0,-6.191398173457397,-0.9798253722080557,0.8428305176580705,0.6875472844211171,26.902064924665645,39.810141047009154,13.793881760001957,1.0828357934951782,1.0446265935897827
00079_snr-5,-5.0,-5.77297683411087,-4.224769655197743,0.8887184028157411,0.845829482101709,9.560215254336901,41.932008523448914,16.941198645598064,1.2375829219818115,1.3526310920715332
00080_snr-5,-5.0,-5.763487030959079,-6.9723906144184,0.7192885366582001,0.6026956603392551,3.6207820498887693,41.1022396066151,25.08186887759274,1.0461764335632324,1.0543370246887207
00081_snr-5,-5.0,-6.324727143304873,-5.987672556652965,0.6381514222598793,0.5206614600889901,31.281522051628254,45.359807546527264,14.987445709262472,1.0290533304214478,1.0253139734268188
00082_snr-5,-5.0,-6.268588598708864,-27.137609389012134,0.8728513940134215,0.5546097047333495,17.636845872246827,43.68781826883638,30.01875683618593,1.5396182537078857,1.3635940551757812
00083_snr-5,-5.0,-5.6672781355731106,1.2228869602797723,0.6747591951604641,0.6925476092059497,28.260133348255174,38.562508521076055,14.839666172055962,1.159618854522705,1.1474854946136475
00084_snr-5,-5.0,-4.98769460894183,6.512263262602317,0.8129775744489156,0.745722715601764,nan,nan,13.586939032445452,1.2019708156585693,1.1271543502807617
00085_snr-5,-5.0,-5.975525941055926,-4.0743388548999775,0.7048119505110565,0.7309320582812352,41.53338720260585,50.13424169314399,13.795243526878725,1.1030200719833374,1.0698531866073608
00086_snr-5,-5.0,-5.236923379061599,-15.031381987288146,0.674659521422755,0.3917718252039592,33.411495085842596,42.52897432333506,24.504295432017308,1.4568541049957275,1.0325543880462646
00087_snr-5,-5.0,-7.1576630005061705,-2.6715144421701336,0.6124914579780054,0.5460206485612766,34.53001841102033,44.9600003150973,14.803363874005885,1.1003142595291138,1.0872678756713867
00088_snr-5,-5.0,-5.687650629179066,-8.385948573901542,0.7735056958485715,0.48259634811877544,13.152063121971116,45.819439140078174,27.968814417459654,1.0277873277664185,1.0361634492874146
00089_snr-5,-5.0,-5.6311115708624175,-13.524954272251842,0.5651665517806331,0.3896178823140821,26.947698959917176,36.42995740631504,23.513507568140646,1.9040716886520386,1.0437766313552856
00090_snr-5,-5.0,-5.55880313389188,-11.870424649674902,0.5812238832571341,0.33218440879073957,-0.5624615436045742,41.01726403078342,24.922286451942732,1.0430399179458618,1.0868713855743408
00091_snr-5,-5.0,-4.995323131259411,-0.36313708856940524,0.6120648120521408,0.5669431332947519,nan,nan,16.72760565658744,1.0347309112548828,1.0283470153808594
00092_snr-5,-5.0,-5.006234748413635,-1.8459304795346245,0.825935202838787,0.7969534017563872,10.444946104827796,27.260207510387428,16.605423168029972,1.360168218612671,1.552506685256958
00093_snr-5,-5.0,-5.23791257398484,-16.40660277764465,0.7427089577416808,0.38663427465135325,22.911226084028968,35.550989577003314,31.364298784160844,2.4358203411102295,1.1802468299865723
00094_snr-5,-5.0,103.24065347456809,11.41258415868757,0.9999999999999988,0.9499254899101086,nan,nan,18.861351489098094,3.296595335006714,4.643888473510742
00095_snr-5,-5.0,-5.275184326403344,-1.940211650514031,0.5286929514135466,0.5251532272926124,12.130085860911555,35.82986522419179,18.880942976762064,1.0454812049865723,1.0460357666015625
00096_snr-5,-5.0,-5.607233198669612,-14.15527351202093,0.6848098656047095,0.5183832345955183,31.359855180366367,42.785014561638484,31.079807792783328,1.886263370513916,1.0418155193328857
00097_snr-5,-5.0,-5.366335906493377,-4.628610816373944,0.6139622463242492,0.5112098608188097,24.73266186857858,38.361274836328214,24.561821324440494,1.0240509510040283,1.0292257070541382
00098_snr-5,-5.0,-5.112240079006804,-5.741317027400309,0.6204525393925916,0.4832141283181241,-3.91659738127581,41.24726176690362,21.89930196613649,1.029528021812439,1.0428707599639893
00099_snr-5,-5.0,-6.043549698924778,-4.652688453369359,0.6241594612410089,0.5157236043427005,22.629604072416893,42.54421607577038,23.990089204393815,1.0335168838500977,1.028041124343872
00100_snr-5,-5.0,-6.393797557007135,-6.018445805114927,0.7550801134582037,0.4963105284559786,11.172491001297203,44.725584482136185,20.62903312391359,1.0969651937484741,1.1171027421951294
00101_snr-5,-5.0,-6.737118154921137,-13.36695658264251,0.6483868829345494,0.4361554297691913,35.52971646180445,46.70458687003831,17.90351634183557,1.0446736812591553,1.0635713338851929
00102_snr-5,-5.0,-7.227858339541207,-1.754635460185499,0.6410297406716717,0.6206665365279743,26.222651639859112,44.05657361889478,14.747382992097503,1.207350254058838,1.2994590997695923
00103_snr-5,-5.0,-5.233444307440282,-9.583505585705108,0.7703158206479098,0.5850173045144107,27.589216341806505,33.50301972043633,25.52683151986552,1.1328178644180298,1.0988496541976929
00104_snr-5,-5.0,-5.002939032596459,-4.014083126853017,0.5106135711221274,0.4655960195441117,nan,nan,25.23824704517947,1.090932011604309,1.054855465888977
00105_snr-5,-5.0,-5.09523446668684,-3.0188605831128363,0.5474037900709984,0.5290834040179185,10.447942547698865,34.86276179129352,19.285987019411625,1.0554765462875366,1.0345697402954102
00106_snr-5,-5.0,-4.984956358437071,-6.4604676455858145,0.6951238315642458,0.5628306553425524,nan,nan,17.482347099830942,1.0707465410232544,1.0775152444839478
00107_snr-5,-5.0,-6.716201649313125,-3.7725071715026806,0.8281370778453592,0.5583453114911636,21.595914305286044,40.54632543655149,25.594691848366384,1.093421220779419,2.017159938812256
00108_snr-5,-5.0,-5.726754898386027,-8.057374883459541,0.5696537935738967,0.46901912723422834,33.22019167933914,44.331999063309084,23.76251131166075,1.0663641691207886,1.0890743732452393
00109_snr-5,-5.0,-5.135362828765022,13.926106213088104,0.9666861680821917,0.9465981851876123,8.045762097598951,43.667760891040466,13.1835525294423,2.6611716747283936,2.051478147506714
00110_snr-5,-5.0,-5.005197860181688,1.601083808054808,0.7076990959943149,0.5671034441058422,nan,nan,17.87183851438217,1.1041185855865479,1.1007517576217651
00111_snr-5,-5.0,-5.82792647487325,-18.79542861784583,0.8058126228059755,0.46987747989445705,38.905019181117936,42.45870892180938,22.940326138181515,1.0387516021728516,1.0390281677246094
00112_snr-5,-5.0,-5.643613052221275,-2.318420080277024,0.721713418323128,0.5864536879131129,-2.123526498446963,24.044891474846434,26.882755633608483,1.0871939659118652,1.2189552783966064
00113_snr-5,-5.0,-6.555536126478364,-13.02898007245978,0.7064812050625495,0.342114604387814,40.648483282184316,46.96660774180468,21.657961395519525,1.0350292921066284,1.0668833255767822
00114_snr-5,-5.0,-5.242545584230006,-9.227933868247998,0.7260544715754341,0.4930619879612199,24.89832116777827,49.4990661630963,26.660355105281038,1.0460197925567627,1.1037073135375977
00115_snr-5,-5.0,-5.110554839505504,-5.584174807601063,0.6486218656161195,0.49165965843097204,13.740505155901683,26.407580935070175,23.41491353574796,1.0285043716430664,1.1300030946731567
00116_snr-5,-5.0,-5.9970198157839425,-1.5168620571301197,0.7955520417447686,0.7179557910251589,14.88907875018279,41.16527974850229,17.112031824344395,1.125062346458435,1.7131675481796265
00117_snr-5,-5.0,-5.881847758519957,-9.552768492094607,0.6592652821039714,0.47417880628067904,27.149607577760907,41.3609051875051,24.81378041432839,1.0427813529968262,1.0398858785629272
00118_snr-5,-5.0,-5.319691248095543,-6.03037794870837,0.6356233060932258,0.5384278596625001,18.560715607885683,38.452921209476315,22.158926452281662,1.0348296165466309,1.0344794988632202
00119_snr-5,-5.0,-5.27527292216396,-7.627891286159922,0.6157011088056943,0.4964391913716362,3.2873291580017088,36.558047959649116,28.024858310507508,2.9567298889160156,1.0671175718307495
00120_snr-5,-5.0,-5.083318190594892,-13.07310182674571,0.5651697523274146,0.4532098535353761,24.476934367880794,34.84409070060546,27.72537738823014,1.203629493713379,1.0941002368927002
00121_snr-5,-5.0,-5.3590579099217,-2.841515253412405,0.8018693064164244,0.6897747730451158,3.1604019157269865,38.325859733725764,30.88130109639906,1.094485878944397,1.1182219982147217
00122_snr-5,-5.0,-5.247159726762435,-5.6489085243521515,0.6739395243473547,0.44517790487209563,9.71982376697969,44.0188751063613,23.27116579960757,1.031132698059082,1.0308177471160889
00123_snr-5,-5.0,-6.567899661554851,2.1791779523007877,0.6610082465989936,0.5983465932971034,25.36252493799757,39.20026424973214,16.798575785726822,1.1372511386871338,1.0635422468185425
00124_snr-5,-5.0,-5.658730790037739,-11.537533042854736,0.7615461900711181,0.44448511796540596,24.461397418032462,27.44018400565324,20.882845494787823,1.0607905387878418,1.0939874649047852
00125_snr-5,-5.0,-5.947067387359018,-24.211845212277083,0.6531954056932245,0.45220660447949107,27.24489158982039,41.756267688768446,22.003231308668894,1.0344440937042236,1.0535593032836914
00126_snr-5,-5.0,-8.88815565704147,-0.6512679346044663,0.6256269792600531,0.6663709265123008,27.571455179974844,53.205769804747256,13.058296656379973,1.455153465270996,1.2630586624145508
00127_snr-5,-5.0,-5.00567449487593,0.5814907022880597,0.8760753280475503,0.7998398761391708,nan,nan,18.33759582176298,1.1626594066619873,1.107751488685608
00128_snr-5,-5.0,-5.630826118310699,-3.902974116374536,0.8410789472656435,0.6120888125248825,-4.196873357610614,35.8507855203928,24.179147854676458,1.0581892728805542,1.08387291431427
00129_snr-5,-5.0,-5.077839909190728,-4.882040108431818,0.7272594025521679,0.69556772302621,12.179002690896475,16.66454682282064,19.446209753620213,1.0781253576278687,1.0866471529006958
00130_snr-5,-5.0,-5.7212591983906,-2.6673137148763324,0.7958792975791275,0.6563266229843036,5.527079712696835,42.64611859770554,24.20890658824224,1.0930176973342896,1.0343122482299805
00131_snr-5,-5.0,-5.09772258386155,-7.89127824019422,0.44345444892024743,0.35474599316629424,1.5724568276374722,35.22289573483234,22.86395684465738,1.06210458278656,1.0428686141967773
00132_snr-5,-5.0,-4.882034987909601,0.8085136513828699,0.4433684123994481,0.46592933502378064,nan,nan,23.004522820700554,1.0779510736465454,1.0554585456848145
00133_snr-5,-5.0,-5.751382532809793,-4.461553033383784,0.5368993180263886,0.5018148563598767,12.062697804615807,42.858153369816485,25.174939120597884,1.07884681224823,1.0740286111831665
00134_snr-5,-5.0,-5.504037868419931,-0.5206767063254768,0.8165961990307774,0.7125266217904564,18.030823509717415,38.968642111886425,23.298685616334957,1.3509629964828491,1.505082130432129
00135_snr-5,-5.0,-5.522784917706144,-20.943362248623405,0.6333809366292722,0.21516102807379617,34.928968681172464,43.701721929280055,24.26606566151741,1.031431794166565,1.0681567192077637
00136_snr-5,-5.0,-5.056242648847707,-4.094923060038141,0.5628671446409665,0.46448091824373705,2.8632589654407195,41.552543970712605,23.261437234625607,1.0379223823547363,1.0340023040771484
00137_snr-5,-5.0,-6.013800739122215,-10.469625917119917,0.6297387372947352,0.3743683835850081,39.98799956362936,45.99800659730608,27.75204366149277,1.1039631366729736,1.0851435661315918
00138_snr-5,-5.0,-6.410877917969478,-10.908287646532056,0.6126576415280532,0.3597971303389989,49.17159656071121,55.525029107297996,24.59686492972006,1.0323491096496582,1.1398413181304932
00139_snr-5,-5.0,-5.916140030051819,1.7208081637057504,0.9136647971766106,0.8278590871216153,17.767058859396606,51.82084511263963,17.61988309560091,1.2867610454559326,1.8581748008728027
00140_snr-5,-5.0,-6.0066458956310935,-13.75474630508976,0.9068291443338039,0.67659044701779,38.823352373707344,39.130705804431756,28.981748190009192,2.684391736984253,1.5700581073760986
00141_snr-5,-5.0,-5.924024226380027,-8.438041352077274,0.5123517137234956,0.43817973620473677,21.176681661770722,44.82000402836996,18.84819661801286,1.048265814781189,1.0245153903961182
00142_snr-5,-5.0,-5.650462216227925,-19.041641432821738,0.6479334745833727,0.2879026014681898,31.145934088238402,36.30743841824338,24.313852395854155,2.6696105003356934,1.0401623249053955
00143_snr-5,-5.0,-6.1639541699051055,-12.908462746338074,0.543620426593789,0.25825095979095675,23.93587240120532,39.9324807912009,21.197717872462984,1.0723934173583984,1.047960877418518
00144_snr-5,-5.0,-5.6512468670969005,-0.5799554978537254,0.7551321939618567,0.6426441587568316,11.001911704274272,38.934003071126746,20.30570092766491,1.0805397033691406,1.0393471717834473
00145_snr-5,-5.0,-5.5387799819983075,-18.494716985401926,0.717917690821139,0.4417389056096113,15.087210347950307,42.84724922373806,28.58044920883169,1.2585763931274414,1.0670067071914673
00146_snr-5,-5.0,-5.953311283756138,-3.8548613425099356,0.7967680569227685,0.6588516311998749,26.58491297102724,43.23203179189044,17.8205745804401,1.0818384885787964,1.152359962463379
00147_snr-5,-5.0,-5.2842544216838725,-3.9725949445346416,0.7716174402101447,0.5767525741786906,5.47763764907633,40.11739930056862,23.933864702732347,1.1151525974273682,1.1321827173233032
00148_snr-5,-5.0,-5.579174729691278,1.5932166013574593,0.82360500532353,0.716002443343982,34.47396855441097,40.73854040206495,15.797184383091649,1.3397693634033203,1.2742966413497925
00149_snr-5,-5.0,-6.09103467803291,-6.685961229437732,0.49810400574815455,0.4695023584461074,36.67763726298595,49.49468487644428,14.183910061231355,1.0517487525939941,1.051641583442688
00150_snr+0,0.0,-0.7005111544277789,-4.861552797052237,0.785770244500555,0.5838245745261024,38.98750376022412,43.821481520782996,26.60582435440485,1.2616287469863892,1.184276819229126
00151_snr+0,0.0,-0.12286652338989301,6.525992977326521,0.6099454062845467,0.5591847384585247,-7.381656734424538,32.92460249369434,12.989755339145912,1.1238174438476562,1.0597141981124878
00152_snr+0,0.0,0.0849874643707596,-3.599014861599299,0.8558442013872,0.6805434694588143,nan,nan,24.81584821814105,1.1252589225769043,1.4097946882247925
00153_snr+0,0.0,-0.13547029210863354,-1.0026771369837566,0.6897077631507186,0.5568531679581259,19.10317586366797,33.068825147931605,18.461394168227905,1.0715564489364624,1.025000810623169
00154_snr+0,0.0,-0.22460608766639006,3.682628237492067,0.8967141547892322,0.8939223382745433,26.33109432665421,30.87430437360596,16.888301225154446,1.1972436904907227,1.1301045417785645
00155_snr+0,0.0,-0.14958415176439946,2.875504294466155,0.9463058640422392,0.8199451766904378,20.829410881582028,37.17300054809766,21.4598005664917,1.2836695909500122,1.1471229791641235
00156_snr+0,0.0,-0.07021681872725447,1.7657180959854957,0.7193889166297283,0.6541468067166446,nan,nan,18.73616765723437,1.1824243068695068,1.2087023258209229
00157_snr+0,0.0,-0.6212515811088654,2.1015580335866932,0.8283217807852515,0.7254582975592785,5.853589185578239,32.54174327068474,15.65055769628617,1.1355077028274536,1.0916225910186768
00158_snr+0,0.0,-0.6105493711912986,-0.9074548509182566,0.6772186843080717,0.5073779779179826,7.1473552500118585,33.20825720870991,25.402177295915248,1.1382935047149658,1.1286715269088745
00159_snr+0,0.0,0.008614293120911514,-3.346158226177823,0.6473015561011458,0.5485538977871984,nan,nan,26.54506658966108,1.0586061477661133,1.0809893608093262
00160_snr+0,0.0,-1.0709633382957149,1.3651074048519465,0.7332249114213937,0.5952790229735002,14.465257036409083,36.53255462360673,25.062768055450807,1.1350255012512207,1.0895272493362427
00161_snr+0,0.0,-0.16984186517370006,-2.970500636761618,0.8404005752765575,0.7497126347016261,3.8347660118345184,24.249657055754437,22.865123970248384,1.0763561725616455,1.1003444194793701
00162_snr+0,0.0,-1.489533464561338,1.565281159666796,0.6123297381544339,0.6681391379552888,23.06922840874529,34.36197119111442,13.504393241351242,1.1583583354949951,1.0791634321212769
00163_snr+0,0.0,-0.03045243514902787,-0.2394981705252869,0.7364125014148851,0.6829337772283531,nan,nan,22.43648082557061,1.1426961421966553,1.1367666721343994
00164_snr+0,0.0,-1.1951634249986283,-1.8186441964997448,0.7445054680862245,0.6314170409398627,4.277177561865218,34.11957319527208,26.860487912699295,1.1028907299041748,1.1928244829177856
00165_snr+0,0.0,-1.763568406616407,3.8035663877195347,0.7897433727888877,0.773848888754654,30.26087567027571,43.950878798653676,14.451707764611722,1.226496696472168,1.1609618663787842
00166_snr+0,0.0,-0.6034667152864697,4.1039131030621805,0.8367244178411839,0.7728161633474488,-10.848524949229159,26.94359633455031,16.074257432907327,1.3135825395584106,1.465557336807251
00167_snr+0,0.0,-1.1633043007962465,-0.7140673502947783,0.7648015448307347,0.6941022355462669,4.57793936282634,35.53216318297726,24.427641656180697,1.0917942523956299,1.1099649667739868
00168_snr+0,0.0,-0.4699607912145718,-2.169444363566389,0.9357573715699911,0.746773645479166,10.338067717229322,32.314727588245674,26.2268705887893,1.0813506841659546,1.1132159233093262
00169_snr+0,0.0,-0.8537120325801952,-7.281993065799693,0.7074158526180602,0.5253794077308113,28.77296756144446,42.23924692470561,30.63806598216654,1.0414860248565674,1.058652639389038
00170_snr+0,0.0,-0.3646356155118218,-4.391926662094848,0.854049817437197,0.587973888556134,-6.385818924258673,30.433710920722717,29.065943571964866,1.083577275276184,1.354539155960083
00171_snr+0,0.0,-2.191576944437565,-5.3958345858244785,0.717242846966266,0.48300998807827195,30.03228487591106,38.91729419405363,18.559827903745095,1.1276588439941406,1.1393754482269287
00172_snr+0,0.0,-1.5900808431545266,-7.981717975626279,0.7886159165828847,0.5824586484098825,34.38170934122303,36.33572071372201,21.11257125585088,1.2631523609161377,1.2204493284225464
00173_snr+0,0.0,-0.04764939215602031,0.47996716417016944,0.6932346997668678,0.6446384510446005,nan,nan,24.265202592062078,1.103102207183838,1.0686341524124146
00174_snr+0,0.0,-0.7682702397349178,-3.7190443875869237,0.755336599489967,0.567398153084233,14.291073124634279,37.84447767485848,28.09921449058919,1.0526034832000732,1.057740330696106
00175_snr+0,0.0,-0.8893337773334192,-4.721858262194944,0.8869529804190268,0.7114970403697783,28.562679068703517,32.03188402367712,21.98453414639903,1.2806425094604492,1.5103864669799805
00176_snr+0,0.0,-0.6024608695628199,-7.951089486798968,0.7066320873307547,0.5698050410017014,27.016120680323453,33.23522459775431,30.666138176491916,1.05890691280365,1.0838006734848022
00177_snr+0,0.0,-0.715666232443345,-1.3329473675238968,0.7121957441767498,0.6466338737856505,12.69940064547535,30.08147796273592,20.542041694482663,1.0793027877807617,1.0913554430007935
00178_snr+0,0.0,-0.43606130120697034,5.253941340788849,0.8149071859247958,0.8451417278128297,20.206683550058333,29.751752517891322,19.04932803253085,1.451730728149414,1.5538758039474487
00179_snr+0,0.0,0.03125795025926559,1.255006570943646,0.7537681542109774,0.7207066060393544,nan,nan,22.80796820378637,1.1965579986572266,1.4474267959594727
00180_snr+0,0.0,-0.49138609914433307,-5.375290570305957,0.8709407385735795,0.6683159750180623,22.345750448290254,31.8206724746137,26.109528260286464,1.0921090841293335,1.1204603910446167
00181_snr+0,0.0,-0.9190089173689141,3.0152490438962856,0.6718170689044249,0.6395731473290535,14.605659741818775,34.58819296792584,16.958534792118254,1.1785049438476562,1.0857471227645874
00182_snr+0,0.0,-1.9153157175901334,-0.21205020435298969,0.9508362186613599,0.9429991831199567,20.814072323114054,31.836557011099153,10.190184712648982,1.797659158706665,1.6024000644683838
00183_snr+0,0.0,-0.7034747755402613,-8.864592336300948,0.7053181531791214,0.5212976843569951,6.348532947477258,38.16848346249061,26.250936681523466,1.0393879413604736,1.0313496589660645
00184_snr+0,0.0,-0.3920070546872276,3.7665381746729416,0.699616349678876,0.7139869572507234,9.801438366379122,35.961711741725615,15.772522886854857,1.1424133777618408,1.22939133644104
00185_snr+0,0.0,-0.8534745810256543,-2.209286745672045,0.8941407904196952,0.7537524718085759,31.755997980252815,33.625270109143415,19.546916356447625,1.5420496463775635,1.184546947479248
00186_snr+0,0.0,-0.3981302578982622,-3.5007710059825037,0.8945534925601286,0.6833249047771315,8.118648312858358,29.21940263152347,27.257680640877187,1.4648427963256836,1.1330655813217163
00187_snr+0,0.0,0.06287104930277529,-3.0489214361334134,0.8359500396659907,0.685323397575192,nan,nan,30.107852155730633,1.2912049293518066,1.085170030593872
00188_snr+0,0.0,-1.2404252704420196,10.078120703766269,0.8068157866409391,0.8372845595495274,14.392348037201527,47.79119740875335,15.141378303546444,1.2302143573760986,1.0293949842453003
00189_snr+0,0.0,-0.2876723433224308,2.3329695272747126,0.9426474699793134,0.7999695878350019,-1.6181156793833487,30.69180846327438,21.54287847650807,1.34245765209198,1.5359797477722168
00190_snr+0,0.0,-1.0098608223050944,1.011597100578478,0.8820474846483337,0.8835004008230699,8.756787282913196,38.65360885774969,13.771803206487697,1.0915542840957642,1.103055477142334
00191_snr+0,0.0,-0.8095341882979596,0.25482565882208286,0.7251904698750656,0.5218883756219991,18.991933302198387,34.57375701609507,21.779185360344677,1.0635968446731567,1.0312132835388184
00192_snr+0,0.0,-0.3933914208024212,-2.531628240172314,0.608099050233049,0.5480340243959574,8.39036764711683,34.85163469394809,25.8115266734527,1.1195532083511353,1.1039661169052124
00193_snr+0,0.0,-0.9956634885849353,-0.13592326689496573,0.766221758938592,0.7170309682659418,1.901399541866549,35.84046466880847,24.959176866182787,1.0940912961959839,1.1005375385284424
00194_snr+0,0.0,-1.0360011457387268,-12.479743228316204,0.6973463266143108,0.5103052900686591,16.74674876286989,36.92772771689066,25.247159482213505,1.4484095573425293,1.0944901704788208
00195_snr+0,0.0,-1.3231344828739071,-2.243094747281085,0.6683128745058123,0.48528446504615846,-1.0710951646622637,42.12903785968201,18.414551563167205,1.1288453340530396,1.20674467086792
00196_snr+0,0.0,-1.271903995845046,-6.660722146206762,0.8712724802620262,0.6941028632698693,31.984165238830016,38.14421815194171,27.88628424366478,1.1021851301193237,1.2535786628723145
00197_snr+0,0.0,-0.5654551318154175,-8.431303451897392,0.9758666897703513,0.6370164723112378,39.278906871403635,39.91778689874463,31.1309342888152,1.1871535778045654,1.7305232286453247
00198_snr+0,0.0,-0.44777400348658636,-5.611647609189916,0.7463131664199698,0.5043944119401884,24.085581967429324,31.697608372791816,22.03319045595455,1.7025740146636963,1.0851155519485474
00199_snr+0,0.0,0.05400727145467393,-5.525471128649323,0.7886965452214495,0.6239947572000085,6.598415138010331,35.08188053505699,28.39790327861106,1.0837973356246948,1.2206473350524902
00200_snr+0,0.0,-0.48846316127679723,-3.455045836431452,0.7687989298578387,0.6829742157221739,-1.5837951023265948,30.169541724794367,28.254568292810145,1.087239146232605,1.0641828775405884
00201_snr+0,0.0,-0.5640347025702526,-1.519833008588258,0.7443846506246031,0.5816677225014706,1.3339297350892034,39.475500199395405,28.626571920688836,1.091820478439331,1.1257843971252441
00202_snr+0,0.0,-0.44298667424721716,-0.018764322195181905,0.8201175167514804,0.682987459731545,-0.49621630868136823,32.20668808814516,21.591959347404377,1.1885488033294678,1.2489733695983887
00203_snr+0,0.0,-0.9054388567213516,-1.866042972648898,0.8308389074938922,0.6072750948041206,25.81733093593146,38.74955014778124,22.868355082715453,1.0948262214660645,1.0719610452651978
00204_snr+0,0.0,-0.02061439823108841,-2.1275402807373913,0.6666756400977101,0.5436824063085265,nan,nan,29.638874289181228,1.064386248588562,1.0822606086730957
00205_snr+0,0.0,-0.22373490987665987,-1.8380986175200595,0.8096153261885612,0.6523164876384953,-6.432989204365713,31.89993982315876,28.69643211730229,1.0853880643844604,1.133836030960083
00206_snr+0,0.0,-0.6297503699633269,-1.990011603196644,0.8106879610807957,0.6029567756227477,28.311696331500997,32.51157293228218,16.926805023046608,1.0857393741607666,1.1179742813110352
00207_snr+0,0.0,0.05028733644094938,2.0144758125356534,0.8588670930793877,0.8343278752136456,nan,nan,20.039021963809816,1.5210022926330566,1.6386990547180176
00208_snr+0,0.0,-1.1091838924839075,0.6223723720896813,0.7123829606172599,0.597121799312609,3.5843633136416475,33.20375195391254,28.412598156707663,1.1026843786239624,1.1221656799316406
00209_snr+0,0.0,-0.08526530109946334,7.921482112247478,0.6631485522586011,0.6178624392928134,9.35118169712918,28.10453958576115,15.412798604458327,1.1418315172195435,1.0335544347763062
00210_snr+0,0.0,-0.08242563764553915,5.580760972722233,0.9749450319520581,0.8567577318531723,nan,nan,19.40080879086442,1.6038930416107178,1.729224443435669
00211_snr+0,0.0,-1.4526428196132268,6.06420530878458,0.7716657530375968,0.8415383368089568,0.34522981438144384,30.528785615109616,12.603985491105236,1.4724277257919312,1.1210637092590332
00212_snr+0,0.0,-0.3895869908538777,-2.5205350434133056,0.710977718687287,0.39459498968249096,6.820252489724105,38.26291638650063,20.321785165002144,1.0775188207626343,1.095832109451294
00213_snr+0,0.0,-0.08539335182620339,5.073003010224876,0.6990762534578883,0.7006921292221965,nan,nan,16.235267489816724,1.2376971244812012,1.1372121572494507
00214_snr+0,0.0,-0.09236375577179894,-3.6533180497391546,0.7904728958623317,0.5969348748670076,5.678662488246443,19.027477383157937,23.039659409738878,1.0469106435775757,1.0683833360671997
00215_snr+0,0.0,-0.9860472031643532,-2.458728104828057,0.8520643625684279,0.7075158606299908,30.574163061674607,37.82947328112098,25.33100581500183,1.1215384006500244,1.3479503393173218
00216_snr+0,0.0,0.13079778564572458,-2.5962064791911903,0.881352706065906,0.6530878837942959,nan,nan,17.508725060656307,1.108859658241272,1.3517134189605713
00217_snr+0,0.0,-0.7468307217972914,-0.8159947540899068,0.7777631006100774,0.7854716402067147,19.77721055131261,21.524386119300225,14.591954243019929,1.2690699100494385,1.4048231840133667
00218_snr+0,0.0,-0.5515980360300559,0.32819731200621377,0.6759670866997574,0.5980166814505401,11.468035337740028,32.29230639466056,25.381341446259125,1.0987086296081543,1.0881376266479492
00219_snr+0,0.0,-0.044156633930402846,0.9177786343013443,0.8303085265707265,0.7465395761236939,nan,nan,24.787411997877147,1.217360258102417,1.3511922359466553
00220_snr+0,0.0,-0.6284450929758678,-9.881293732687851,0.8408554453082429,0.6777245462987241,37.253264077415025,41.08769005538541,28.196803882237923,2.9671413898468018,1.3808479309082031
00221_snr+0,0.0,-0.35729250652932376,-3.9387014828308726,0.802286608098739,0.6215660349626736,8.799235975941379,34.12248892459103,24.055794692092686,1.0532305240631104,1.0451668500900269
00222_snr+0,0.0,-0.713889531519062,-4.735902761202284,0.6736309853060536,0.443655064951796,19.19583320355227,35.677236331155335,21.6308726713319,1.039811372756958,1.0330311059951782
00223_snr+0,0.0,-1.1473561128740204,-1.2885972681950877,0.6160407424516204,0.5463063684217212,8.779715708446428,38.31207661810751,27.154742738037633,1.0962218046188354,1.036681890487671
00224_snr+0,0.0,0.005336009420235821,-2.469509158442547,0.8292817091859482,0.6468621049224225,nan,nan,21.57690853735678,1.1382390260696411,1.3465867042541504
00225_snr+0,0.0,-0.6137550412149021,7.864962050080963,0.9060054729601639,0.9164809965214415,16.544380773238746,32.55118099882642,10.034644207138529,1.2780617475509644,1.1941395998001099
00226_snr+0,0.0,-0.5487488751864874,-3.4431130035900352,0.925919560804312,0.7691301841193728,19.619631324163464,36.481981037988724,24.523277718775727,1.0699138641357422,1.1114380359649658
00227_snr+0,0.0,-0.7747490197414831,0.6964264021429081,0.6706402075288566,0.626357072527027,26.813530709987027,30.112123097646588,18.867624320293505,1.0804349184036255,1.1011364459991455
00228_snr+0,0.0,-1.1949631466097335,-3.878743029672141,0.9135043141223038,0.6818427466060154,16.26108145917091,43.78361137335595,27.433994393173254,1.1019988059997559,2.0910935401916504
00229_snr+0,0.0,-0.7919968586223942,0.719594199714551,0.6501217127923675,0.6076068264254835,0.6781730313179077,30.090788883908722,17.193769650079247,1.124962568283081,1.0869303941726685
00230_snr+0,0.0,-0.02273460804460174,0.9699991885772876,0.8234750300583104,0.7511119163526102,-2.894119876908427,29.338573257887806,17.887831763028586,1.0989097356796265,1.0868219137191772
00231_snr+0,0.0,-0.08109063674383865,3.531674948416959,0.6557727222912867,0.7180965830539551,nan,nan,16.989719643219306,1.2415812015533447,1.1161860227584839
00232_snr+0,0.0,0.07145029354809435,-2.459976997180527,0.6973916377913956,0.5901023741748965,nan,nan,32.00193585790447,1.0703357458114624,1.1460905075073242
00233_snr+0,0.0,-1.0563917031941443,1.2087415159985624,0.9568331829681017,0.6941379804572457,7.835481294748422,16.387366060338916,14.47375022512552,1.2902538776397705,1.113990068435669
00234_snr+0,0.0,-0.008014421919785117,0.15781508824263335,0.6701191174811558,0.5944166135666169,nan,nan,19.605002654132967,1.1367548704147339,1.2092056274414062
00235_snr+0,0.0,-0.4716278232926884,-1.6493270742734993,0.8146875846657944,0.7012066996426167,24.33949502715166,32.297995705514396,27.304793399405142,1.115742564201355,1.1200900077819824
00236_snr+0,0.0,-0.8159687572843501,-3.0113319345780902,0.6544456278718142,0.5539581511087202,5.4659810813310035,32.23258109173042,28.10523670251234,1.1962900161743164,1.1087104082107544
00237_snr+0,0.0,-0.6368883331828913,-3.7016203655377957,0.7158487207272557,0.5624037266317957,17.247162513772484,33.38207013728527,30.453840191047156,1.064896821975708,1.0837281942367554
00238_snr+0,0.0,0.9794814383062425,17.66553397070669,0.9810003656468791,0.9285384639576132,-4.109091874559147,38.12613684346707,15.026475452820529,2.8958747386932373,4.389843463897705
00239_snr+0,0.0,-0.3620423464906075,-1.6569189414079413,0.7412734567918188,0.68942460751164,5.181486562947363,36.072166331801185,25.912215779582013,1.0900689363479614,1.1361026763916016
00240_snr+0,0.0,-0.13323255949386342,1.6971108538879995,0.9376037707299016,0.683357137905073,-8.137061854513593,0.0,19.82147132577095,1.1638436317443848,1.8928401470184326
00241_snr+0,0.0,-0.5283587575009778,-2.172165638622296,0.7016281351506545,0.5811744285430829,-5.13831427894889,35.77756266630024,24.947496509856954,1.06292724609375,1.039307951927185
00242_snr+0,0.0,-0.6007536588392794,0.043415470098990994,0.7263763823209475,0.6776656148516674,-2.8926146936930257,31.491137174597092,26.470349224026787,1.0770446062088013,1.069553017616272
00243_snr+0,0.0,-0.7149355628545895,-2.493626364873768,0.8676402747057265,0.6995734191550816,-1.091477041828407,41.89156327643396,29.78165997294781,1.0909395217895508,1.0646026134490967
00244_snr+0,0.0,-0.1647489001698141,1.4655919295424369,0.7864436928884792,0.5424907115020136,16.875596976883426,31.68570218894816,16.299188014638105,1.0999841690063477,1.1361829042434692
00245_snr+0,0.0,-1.9432395091191714,2.836519463797477,0.7755937334013937,0.6396826546375833,25.991195269873497,39.053469683248906,25.220136255251756,1.5825867652893066,1.2032067775726318
00246_snr+0,0.0,-0.8258143737310596,-0.6941826576392874,0.6338780226602929,0.5545490636572408,4.661414091355274,31.00094983103206,24.922983753303118,1.1223909854888916,1.1602665185928345
00247_snr+0,0.0,-0.8858181900606823,5.293192806566392,0.9149538248227185,0.8762008657046158,9.975384089375325,39.283588706325666,17.554239509737684,1.340072751045227,1.171006679534912
00248_snr+0,0.0,-0.03666282173773283,-2.2581237618060426,0.8740528412265516,0.6412676038948089,nan,nan,31.915847190281927,1.083410620689392,1.1793818473815918
00249_snr+0,0.0,-0.025816934455795415,3.736524259410328,0.7101606439678811,0.71930608210782,nan,nan,18.164687607880655,1.1311259269714355,1.0506391525268555
00250_snr+0,0.0,-0.44990552586675053,1.0365732819265638,0.6720022508596037,0.6096281734213743,3.0620321818448493,41.15868945216262,16.98026102886844,1.0731534957885742,1.0652496814727783
00251_snr+0,0.0,-0.600957415760318,2.021635871445986,0.7667085383846738,0.8017867497898838,11.982772502802707,41.074048594656254,14.92513365263672,1.166495442390442,1.0681747198104858
00252_snr+0,0.0,-0.41805793147472264,-1.6962835940653165,0.7012336150467762,0.4566107750317804,8.518344372539099,33.02300482608223,23.774708017892134,1.0502772331237793,1.116300106048584
00253_snr+0,0.0,0.1423255465172425,4.529986538396284,0.8915606922616339,0.7741586974470397,nan,nan,20.98147045576632,1.2012289762496948,1.191913366317749
00254_snr+0,0.0,-0.7923383024787141,8.88438720043691,0.9055268771547466,0.8349857319094575,3.15441843115899,30.898831273733226,18.229971369545087,1.3771276473999023,1.3334463834762573
00255_snr+0,0.0,-0.8328886477079382,-4.825583567140214,0.8916323209324191,0.7155081783344953,17.994654287094217,26.219697906613412,27.621378396877535,1.2398834228515625,1.593042016029358
00256_snr+0,0.0,-0.006639244815522062,5.551280153202215,0.9847784553467295,0.8553268037144365,nan,nan,11.345720913088403,1.971130609512329,4.206490993499756
00257_snr+0,0.0,-0.09828408060217966,-2.0318872138772632,0.5585781696192851,0.5305381928076034,-7.868880626770812,28.135701223136206,28.212945075052055,1.1289522647857666,1.1414308547973633
00258_snr+0,0.0,-0.6252308321347335,-2.013255711649621,0.5781793869723146,0.5628607560867622,1.3747038812571524,34.000070553947516,24.90605525525919,1.086639404296875,1.0624700784683228
00259_snr+0,0.0,-0.2768333490743005,-7.620590673751945,0.9503957842262875,0.65025364586614,16.53671970511853,34.27962802755734,32.181963511224936,1.0942471027374268,2.7664742469787598
00260_snr+0,0.0,-1.5570901480860577,-2.5929589168538043,0.9681645851223472,0.7485258490299385,17.192622520572613,41.97291490028454,18.92424098916521,1.247752070426941,2.3705027103424072
00261_snr+0,0.0,-0.6973649764174483,1.4144416475383732,0.7383450936285868,0.688930367596199,-3.1334862899374234,33.97131016801789,21.919861790201498,1.122244119644165,1.0719505548477173
00262_snr+0,0.0,-0.055185746992284304,0.8735171584221435,0.8257859618562388,0.8120847597916111,21.698077784201402,33.328317639180966,16.202108953998525,1.095322847366333,1.0861955881118774
00263_snr+0,0.0,-1.6612514425926324,-1.548859514370422,0.7733988012161378,0.7560468827009682,36.18960700102469,38.63672542695164,9.273753868559798,1.3004451990127563,1.2623838186264038
00264_snr+0,0.0,-0.6659249636871002,0.796488417764646,0.7374621746923057,0.717493509376638,27.743004699279368,30.212495281448355,13.623631355472924,1.2312235832214355,1.1339198350906372
00265_snr+0,0.0,-0.028092342330446024,0.6453371515833857,0.4769544186261729,0.44078484347057234,nan,nan,18.449110726594107,1.0560969114303589,1.0530139207839966
00266_snr+0,0.0,-0.023621186678182502,-1.4609743756352578,0.6483251114668767,0.4880777085946405,nan,nan,16.704949214587753,1.023748755455017,1.0663546323776245
00267_snr+0,0.0,-0.7417244764712572,-2.9348592439826633,0.6622027188890626,0.38998339063456927,17.717708966944077,33.18039206635373,28.49120255038002,1.0412800312042236,1.0701895952224731
00268_snr+0,0.0,-0.3116766067916777,-2.5227953738587026,0.8028308101395588,0.6246094064328225,6.806398196918804,30.03593910022458,30.425954947284897,1.07316255569458,1.211701512336731
00269_snr+0,0.0,-1.4017179366069308,4.402190566614484,0.6355480746251464,0.7084935522934094,27.464496583130682,45.368775277062184,17.09909541946964,1.1222732067108154,1.0856579542160034
00270_snr+0,0.0,-1.8552978426650832,0.13540502671392632,0.9360730066193564,0.7734737538068777,10.323467190402408,37.134598458797036,11.778516653831273,1.2376668453216553,1.3747210502624512
00271_snr+0,0.0,-0.6040561328159483,-3.8050080692964903,0.7948037533563883,0.672554521018335,23.612773130720765,30.195911734599118,17.46801282521316,1.0655319690704346,1.0520014762878418
00272_snr+0,0.0,-0.6549034853420849,-1.604670757525134,0.9251107846032359,0.6986838274407143,-4.436602976483435,33.53370953758824,17.919559054037173,1.2442278861999512,1.705163598060608
00273_snr+0,0.0,-0.0839099923687138,4.912967317614555,0.6829829552705227,0.668635577956209,24.023316458894076,34.517909367462345,15.695239836578885,1.098844289779663,1.0464012622833252
00274_snr+0,0.0,-0.3336543134869737,1.4448624813018665,0.7960257773670899,0.7615449399367092,2.804784234569278,32.640712440733026,21.10924510134185,1.1588135957717896,1.0852818489074707
00275_snr+0,0.0,-0.9643802263009505,3.3273269669061944,0.77037509419464,0.7476943493418445,7.812381956307455,38.78125852072237,14.33725440322762,1.186633586883545,1.1837552785873413
00276_snr+0,0.0,-0.09980768533944044,0.9642873870362544,0.8251382850356291,0.7111474908130199,6.282152100441872,28.20595586651081,22.216846676319523,1.1736310720443726,1.3212437629699707
00277_snr+0,0.0,-0.42930225514992143,-11.638303551206352,0.7187204277492246,0.4381635780568745,35.24359720860784,39.006901986786275,24.457914176364973,1.0450012683868408,1.0817598104476929
00278_snr+0,0.0,-0.5118536895862825,-9.314483712463307,0.9208951741390001,0.6232455473050622,-0.6234568833516941,32.31058005325221,25.26297313986413,1.0650883913040161,1.1049386262893677
00279_snr+0,0.0,0.04812033791285423,2.972836277405144,0.6206724897512138,0.6031986676690086,nan,nan,15.497775396949905,1.1163220405578613,1.0554656982421875
00280_snr+0,0.0,-1.1836772519272083,1.2872764862548518,0.8367114388603941,0.6787460426287171,8.016871753401915,38.55201615308098,25.437475087432745,1.0997982025146484,1.069679617881775
00281_snr+0,0.0,-0.12860752745492315,0.20095621832393606,0.8479228971500259,0.7504793119172327,2.1310169835823753,35.12736994538754,19.16700706024068,1.1357675790786743,1.1385221481323242
00282_snr+0,0.0,-0.2836213312398522,-5.436164978937763,0.9126688935014415,0.6742307008464423,31.731120938338854,31.897925433356775,26.654216961259532,1.0954359769821167,1.235124945640564
00283_snr+0,0.0,-1.269565430667474,-1.85108642212746,0.9902051396858822,0.9503812450177521,36.81968420806781,36.96472988098248,11.385998537300281,1.7901215553283691,2.5837442874908447
00284_snr+0,0.0,-0.8315096327914663,6.466263336210166,0.9879057048483182,0.8981517588656349,8.46318104283847,41.6132400446366,15.011888892507175,1.89162015914917,2.306910514831543
00285_snr+0,0.0,-0.03823439725799717,-1.9221843050073733,0.5871396941472881,0.5078073229563488,1.6384696781490202,33.96188565102927,21.66036873585038,1.0820764303207397,1.1242659091949463
00286_snr+0,0.0,-0.0387580975851299,6.738638931165102,0.8277822884637713,0.8008591393698926,nan,nan,24.033985048457694,1.2566564083099365,1.1073074340820312
00287_snr+0,0.0,-0.8647614159808247,2.8348709046161256,0.8349727396134077,0.7366178669894183,19.147102021402162,42.57244127930727,19.003690724521547,1.097652554512024,1.1067907810211182
00288_snr+0,0.0,-0.01904347028787749,3.1436830483646827,0.6926816834444369,0.750799049138919,nan,nan,15.249181179075295,1.3224506378173828,1.0783406496047974
00289_snr+0,0.0,-0.5272008888272588,-7.780842363470645,0.7143720291735296,0.4519602269946288,20.37266704032358,34.741460222365006,23.213933383470692,1.1291720867156982,1.0686944723129272
00290_snr+0,0.0,-0.01231496061858531,-2.1594166100603145,0.7360854955302301,0.6516586120397135,-9.178860490696003,16.866741004005494,27.099968127939086,1.099084496498108,1.1365532875061035
00291_snr+0,0.0,-2.0737868124428975,-2.162586781827065,0.9600517709095165,0.8080291604610219,38.937193957411104,42.33992690077859,13.447545129564068,1.086335301399231,1.1553056240081787
00292_snr+0,0.0,-0.6428139096471674,-1.9069796983502072,0.9317021132505668,0.5105674774089832,4.6771190038173724,39.94087141467436,22.168255691956414,1.070764422416687,1.4115378856658936
00293_snr+0,0.0,-0.6092396735352618,-6.853720675058145,0.8031995532002751,0.6559369891785771,23.22657091252077,30.098836782800756,26.061778085859288,1.1046382188796997,1.3581876754760742
00294_snr+0,0.0,0.023581792693248803,-1.3311672235504666,0.8734793785678111,0.7055419598957567,nan,nan,30.93690028192621,1.1128716468811035,1.1017823219299316
00295_snr+0,0.0,-0.8459143730629999,1.3438365129051548,0.9526098938969906,0.7806207642693638,17.094828238319664,40.50177453973315,25.19768667772653,1.2939798831939697,2.699633836746216
00296_snr+0,0.0,-0.5062999669308897,0.1319419379987863,0.8970571646891554,0.7408884371942276,9.096867959550476,34.84198220220023,23.899433677267037,1.4852418899536133,1.0748484134674072
00297_snr+0,0.0,-0.005055747951374322,2.283967655843982,0.8695282665091904,0.7220023629112893,nan,nan,21.14900048821609,1.1671608686447144,1.259434461593628
00298_snr+0,0.0,-1.1325766012693408,1.1518530445816293,0.7573402362361306,0.6694518256991814,12.90041133614562,37.6449903330664,13.005688607642572,1.1184675693511963,1.044231653213501
00299_snr+0,0.0,-0.3962858505540043,-5.940715498875648,0.9278287635361809,0.7353899408560874,6.583708881331333,30.76010417470034,26.679210951007903,1.0570110082626343,1.0811396837234497
00300_snr+5,5.0,4.527270956379573,-0.8164343544412187,0.8198205560236125,0.6650147972367271,7.829707902435428,39.76778676404376,26.556339783674147,1.2453683614730835,1.340219497680664
00301_snr+5,5.0,4.9675475151860145,-0.9113070238613817,0.8395638913555572,0.652557309854154,nan,nan,26.74357253320783,1.1541035175323486,1.4910105466842651
00302_snr+5,5.0,4.56937903236427,1.8088307354777835,0.8926936505211658,0.7118501774714038,-4.872145183083399,25.26519630868856,22.345716552183596,1.1120344400405884,1.1469361782073975
00303_snr+5,5.0,4.075194172741695,-6.352181530442909,0.7885658068946084,0.5475981726710791,12.92652610635972,30.567845876650228,24.7214557528977,1.0959383249282837,1.1242488622665405
00304_snr+5,5.0,4.187773400558903,9.675298438437961,0.774749378919368,0.8969100872144949,8.42173351371178,23.9582540923005,11.307574010273253,1.4481350183486938,1.1297231912612915
00305_snr+5,5.0,5.117236100466221,10.113025027928002,0.7696223204285064,0.8401646411755836,nan,nan,14.702435453215614,1.5543932914733887,1.1223394870758057
00306_snr+5,5.0,4.2990754947420555,-3.232030188328081,0.8473804727197163,0.5938772176473801,32.08966418873204,34.49812239171787,18.03339691617088,1.0725934505462646,1.1134004592895508
00307_snr+5,5.0,4.273001777234674,-2.2566044869529414,0.961337337693465,0.7023538778550008,13.94033012372467,26.72401743059316,28.368586686800036,1.132055640220642,1.3524634838104248
00308_snr+5,5.0,3.690799079437028,0.7978616839131456,0.766625731220061,0.6792497089738626,10.711243895695322,32.763253840426756,22.87506609082298,1.1570062637329102,1.1411058902740479
00309_snr+5,5.0,4.207814857257145,-2.100151121224574,0.7695952133184374,0.6235695911766848,19.532692037490566,29.741463262110535,23.30132172477025,1.0978047847747803,1.1460546255111694
00310_snr+5,5.0,4.491484177614956,3.4658970112505556,0.96036455832889,0.7414580887811717,25.86026811666438,30.68304109218831,22.713302446541213,1.2132214307785034,2.005502700805664
00311_snr+5,5.0,2.4678452950728635,2.245683231747064,0.9870186960633793,0.9467864878780519,33.13789604218315,33.31713902008686,10.271283735110023,2.4703028202056885,3.15952467918396
00312_snr+5,5.0,3.9376947212414897,-1.6929186238243112,0.9152125647331584,0.7561190476253177,29.176516136284604,31.44055844690396,22.432198228972847,1.149626612663269,1.2925390005111694
00313_snr+5,5.0,4.492358794889283,2.1050718369485018,0.9260048140378463,0.7977668302105813,8.265146108237998,34.757699713269645,22.853285512808572,1.1911695003509521,1.2944509983062744
00314_snr+5,5.0,3.3351933247681416,-5.894838754556497,0.856689130775482,0.6518469058895154,17.607971754273414,39.82679772824035,32.1779888880507,1.1100186109542847,1.3730016946792603
00315_snr+5,5.0,4.833222054523308,-1.6766143502423065,0.8632012745766338,0.7720563848572397,-0.18344680177832254,28.747659037728702,29.78025252432617,1.773750901222229,1.3459655046463013
00316_snr+5,5.0,4.688220714669262,-2.4004413753595313,0.8598078103645403,0.6523495937746056,2.279965087327364,25.414892747041456,26.769094519555896,2.699768304824829,1.1464855670928955
00317_snr+5,5.0,4.296866388032888,-1.559055357614003,0.8921104125416488,0.684582568974402,21.301831354770936,35.821367075121564,24.684922650831055,1.096962571144104,1.1494566202163696
00318_snr+5,5.0,4.9913858240364615,2.6277037563247263,0.8493331348612794,0.7649265408061152,nan,nan,15.55502685862603,1.2621912956237793,1.2706493139266968
00319_snr+5,5.0,94.79458069197656,33.45321372949289,0.9999999999999999,0.9986919684564001,-5.24341521919161,0.0,11.54568539108518,4.052652835845947,4.643888473510742
00320_snr+5,5.0,4.046174485420004,-6.881792875383868,0.7834308286828635,0.5659649777785715,3.3003647924335584,27.84118518843451,28.48164071009876,1.0697166919708252,1.0583972930908203
00321_snr+5,5.0,3.9064926076670794,3.925342036965051,0.854400483858957,0.8483172441340259,20.463401320041655,24.680196051959506,17.2812331543742,1.0924400091171265,1.0996595621109009
00322_snr+5,5.0,4.9778416823548035,10.274008022529458,0.8464771645992207,0.8980781512813354,nan,nan,14.63251075111894,1.8300156593322754,1.806257963180542
00323_snr+5,5.0,4.15677914858114,0.587033574436407,0.8852314453811584,0.6774607510232213,5.675979472392617,24.93889521141149,20.766935061578344,1.1545093059539795,1.4494919776916504
00324_snr+5,5.0,4.566352307151985,-5.6855103926793324,0.9091891523863418,0.6523118964638509,18.051358412605786,37.50918258932494,29.11850004525665,1.066138505935669,1.3544813394546509
00325_snr+5,5.0,4.743511887055912,8.007813491366433,0.8820059435753529,0.7980407416096242,0.9821376172518628,27.388756786682443,15.198858587295751,1.381797432899475,1.290342092514038
00326_snr+5,5.0,3.809357639470994,4.206802547341858,0.8426218307274908,0.7417551685987749,5.14629540742564,29.397266091788815,24.88778242902719,1.1425939798355103,1.1186069250106812
00327_snr+5,5.0,4.9937981289936255,1.420061117198179,0.9790298374382168,0.722975414814415,nan,nan,29.214347694889508,1.1624243259429932,2.5676498413085938
00328_snr+5,5.0,4.123704296632498,8.166192214420947,0.8947700230056471,0.8790830689059234,5.977050438414249,24.17068365358781,15.960628033630256,1.5523831844329834,1.3445484638214111
00329_snr+5,5.0,2.7684915035510183,6.7849608790636315,0.9458207927913687,0.8097344649171095,0.5611332416289482,41.44798012844616,22.47326627360576,1.3798716068267822,1.374219536781311
00330_snr+5,5.0,4.088620409477933,0.9912481683748824,0.9073369747230727,0.7696512917311751,-4.4280021363730775,28.47052248425825,27.814535443095536,1.2826526165008545,1.185542345046997
00331_snr+5,5.0,4.966980008753488,4.263140484598425,0.9354438585677538,0.7758096319252494,nan,nan,19.038389991408405,1.3104145526885986,1.5635275840759277
00332_snr+5,5.0,3.9646237736666263,3.047198042964048,0.7413167947814729,0.7320152691135189,25.900345902616664,31.629919060749707,14.665149540752969,1.1454355716705322,1.1832685470581055
00333_snr+5,5.0,4.6328914660725955,3.431541460132892,0.8398784988854605,0.730815476731674,-11.199599362429458,29.0204149813415,20.793612497166517,1.189976692199707,1.2018380165100098
00334_snr+5,5.0,4.353678627700603,8.36782489173262,0.898419663075722,0.900353839967414,4.318781621296621,15.400281574787032,10.978544893093664,2.0653250217437744,1.6704597473144531
00335_snr+5,5.0,3.3455833711480762,3.7327901563064976,0.8789541076084926,0.8800244263559058,23.198526571387763,23.770335936623827,10.975437139537002,1.2567273378372192,1.2907373905181885
00336_snr+5,5.0,4.894880079055649,4.125639567517863,0.8132621168958148,0.7381287455152672,4.568653907410855,37.69391959066994,18.216508128233084,1.2173972129821777,1.2370154857635498
00337_snr+5,5.0,3.85949179836604,26.84888326897321,0.9999999999999998,0.9605827725013152,11.255013853788707,47.29327219886598,11.310028382524123,3.307630777359009,4.459099769592285
00338_snr+5,5.0,4.2233836341496325,8.02898757870588,0.9726975238459439,0.8108175366264468,5.760231459088253,36.20200429964372,14.697403732085098,1.4733482599258423,2.4370288848876953
00339_snr+5,5.0,4.958576482653298,0.23603674302183794,0.8666701419130783,0.6102567803700186,nan,nan,24.73543021116157,1.1340469121932983,1.3712109327316284
00340_snr+5,5.0,3.866443284261549,1.3933152638845794,0.9094442679988187,0.6995886421679159,10.438091078119333,30.626628294735795,20.27683294877083,1.2047151327133179,1.16038179397583
00341_snr+5,5.0,4.285342802063884,-7.680791753565899,0.8342665232882629,0.619639277755576,1.8503186729614562,32.369272901929605,27.593105201408143,2.046590805053711,1.101777195930481
00342_snr+5,5.0,4.952376257321344,8.054100473640407,0.8734518345673891,0.8639934220091484,nan,nan,14.841158056912263,1.5547595024108887,1.5145412683486938
00343_snr+5,5.0,4.666923318926951,2.6510979747619974,0.8399821823522517,0.6576576548809345,-3.4869649044208826,30.697921318588627,21.198243717845152,1.1524311304092407,1.2971737384796143
00344_snr+5,5.0,4.724639062071428,-3.169560955873936,0.9195230678103756,0.6698919441062459,-12.18989908108721,11.315916109894744,31.719077304520983,1.1005104780197144,1.8442649841308594
00345_snr+5,5.0,4.465875068473971,1.1898032988606098,0.8114057963055558,0.7128906202985832,6.58513373314778,30.631944503345274,23.217371299709313,1.1233807802200317,1.3238279819488525
00346_snr+5,5.0,4.121689159932739,-6.203895564389656,0.7666145546265751,0.606203111239406,19.02334421181078,31.25755245925849,28.11329400046895,1.647294521331787,1.1132174730300903
00347_snr+5,5.0,4.942884972949168,8.557744460664708,0.8226204356653363,0.8718337907077688,nan,nan,14.550521037676054,1.6113965511322021,1.264631986618042
00348_snr+5,5.0,4.284203489503321,-4.319694113819491,0.858191428220208,0.6982889027930751,8.051042656705544,33.76022878547446,32.14180939627377,1.060448169708252,1.1155978441238403
00349_snr+5,5.0,4.047802684563619,7.032674647938677,0.7849293920276426,0.8104290595280158,-1.3815267128356858,30.402762219503693,14.50622630574206,1.4743036031723022,1.1352407932281494
00350_snr+5,5.0,4.168647534453909,0.9992463192785973,0.9142405221881746,0.7365429740538105,-6.738951304795481,31.79220313038647,26.853415452148493,1.146557331085205,1.2445166110992432
00351_snr+5,5.0,4.335773732675357,-0.3159282324141727,0.9201265121304558,0.7220722303884467,21.971285578681634,29.770903935896055,26.11299509513595,1.1543089151382446,1.3984589576721191
00352_snr+5,5.0,105.42834363742597,25.80358052679002,1.0,0.9973411326364356,-7.0106818987585715,0.0,10.757820208772738,3.974336624145508,4.643888473510742
00353_snr+5,5.0,4.4448184967893996,4.067345383080212,0.9280451144992349,0.7801801834759885,7.585170772567793,33.93323333398634,20.55172942979151,1.3408385515213013,2.6437840461730957
00354_snr+5,5.0,3.4303268587843454,9.729361261657342,0.7241542410142354,0.7322400784827772,2.375673647992535,32.628577614565536,17.989010163474422,1.4038928747177124,1.136998176574707
00355_snr+5,5.0,5.00788083341004,-1.6256522265793338,0.689192358068274,0.5284135632757917,nan,nan,23.962165191796622,1.1029713153839111,1.0991884469985962
00356_snr+5,5.0,4.70863066399062,0.9908161168772168,0.9722373370135763,0.7701714503525148,-6.186445063131874,7.7873191884450605,26.707565004073327,1.2297406196594238,2.0599052906036377
00357_snr+5,5.0,4.900801729643842,1.2616752920407637,0.6985305164885246,0.6767377808774966,nan,nan,14.916017005308245,1.1431570053100586,1.1150010824203491
00358_snr+5,5.0,3.959741417493702,0.05198485326589085,0.7804699965258305,0.6429106856478332,2.2647783035461737,30.782046129187115,28.10101333796362,1.1266543865203857,1.2763409614562988
00359_snr+5,5.0,4.3782130267644,8.068556508649372,0.8541424844469939,0.8743490439477889,-4.109471951832538,18.337613331357858,17.539057377993345,1.3616950511932373,1.2425428628921509
00360_snr+5,5.0,4.178212322092118,0.24127652333165905,0.7422082197996677,0.5818818082314238,11.317828567040063,33.956273090488345,24.795585199451576,1.1765538454055786,1.085881233215332
00361_snr+5,5.0,3.6605125701700825,4.346326402335339,0.847635519471616,0.8585220109838799,15.466244446553318,23.014072924158206,11.635942406096127,1.5701789855957031,1.402706503868103
00362_snr+5,5.0,4.062704182157986,6.920540675407665,0.8246721778799984,0.7959720739533812,1.981337638943414,26.566380013836707,11.786043378805463,1.3353933095932007,1.1578245162963867
00363_snr+5,5.0,4.197664406567231,3.454807431738773,0.9024252747320429,0.7444954144023601,-2.8073351799128328,26.716204192393626,25.44463157219391,1.1848214864730835,1.317917823791504
00364_snr+5,5.0,3.5746442383055994,5.453449629129574,0.9594667014220845,0.7370682352754812,33.163276094281635,38.02669838932943,15.82548227457333,1.5662486553192139,2.296980619430542
00365_snr+5,5.0,4.891928923291223,1.7428098062691761,0.8301251228673556,0.7854736846890215,nan,nan,23.69002934723074,1.146884799003601,1.214475154876709
00366_snr+5,5.0,4.97048784802055,-1.822560957755752,0.8349116098682127,0.590810165973938,-7.973960236295885,24.66620919880308,20.057159386227898,1.1054706573486328,1.3369532823562622
00367_snr+5,5.0,4.938162514824948,-1.649904454375518,0.7600039043206205,0.5575874699859472,1.5630414334441394,28.255049674587337,25.92622101866013,1.0826565027236938,1.1342337131500244
00368_snr+5,5.0,4.081937686169584,-2.3604722736256996,0.8230613156220349,0.6890577119639852,-8.376484295637223,23.989440184798546,29.595032339465323,1.1568713188171387,1.349705696105957
00369_snr+5,5.0,4.93103633925047,4.510817201315681,0.9158272088182933,0.8430988878996799,nan,nan,15.957815036973761,1.3213309049606323,1.1132028102874756
00370_snr+5,5.0,4.393613473878695,-1.4863381413048478,0.9485590018862735,0.706103763673154,-7.700610603585391,25.548804089079677,25.366981046493894,1.1548397541046143,1.5101268291473389
00371_snr+5,5.0,4.396815323916378,4.1192920868843945,0.8828264726874301,0.7983518797739845,32.72325217838403,35.817794115939485,8.541482074138967,1.414124608039856,1.5093498229980469
00372_snr+5,5.0,3.9257500032265065,-7.387348503847044,0.7925908114802162,0.6034997692866206,27.076577515853245,32.58255126446036,29.639248367845923,1.0505056381225586,1.142963171005249
00373_snr+5,5.0,4.201130600565824,-6.753472824597948,0.9123526448484623,0.7048566720942094,14.21603067375846,27.57882225390145,30.096309964977266,1.1232587099075317,1.1864817142486572
00374_snr+5,5.0,4.374952799742997,7.863237671625028,0.7938080271701927,0.8352679042416558,2.3284992880702706,36.792436094336736,13.774383098883504,1.536716341972351,1.0471514463424683
00375_snr+5,5.0,4.987737932294469,6.7200445683209455,0.8592571374692125,0.8421109346220945,nan,nan,16.5338697040262,1.200319528579712,1.2007970809936523
00376_snr+5,5.0,4.972946728828753,11.583670923445714,0.6818965672528621,0.7710285596353333,nan,nan,14.3778065027114,1.6438145637512207,1.2379101514816284
00377_snr+5,5.0,4.741229183794199,-0.7955859751131298,0.7794659935782634,0.6833881486188281,7.111097492261704,31.435096267168294,29.355429827704167,1.0985747575759888,1.201371669769287
00378_snr+5,5.0,4.547854549915169,-3.6244925787448254,0.7821072342622809,0.6516633133813302,1.1191880373805945,28.70848302801079,26.707861272762784,1.0850476026535034,1.0652669668197632
00379_snr+5,5.0,3.6873373141420913,-0.3421145487931582,0.8448154719048175,0.6874047938291639,2.9685835828706093,27.446264377045463,27.535473230816987,1.1307358741760254,1.2251495122909546
00380_snr+5,5.0,2.5565893889665157,8.468114367215323,0.8886618569270646,0.9305271942652948,37.30081244060651,45.701355281948615,9.723208100068083,1.35302734375,1.200056552886963
00381_snr+5,5.0,4.304408471048115,1.1860751998374537,0.9652223806712625,0.846236414248415,2.8439228318698357,13.536310927374796,14.435779313683875,1.2928524017333984,1.6252460479736328
00382_snr+5,5.0,4.905670038921059,-2.083868797388218,0.8241528854555977,0.6587576104618083,10.394863441741187,30.575818024574115,28.441747487190742,1.2084439992904663,2.095649003982544
00383_snr+5,5.0,4.9728369765249845,-0.6673734249233882,0.7747700335321749,0.6216424520387169,nan,nan,26.19778175972251,1.2221331596374512,1.3683749437332153
00384_snr+5,5.0,4.226768101031402,-2.671887063280493,0.9413709464949328,0.6604573307701418,23.25510808390178,24.838374395880173,25.67598150279298,1.219750165939331,1.7470543384552002
00385_snr+5,5.0,3.9186207877749912,-3.993877892040791,0.9259685232872293,0.7041158163474058,14.69086237209073,40.2180586729153,25.100410037017596,1.2743370532989502,1.4292820692062378
00386_snr+5,5.0,3.9750505117101875,9.463808551458508,0.9300663484056946,0.8523695896264728,2.853291859654969,28.61089711129104,17.278566555953592,1.5649101734161377,1.388759732246399
00387_snr+5,5.0,4.4648343070077665,1.0436635184790213,0.8577940426765119,0.7422841835311432,-6.631807903422073,25.25545102319469,25.672339912772415,1.1769837141036987,1.338247299194336
00388_snr+5,5.0,4.965379529333892,1.579278623274113,0.9026591259976356,0.8365153062146463,nan,nan,22.340661814462948,1.3913286924362183,2.8293354511260986
00389_snr+5,5.0,4.368017232941141,-2.3648032983459806,0.7245428104577427,0.5714092739930133,24.987849933416545,30.1659019691788,23.93391781717773,1.161388874053955,1.1897952556610107
00390_snr+5,5.0,4.91834749054373,-4.51587554825867,0.8898018232385174,0.7246173931636901,nan,nan,32.742048193208866,1.1809306144714355,1.9727349281311035
00391_snr+5,5.0,4.651318167834113,0.34760972557213377,0.9519128773122166,0.7359131265047324,9.816617363234284,31.359352726763742,23.079823814186806,1.0889753103256226,1.2498173713684082
00392_snr+5,5.0,4.432448593222849,5.400869156306439,0.9226562794859198,0.7923636570848845,6.389680558743208,25.2016442265292,21.597002952179693,1.3615806102752686,1.5997684001922607
00393_snr+5,5.0,4.953394541558469,9.94070366338647,0.8461774861034975,0.8585334759743369,nan,nan,14.919612080060498,1.7828830480575562,1.4152326583862305
00394_snr+5,5.0,4.3817822981369385,11.851249256220983,0.821526226653522,0.8801411782590508,6.585407160854483,35.822738622583344,14.769385087227082,1.6685084104537964,1.3275811672210693
00395_snr+5,5.0,4.708795510723804,6.925630790696045,0.9953154163378103,0.8647439135529996,-4.47739914407758,36.00688987364836,15.269173609954471,1.54172682762146,1.2330117225646973
00396_snr+5,5.0,4.632599567160331,-0.039288145085469565,0.8779709673355176,0.6632334081193765,11.559266838577473,34.62814837693521,20.967088303595,1.0925401449203491,1.1357532739639282
00397_snr+5,5.0,3.993554357818482,1.063785515346127,0.8665197792558076,0.7291654512092475,10.476565954178078,30.427706475238743,26.356141871704782,1.7611061334609985,1.1781278848648071
00398_snr+5,5.0,4.3413513089357005,2.091033735721682,0.909772003719319,0.6913529717646131,8.559848503763451,28.02005142349257,29.393458659910408,1.1654566526412964,1.449570655822754
00399_snr+5,5.0,4.869314649691951,3.539677779145141,0.7893557588208787,0.4899396124820666,9.53889182226587,25.19307518204954,18.85848085734264,1.0543279647827148,1.089097499847412
00400_snr+5,5.0,4.76704670560471,-1.623398478159313,0.8720236475875047,0.7293543481859943,-0.20790550802755892,33.13932360830963,26.113515454363448,1.1169487237930298,1.2761708498001099
00401_snr+5,5.0,4.163806534238082,2.0122537232722033,0.957568708560762,0.7682949557474453,0.2634223598406509,27.24523797974949,22.51364566141511,1.279139757156372,1.42403244972229
00402_snr+5,5.0,4.960802965713143,10.25777675731047,0.8454957639793768,0.8657710701272382,nan,nan,14.4674595950911,1.2597360610961914,1.1543805599212646
00403_snr+5,5.0,3.8863153574769385,-0.3306817814626309,0.9208536483836569,0.653416258957118,16.673159339118307,36.49689006818565,27.607399870692248,1.1423687934875488,1.4908157587051392
00404_snr+5,5.0,3.399463848128189,-1.0389636939068065,0.8818126744394809,0.6702066909282942,45.33847961032407,47.29157136762951,19.212489212259143,1.03840970993042,1.3170756101608276
00405_snr+5,5.0,2.348527904436862,2.5447387867833076,0.743683756449696,0.7299348866624604,35.66807252789509,37.010532120357894,12.266662420759616,1.1521140336990356,1.1814085245132446
00406_snr+5,5.0,3.64439924585467,3.0927634040730565,0.9501214422908538,0.7490376586101629,6.7635208007031125,11.617167763882325,19.538821241916647,1.2930707931518555,2.231022357940674
00407_snr+5,5.0,3.875889623715862,6.657216905113264,0.9755761458680381,0.9669484164761998,36.76448070012227,42.456420379951005,7.5224736321858625,2.856214761734009,1.6190998554229736
00408_snr+5,5.0,5.016052156831416,2.8832963094869495,0.7561350745841251,0.7431587464318329,nan,nan,23.57863647400612,1.2369571924209595,1.126604676246643
00409_snr+5,5.0,4.449226942970426,6.068987520595463,0.8543888063575145,0.8133266895496283,7.270111727261459,32.13487256341833,16.811817873934256,1.2215216159820557,1.2449636459350586
00410_snr+5,5.0,4.998525547987275,5.938258428003436,0.806691272803688,0.760694272672765,-8.365492668247981,13.146128861287355,20.071802353080095,1.3405821323394775,1.5602498054504395
00411_snr+5,5.0,3.989411680242715,5.299122433821696,0.8892251415874962,0.9359138213999395,-5.920032718339179,9.300564839112294,12.728209380850663,1.5946584939956665,1.2523510456085205
00412_snr+5,5.0,3.8583370076651247,-1.8815993734573255,0.840309296571683,0.6897529503080367,17.88198590610966,32.43311904313419,24.888134295955687,1.1264575719833374,1.332434058189392
00413_snr+5,5.0,1.4177449142965157,14.210450849363935,0.9935942407655304,0.970911785528366,15.364399620939942,37.46632847239423,7.593493892276897,2.148942470550537,1.6116597652435303
00414_snr+5,5.0,4.506496119708013,-1.3208208485414454,0.9240782834216849,0.7345103365554534,-4.4478560260790125,0.0,24.86351255142997,1.1652055978775024,1.725995421409607
00415_snr+5,5.0,2.174171118144394,4.7939854932169,0.965337482758833,0.9649840824641757,29.01949386726646,32.75289692372363,9.681466374908092,1.463411569595337,1.66790771484375
00416_snr+5,5.0,4.891743972464971,9.243754757576506,0.8569571861641642,0.8535808724654171,0.6249805003187009,23.695232685511407,15.80012827249242,1.4812815189361572,1.3623958826065063
00417_snr+5,5.0,4.906078778072338,9.942041262804322,0.8325377471877409,0.8794132801948793,3.7217742849917057,23.421691462662004,15.899325453200287,1.972916603088379,1.6243317127227783
00418_snr+5,5.0,4.215272358439314,-4.33059002533906,0.8505992489121412,0.7129964710213257,10.721008377526042,26.17358211017972,29.27811430423091,1.0975345373153687,1.162890911102295
00419_snr+5,5.0,4.650312102429197,-3.7822543876557506,0.9243662468982095,0.6615205623328515,6.970901925808567,20.307559003691722,27.610768247049734,3.364525318145752,1.4355289936065674
00420_snr+5,5.0,4.702927623558331,8.908417584357517,0.8417034877961669,0.8402933167152892,nan,nan,14.215915331592448,1.3432326316833496,1.1778885126113892
00421_snr+5,5.0,4.637432952782774,-8.587084658964107,0.8073016356454297,0.5998828657067202,20.123019738473488,29.390440116481614,33.77079600296305,1.0486047267913818,1.1464897394180298
00422_snr+5,5.0,5.035951333783118,-3.000081354421064,0.7813801670474549,0.6979107497904573,nan,nan,28.93544752539506,1.1501953601837158,1.1385507583618164
00423_snr+5,5.0,4.99586295732618,6.442099750878625,0.6701953137330503,0.6880407118822078,nan,nan,17.63010507894444,1.1958389282226562,1.2073025703430176
00424_snr+5,5.0,4.968927353039288,-0.8338140947890783,0.7852367780431994,0.6745632440908832,nan,nan,26.510947186191956,1.1214772462844849,1.1667611598968506
00425_snr+5,5.0,4.644047471982668,4.6483141175816325,0.8157186500546644,0.7432945131513297,21.89194095358983,27.25259036044664,16.358251987661117,1.265588402748108,1.3480312824249268
00426_snr+5,5.0,4.386258163766241,10.20581443871629,0.8988006240127081,0.9358112462404521,6.507010864387592,29.401780053234386,11.647479590500605,1.5449402332305908,1.373810052871704
00427_snr+5,5.0,4.11459034711019,0.21246861682614,0.8866306244067228,0.6886408647201215,33.468595773925095,34.085078475051354,20.495515599920726,1.213796854019165,1.5002961158752441
00428_snr+5,5.0,3.463240730171811,24.566466723344732,0.9999980917045075,0.9957594940527679,1.3202036037308056,34.26337238396344,8.821258237226077,3.6253294944763184,4.031921863555908
00429_snr+5,5.0,4.394871184964683,-1.2754946388478714,0.906901520912873,0.6948872557670185,30.4501968183504,31.32608297840877,22.917996630241227,2.3124256134033203,1.523118019104004
00430_snr+5,5.0,3.8398984713025053,-4.634344883722963,0.7051556391247144,0.47520124642992917,14.534998902939032,30.735793237571425,29.152691228991866,1.0705126523971558,1.1441993713378906
00431_snr+5,5.0,2.967851223761346,10.793262585986543,0.7895038794958252,0.8670909272133341,13.205863527610898,30.79978935235364,10.064565561635455,1.9379780292510986,1.1751494407653809
00432_snr+5,5.0,4.276586163454761,-5.168661784226537,0.8356075590678043,0.6531419438868017,32.377525856475856,35.22454978568034,25.590920666213115,1.3991807699203491,1.061929702758789
00433_snr+5,5.0,4.429833684303587,3.224975001106551,0.8622213430997615,0.685321116497609,-5.393970330357323,14.576609052348864,22.77476927595416,1.1044185161590576,1.169997215270996
00434_snr+5,5.0,4.556803561675096,6.947932759942699,0.9189091875872576,0.9053049443146867,27.867868973930836,33.05979356437238,15.914412926288517,1.4049179553985596,1.2993677854537964
00435_snr+5,5.0,4.303558832906696,-3.146466742587025,0.7869664367005879,0.577141595361139,20.15265634612499,34.28759640679209,26.319608000871945,1.0461193323135376,1.0645312070846558
00436_snr+5,5.0,3.828348402641745,8.787789888537914,0.8428658961054452,0.8981488980470791,10.367099936739478,29.39502457129231,14.477238843093062,1.4266177415847778,1.1094564199447632
00437_snr+5,5.0,4.26939965715558,1.8811871612245825,0.8701580120884366,0.7803481272919427,2.127925652388746,28.98676801038413,14.178787462276578,1.2017796039581299,1.1774320602416992
00438_snr+5,5.0,3.3000418884008074,0.4876529595819675,0.878211233753726,0.6891597794078901,34.25955225749319,36.81389509384711,20.66536969002894,1.118995189666748,1.1923227310180664
00439_snr+5,5.0,4.238041245576411,-0.4444060972162823,0.8945730127200554,0.7618624457247432,3.571275793896386,32.89280058349581,25.14193154164959,1.1695582866668701,1.2417733669281006
00440_snr+5,5.0,4.651863878680143,-0.029633135664360995,0.7682286267479803,0.6574518352120469,20.016300244673303,31.0708311741992,21.99381942986194,1.05870521068573,1.0762228965759277
00441_snr+5,5.0,3.653401258722572,3.2949516770887035,0.807187948548325,0.7257941825414665,21.601753958303483,42.085562389082796,18.48210531247552,1.1767079830169678,1.111005187034607
00442_snr+5,5.0,3.748731480511954,-3.3892865809160226,0.8965011272459894,0.631029003822628,20.709476665703978,37.263613312588916,29.971357731283202,1.0768182277679443,1.22370445728302
00443_snr+5,5.0,4.601082301144893,0.18566148996060464,0.8732277597765895,0.5970336790374801,15.403451563508611,27.0393486376741,24.902518895076778,1.0778580904006958,1.3083324432373047
00444_snr+5,5.0,4.004812383094948,0.32589868726916327,0.9790739062508841,0.6601075037563268,12.290153385733394,36.49619738250739,23.632198480107903,1.157090663909912,1.8523027896881104
00445_snr+5,5.0,4.5975396548773535,2.0912610374443807,0.7915685732279713,0.7446312322683821,-1.292751343704569,29.14281989164184,22.236837148140232,1.11331045627594,1.0498054027557373
00446_snr+5,5.0,4.99530356726951,9.434512071885742,0.9184786205807042,0.8978340773023429,nan,nan,11.4959496977179,1.6129978895187378,1.414750576019287
00447_snr+5,5.0,4.924536609121526,-1.0120331754685867,0.8868639457203986,0.7388244015384048,nan,nan,24.74560578308951,1.2336212396621704,1.7590785026550293
00448_snr+5,5.0,3.8516377810720845,8.249518950570714,0.8128107379984523,0.7987281917414862,nan,nan,13.614026789201516,1.5844767093658447,1.281224012374878
00449_snr+5,5.0,4.962322365053933,-0.8640040258006689,0.8595698710108208,0.7777081381792318,nan,nan,22.138065401925907,1.128969430923462,1.1763193607330322
00450_snr+10,10.0,9.573183864488513,8.929947632412569,0.941155404753631,0.8154058061156793,-0.5172228820427132,23.007611068498708,13.009919349317183,1.5754207372665405,1.6003953218460083
00451_snr+10,10.0,8.550186470018511,10.174226269927505,0.9163873780176125,0.9278719573482722,19.58326688851877,26.157987488306414,13.547664116824574,1.6961027383804321,1.9606893062591553
00452_snr+10,10.0,9.865964414188594,12.927995186909534,0.8820684750136522,0.8795126406682227,38.338368787713726,69.51801935961798,12.745841237830899,1.5349946022033691,1.175206184387207
00453_snr+10,10.0,9.043759382571325,2.689968357757686,0.8928097535404934,0.7216502559489808,6.04446177407671,21.48887527766396,21.561695004834625,1.2820682525634766,1.587568759918213
00454_snr+10,10.0,9.276620644470842,13.970090644377095,0.7727493207602075,0.8584983455593955,-6.953643171476422,23.99611086758689,11.987383376817183,2.2228143215179443,1.2842000722885132
00455_snr+10,10.0,9.534852135763721,1.5444028874013036,0.9368080464989889,0.7923588849708764,18.34749444894868,34.37661083094558,26.214885250902313,1.1884427070617676,1.932192087173462
00456_snr+10,10.0,9.097769165827495,2.222319475883307,0.8875378118452566,0.7141492722235957,10.551738651338425,26.784181037508624,24.91365295307201,1.1927976608276367,1.7810062170028687
00457_snr+10,10.0,8.509449466465298,10.559470214795946,0.9294637219552859,0.869474410465074,12.284005087771938,31.03968147566748,18.760026051994846,1.2788376808166504,1.2259141206741333
00458_snr+10,10.0,9.641827014645273,12.187935377742322,0.9516787402379413,0.9210390608486977,3.3929642162853115,13.911698417123988,11.822307673597061,1.9136502742767334,2.008042812347412
00459_snr+10,10.0,9.68123215976059,-0.9157817286909574,0.9984469965180931,0.75880310235512,-10.874772027383683,25.483816661069344,29.61348862881142,1.1649781465530396,2.2048065662384033
00460_snr+10,10.0,9.973895754945708,-2.7552995737193484,0.864863918042721,0.6534969957481935,-4.724455667840775,8.728026748453178,27.751158047848595,1.1191375255584717,1.4110264778137207
00461_snr+10,10.0,9.981850279405776,11.366184079492957,0.852359570174184,0.8780868826259732,nan,nan,16.045984484156577,1.5326393842697144,1.5812325477600098
00462_snr+10,10.0,9.384535897313267,-2.4705582783442748,0.9278976190002078,0.704311021074594,-2.804583045799667,21.011713969273856,32.77458771626722,1.1438612937927246,1.7426031827926636
00463_snr+10,10.0,8.627063222905882,9.06906371459691,0.8745079591355355,0.8764970548409193,23.169677381894417,24.07794565843059,10.8171181005573,1.2814258337020874,1.299443006515503
00464_snr+10,10.0,9.229687159832064,-0.146594793169882,0.8743000584219576,0.6679122043045805,7.81302682511539,22.998230261562966,31.15077664898036,1.1256576776504517,1.3050003051757812
00465_snr+10,10.0,8.105777786100738,7.019496049092403,0.86772483270991,0.8384750039562527,17.240401011346176,25.841381346841622,16.227613100309352,1.3435804843902588,1.6772582530975342
00466_snr+10,10.0,8.670514034566818,3.131278480065661,0.8860070433560178,0.776985077230822,19.804883015175847,25.736282226179515,21.21661740656486,1.197089433670044,1.3198901414871216
00467_snr+10,10.0,9.77735886878882,11.429224619349451,0.933794666719856,0.8955590843282327,1.0057870075756112,25.210605939392956,18.022232664901964,1.6903717517852783,1.9929215908050537
00468_snr+10,10.0,8.869654634126054,4.588534985793419,0.9343924502967276,0.8112686186177869,14.381795095875168,26.119870236738123,11.401293349078097,1.320969820022583,1.5143439769744873
00469_snr+10,10.0,9.98293719217655,-1.5624240764848365,0.8944461520197757,0.7261825570329759,nan,nan,25.968683082214913,1.129467487335205,1.3105950355529785
00470_snr+10,10.0,9.475390394339362,-1.8770377856668417,0.8999635563862121,0.7003332448238662,-2.8387044589819324,22.595823492428227,27.68120133990473,1.1625908613204956,1.3688229322433472
00471_snr+10,10.0,9.417412094235027,1.9570059180542578,0.9366238461513329,0.7547387632808874,-2.043382765143721,20.161510990933937,25.84858663646129,1.4072328805923462,1.6421723365783691
00472_snr+10,10.0,8.285087998382748,14.444477453154327,0.9157470944291967,0.9340706285280921,3.628149657213438,25.594941662577458,11.135785155006904,2.085289478302002,1.1185121536254883
00473_snr+10,10.0,9.289494489461521,1.1534273030193318,0.8955169636356999,0.6694156494435294,11.547999398639305,24.545593340297344,25.999045448670433,1.1196986436843872,1.2108047008514404
00474_snr+10,10.0,9.030241614016148,3.581904112885759,0.9675306174909238,0.7979410433158269,7.825485048081005,27.57671063126299,21.542479229018813,1.176558494567871,1.508773922920227
00475_snr+10,10.0,9.778315126402283,0.9469873773649272,0.8745052053594612,0.6847037250299528,1.3561679775402757,22.677048884472136,25.063720765941817,1.217718243598938,1.2233786582946777
00476_snr+10,10.0,9.81394272846494,7.085102261231198,0.8351053058617265,0.7668900524380408,11.460048311658344,18.740309094090634,19.339700266887867,1.096239686012268,1.1715065240859985
00477_snr+10,10.0,9.078004455904857,-0.45305639389682717,0.991824689857027,0.7557495307282417,4.477166444780094,29.711504678801216,23.09466648337423,1.3297160863876343,2.2352070808410645
00478_snr+10,10.0,9.882770407268769,2.9898908678827993,0.9433860452359442,0.697738582636533,-4.665148170022072,17.063407312879065,20.79817119076495,1.1982967853546143,1.6065123081207275
00479_snr+10,10.0,9.557927477954179,3.439066624175969,0.9121069484735181,0.6705865017761927,-6.637572379608855,21.171371305988277,28.467616229226003,1.1394801139831543,1.3331708908081055
00480_snr+10,10.0,8.269507338393627,-0.15501180716126448,0.9617668959532799,0.792671844724862,16.006334937204556,28.493021538896794,20.892146959176145,1.4204615354537964,1.5338327884674072
00481_snr+10,10.0,9.966599348788334,0.862202932087056,0.9717520520227793,0.8021744020329976,nan,nan,27.682287304316596,1.218794584274292,2.8816237449645996
00482_snr+10,10.0,9.963976546670963,4.865073267956802,0.8642017512836737,0.7804095418385611,nan,nan,18.090445183840135,1.2529032230377197,1.3070411682128906
00483_snr+10,10.0,9.172890270735039,9.884664898316599,0.9909057207998896,0.9636658183314507,0.05008346740867587,28.764067671811283,8.601771745289533,2.4766499996185303,1.9399640560150146
00484_snr+10,10.0,9.478850347500504,-0.09214619975677893,0.8869685948036384,0.6536746693119503,13.059377084092361,21.804507438974312,26.954004099515004,1.0919713973999023,1.2402284145355225
00485_snr+10,10.0,9.35233180439531,-5.270964406317189,0.9051079327684797,0.7031681383753509,1.6269442029670265,23.851134741725364,27.072704529413905,1.5818390846252441,1.2227146625518799
00486_snr+10,10.0,9.870697344215186,12.311362532679395,0.8990054846149153,0.9288527018045944,9.87095113877052,28.000810534483662,16.0250360594256,1.446907639503479,1.3911304473876953
00487_snr+10,10.0,9.991153164069171,0.35682106425182836,0.9363802276366664,0.79876967656669,nan,nan,29.785817007647783,1.2667218446731567,2.2546727657318115
00488_snr+10,10.0,8.620790550958674,12.0656285489755,0.8952117785377829,0.8955509149720471,18.10155673681306,27.098319144306707,14.193559921722764,1.624539852142334,1.425464391708374
00489_snr+10,10.0,9.050035031221807,7.433953608900852,0.9138520182027434,0.8435654153957614,1.8510278126116861,25.176275208958753,17.855998576211743,1.3215134143829346,1.252713918685913
00490_snr+10,10.0,8.3844086278372,13.173405661670948,0.9490643279005916,0.948016817252198,-3.2405635957024375,30.888204208132144,10.642912228153124,2.3716163635253906,1.8339933156967163
00491_snr+10,10.0,9.819542904733503,1.496728671464397,0.954646609098921,0.7984287598951549,2.733814323457628,24.2515151029089,25.58554290853377,1.2257299423217773,2.6863317489624023
00492_snr+10,10.0,8.007593965689283,1.237385554189936,0.942274215114425,0.7533482926475571,3.254018455827769,31.448257780874425,26.778578902431317,1.2323497533798218,1.4510623216629028
00493_snr+10,10.0,9.986567763562613,10.502352478293579,0.88269062619921,0.8765243286223687,nan,nan,14.544057268997848,1.5183589458465576,1.4699043035507202
00494_snr+10,10.0,8.596254360268677,-3.3191715762159553,0.9487680854963179,0.6453186638420484,-3.5727575473445605,28.32574079715002,32.371029864781455,1.1350170373916626,1.5831366777420044
00495_snr+10,10.0,8.89023580898434,10.011104955813915,0.904951206290764,0.8267478060306592,11.168646400497765,23.345238189369788,14.751711045685465,1.2357221841812134,1.213355302810669
00496_snr+10,10.0,9.944624196507094,12.178669259589938,0.9784747703173,0.9560472078941743,nan,nan,12.037552305473083,2.6116087436676025,3.2906062602996826
00497_snr+10,10.0,9.44760888715925,13.032678774156219,0.9031353504642503,0.9214919908908467,-6.305176605804066,23.09671837743199,13.470289937897926,1.7166715860366821,1.2636932134628296
00498_snr+10,10.0,9.186626014610917,-0.4251924074812502,0.9296913305152491,0.7708619622953904,-9.926423431281385,26.835256961791018,27.25916015778825,1.1686314344406128,1.380360722541809
00499_snr+10,10.0,9.95795352252566,8.457921724481952,0.8946040079234889,0.7349479583065002,-7.716302167293692,0.1811768057747579,10.746180459741021,1.1513618230819702,1.4170140027999878
00500_snr+10,10.0,9.373860285044412,13.578551834554712,0.9908936499536963,0.9513556167526611,4.839448971797741,39.32736800976596,14.434927371604049,2.1740963459014893,2.3689310550689697
00501_snr+10,10.0,9.852331154007091,-0.6616721212380627,0.9060013928103194,0.7343363447971814,11.01099817777888,16.62690993611633,27.79021479803458,1.1418201923370361,1.5105714797973633
00502_snr+10,10.0,9.771092722266467,-3.3685102226112633,0.9757714783613708,0.758911327623374,-7.935925910951048,20.561865064929606,32.701068988511885,1.1800403594970703,2.8800623416900635
00503_snr+10,10.0,9.276277829475843,-2.2270061244526946,0.8826085914856882,0.6883629088221294,-6.924634065414924,25.85588218739797,24.821749298007738,1.1206986904144287,1.1307026147842407
00504_snr+10,10.0,9.328508605061879,1.5143577225551066,0.8496332939043637,0.7217403895714096,4.698734518840578,28.120069759889933,23.603350699996778,1.1586986780166626,1.100114107131958
00505_snr+10,10.0,9.221222525688864,4.134471219678614,0.9608257459432377,0.8721522459744763,13.572907735175175,22.640925827801503,15.258494852778737,1.5342915058135986,1.9236340522766113
00506_snr+10,10.0,9.981594363656093,-3.2421114426234383,0.809485021804344,0.6029414321202892,nan,nan,28.377560886883735,1.0805575847625732,1.254387378692627
00507_snr+10,10.0,9.293390538472137,-2.3097063211456974,0.9167569599764464,0.6751620467083855,21.737607633462545,29.262830485569108,25.827574750006747,1.0982526540756226,1.179443359375
00508_snr+10,10.0,9.672833233603937,11.732573856426956,0.9707280381093291,0.9632571114986149,-4.851689901037198,17.433938118331625,13.958444416952466,1.8971108198165894,1.6226708889007568
00509_snr+10,10.0,8.99357885340195,2.36227297169057,0.8672118782088719,0.6866321271526196,18.06210232605736,26.950993361233458,26.381722058150675,1.1782443523406982,1.1756151914596558
00510_snr+10,10.0,9.635470961983101,8.685422046303131,0.9470861377860004,0.8694273888129441,-4.426289325905305,26.248866392026834,17.380313519858408,1.4401521682739258,1.2842938899993896
00511_snr+10,10.0,8.462390662224541,2.1069670677941024,0.9090072391571572,0.775480131782913,0.3308665876740323,37.61580385309039,26.032272570321823,1.305842638015747,1.4808924198150635
00512_snr+10,10.0,9.122514385544411,-0.4671639388974125,0.8999938668241797,0.7142247933729271,-0.8427241378249782,26.10992762915943,27.083285703453015,1.1295115947723389,1.312961459159851
00513_snr+10,10.0,9.300095885829352,9.116889529312417,0.893678504087038,0.8231489802716672,-8.849271381690162,25.93985525244073,14.17474393828016,1.4693233966827393,1.5211925506591797
00514_snr+10,10.0,9.078737696203952,5.668337994017438,0.976359344163026,0.8486975082048547,11.224856573998736,17.68467879373406,18.888590836494416,1.5686720609664917,1.6203047037124634
00515_snr+10,10.0,9.278206560152995,0.7412476577435528,0.8284712130707218,0.62534150170484,8.406822098453441,19.14602837110821,24.105840880686326,1.1566851139068604,1.3805922269821167
00516_snr+10,10.0,9.23968266772971,-0.20333808388160013,0.9063465985355167,0.7374859626085633,9.828736521717671,24.99010105843924,27.052490174197356,1.145219326019287,1.1913437843322754
00517_snr+10,10.0,9.99774859705097,-0.7269953404697426,0.8264097744016041,0.7246258872740351,nan,nan,26.428369925974536,1.1662094593048096,1.3409701585769653
00518_snr+10,10.0,9.752487716753514,2.0619389678780062,0.912263480236594,0.746519629402043,-6.468189441504455,28.917110604380426,23.454390718296814,1.2384624481201172,1.966355323791504
00519_snr+10,10.0,10.014291673604156,-1.9880109676927427,0.8978930019222412,0.6799987348665524,nan,nan,30.387788122485112,2.360349416732788,2.258618116378784
00520_snr+10,10.0,8.907906451482067,-0.11800445078746426,0.960349103425245,0.7740263501298282,-3.9338896329649797,32.2334935471867,27.923381035236098,1.2955882549285889,1.8492201566696167
00521_snr+10,10.0,97.52440491256893,20.379080897190775,0.9999999999999992,0.9824024801085327,nan,nan,11.183792580488417,3.5805132389068604,4.643888473510742
00522_snr+10,10.0,8.39548306406058,9.991781836429913,0.8523282497937119,0.848328097550152,-5.208080135392713,21.32629443761282,8.67289992602393,1.6166945695877075,1.4807960987091064
00523_snr+10,10.0,9.259917292701132,1.5565031569810173,0.9207397914895633,0.7700197798988203,-5.6040770568211515,25.889971576427335,25.34698756925864,1.2402997016906738,1.601433515548706
00524_snr+10,10.0,9.268665276077432,4.11334325243507,0.9356547571337418,0.8112516420466007,4.282719589774195,23.90917328736379,25.828584657165173,1.3083937168121338,1.8669278621673584
00525_snr+10,10.0,9.45369784606014,-2.3001165503241654,0.8504385905349752,0.6548862788684772,13.445590640078587,29.475318404081964,25.03938376847376,1.0930227041244507,1.1093389987945557
00526_snr+10,10.0,8.96540039693496,16.833817917281955,0.8436325690058919,0.8839917297644417,-9.53987854743187,17.050386967377232,14.332536332463858,2.0295217037200928,1.6998462677001953
00527_snr+10,10.0,9.91190520434297,5.33014398119831,0.9667469086973522,0.863111700722786,-0.24140796593198172,10.756156657148706,18.07246508071501,1.3155187368392944,1.8346542119979858
00528_snr+10,10.0,9.956717152927713,14.524840799913276,0.9289460629176056,0.9331152187139293,nan,nan,17.18064859812678,2.2373759746551514,2.5681052207946777
00529_snr+10,10.0,8.122724888412753,9.467501692584758,0.9012920459520489,0.9055307550792181,36.93335853850583,39.40755943158645,16.08137132253541,1.162642002105713,1.1054059267044067
00530_snr+10,10.0,8.715073886591577,6.1015654747522206,0.9825615960168568,0.898260247098523,30.197422915733515,30.76322754828319,16.3539479347365,1.736922264099121,2.7678232192993164
00531_snr+10,10.0,8.39265445749538,5.838803152972747,0.9390058663997849,0.8305747853765989,5.646753272736456,13.998303649528982,15.139940421309934,1.2657995223999023,1.4848175048828125
00532_snr+10,10.0,9.501851773677943,14.741204071574707,0.9396258269194179,0.9694294518758227,-0.20754944112071733,31.210487022182747,10.895590700641534,2.711277961730957,1.6215331554412842
00533_snr+10,10.0,9.988921632566983,6.482984335684575,0.9616294909923271,0.8733269076525797,nan,nan,18.37771547478723,1.3501121997833252,1.3847427368164062
00534_snr+10,10.0,10.006336212947229,9.297838582898617,0.9322785652540809,0.8929641799194047,nan,nan,16.77963119467486,1.7533466815948486,1.722485899925232
00535_snr+10,10.0,9.743406255314309,6.367686363785868,0.8999747241745526,0.6895671699642286,-0.11728577301600127,21.76379171489326,24.53041232015495,1.1790616512298584,1.5543482303619385
00536_snr+10,10.0,9.671725824125986,10.125048467693897,0.9902529509569763,0.9083433245439282,1.510773386878832,30.973315699838373,14.941150228132534,1.7658731937408447,2.9607722759246826
00537_snr+10,10.0,10.058131638541987,10.140820005453408,0.9792380833309487,0.947338473662262,nan,nan,15.55996698990057,1.9011650085449219,2.4138946533203125
00538_snr+10,10.0,9.925264615325698,4.928655062210175,0.8708240282610153,0.7871121889172875,-8.550807013759234,17.437411779744345,24.515260140491204,1.2872775793075562,2.0600152015686035
00539_snr+10,10.0,7.584114290542747,13.330281559345211,0.8854311977308593,0.8531277988804318,3.4118390591384684,23.984295280491544,10.413933061349027,1.6825751066207886,1.359968662261963
00540_snr+10,10.0,8.734316223359848,10.878949232944626,0.9325095756095672,0.8896614618404449,-5.048424649146766,23.32769342834521,15.383666569599074,1.9566620588302612,2.2531685829162598
00541_snr+10,10.0,9.266141746166207,12.305950532088598,0.9289732981184015,0.9011852400588275,18.10814181992267,27.93054658675585,15.52043077692728,1.4964901208877563,1.5975100994110107
00542_snr+10,10.0,6.509028130651622,2.7261348574089563,0.8893897784614504,0.592716762055007,28.377438894237457,39.15498607907876,14.154287183409739,1.1697460412979126,1.198718786239624
00543_snr+10,10.0,9.925274984363657,13.374400581380034,0.8926239106164171,0.9142881237817385,nan,nan,19.779223703379365,2.4444239139556885,2.176420211791992
00544_snr+10,10.0,9.976451997145874,8.299708635087331,0.9772963291282348,0.8956262569116423,nan,nan,15.73698026870927,1.67006254196167,1.8512136936187744
00545_snr+10,10.0,9.980931431743317,5.829444481351052,0.9221565337549521,0.8170201356093971,nan,nan,21.47285614611497,1.304491639137268,1.5960023403167725
00546_snr+10,10.0,7.105775337409225,14.177531674861733,0.9374656709554302,0.9324810797528451,15.229975600421144,33.49096733207303,9.793664272225183,1.9780070781707764,1.2993417978286743
00547_snr+10,10.0,9.001220848828686,-0.14435160361348975,0.9022949264490429,0.7380150664802023,24.67618565880644,28.805452866877104,25.106912396118428,1.1322954893112183,1.3342931270599365
00548_snr+10,10.0,9.088430925722768,4.1879456820877445,0.9761037695282081,0.7792910746998972,13.918754675662452,24.753297935628794,21.963448570353567,1.473984956741333,2.88727068901062
00549_snr+10,10.0,9.566177668914694,-0.6098037965554328,0.969650189010381,0.7201727691254673,14.074470077748757,30.139621627052726,31.20624533033483,1.1702123880386353,3.295060396194458
00550_snr+10,10.0,9.54705107497511,0.37135000959002157,0.9001714029925322,0.7505352250940811,-5.013184867138548,20.0392285013535,21.671700840806505,1.2186083793640137,1.3564236164093018
00551_snr+10,10.0,9.943259446006373,-0.40818993869625847,0.9121339738405788,0.8131700429365725,nan,nan,27.97400710560106,1.1631323099136353,1.6720552444458008
00552_snr+10,10.0,9.973224080956964,4.445089955965877,0.8324974049836846,0.7413907465131087,nan,nan,19.868791430796772,2.5850865840911865,1.1678086519241333
00553_snr+10,10.0,9.915188385201512,2.0116748781314717,0.8613706241349423,0.6881704783514601,24.165593005197433,25.004414994922882,27.321985973470298,1.1060749292373657,1.2876096963882446
00554_snr+10,10.0,9.486920648600641,-1.4144803689136505,0.8511247009474613,0.7275411458221562,-14.627313037859746,22.599416028540595,27.47603254943438,1.1847178936004639,1.3176957368850708
00555_snr+10,10.0,7.615851111433488,4.267200456909971,0.8968485387924262,0.7652611346713217,20.406486188010465,34.03007864934615,22.45338220341712,1.210243582725525,1.145453691482544
00556_snr+10,10.0,10.008247945790687,-1.0729823447490872,0.9350992640822567,0.7764893987376668,nan,nan,29.17316704530641,1.1275677680969238,1.4198966026306152
00557_snr+10,10.0,9.374912623616128,11.012234479727404,0.9225773974126082,0.8774038846236971,-9.86562318422183,19.4853104539864,18.195184603773544,1.4635798931121826,1.4728107452392578
00558_snr+10,10.0,9.656046790402073,0.3678685055336769,0.8228051621449555,0.6864206641680596,6.039781188794034,18.947666302941983,23.882958971943513,1.1390864849090576,1.1790058612823486
00559_snr+10,10.0,9.046219857066985,3.876511712999222,0.9414614254506032,0.7841698575134867,-5.450378560015524,22.315731389483958,24.80237470220271,1.3098673820495605,1.7941925525665283
00560_snr+10,10.0,10.001317987709033,-2.873051074634226,0.9753108930522457,0.772268953002447,nan,nan,24.989380825774507,1.154423713684082,2.1163101196289062
00561_snr+10,10.0,9.566242608504187,5.928795387711383,0.9389330540359874,0.8155302703036397,-4.8740893608109985,26.43759345940945,18.15553722798243,1.2239383459091187,1.1888470649719238
00562_snr+10,10.0,8.63732067633595,4.892864201591613,0.8234715947850125,0.724380813816202,-7.356322818845382,21.937958852064448,22.068501537812555,1.4685070514678955,1.5912818908691406
00563_snr+10,10.0,9.462391287779626,10.426647447232916,0.878914373871579,0.8660365920450142,-0.06645942429702806,22.945614570949196,12.989573271990482,1.4457200765609741,1.2857643365859985
00564_snr+10,10.0,9.561176616722806,4.231624091177329,0.975352255408764,0.7685493614740151,-3.902980011259972,-0.0011792280676949062,19.70431371102165,1.2298741340637207,1.6278934478759766
00565_snr+10,10.0,8.828570799936086,0.4832778619414587,0.8427507345053686,0.6503679721730046,-4.997567715428278,27.76481999213676,22.354422808141535,1.179768443107605,1.211647391319275
00566_snr+10,10.0,9.927181781955595,6.2874602105141495,0.736722653360268,0.6933599864476896,nan,nan,19.992968555560797,1.2146953344345093,1.1787029504776
00567_snr+10,10.0,9.586086327179569,-1.961477604481796,0.9473494564397883,0.6524515283423137,25.781507743010366,36.723771397952035,28.557942739704778,1.1406185626983643,1.9903819561004639
00568_snr+10,10.0,9.305181788595995,15.060638569816383,0.9295276146867522,0.9271205353381798,13.948442134602292,25.6528333202565,12.10630732271127,1.9343611001968384,1.7498352527618408
00569_snr+10,10.0,8.944475958542368,12.456969444763955,0.999990272500425,0.919946011018417,17.243258968933016,31.771727427023745,14.38289152945473,1.7362794876098633,3.9971354007720947
00570_snr+10,10.0,9.216577860127604,15.90784812439245,0.9365956690743211,0.9450354885005918,1.6226728650648852,27.252222829371526,9.638344803160143,2.232235908508301,1.213218092918396
00571_snr+10,10.0,9.257396961507405,6.8264856621862435,0.8981815403428748,0.8399660480218792,-2.5023424870423656,22.129275746020426,18.945886566157693,1.567530632019043,1.6373393535614014
00572_snr+10,10.0,9.983947210223509,10.907737675415099,0.928560169560028,0.9124735590922767,nan,nan,16.340011865584067,1.8140454292297363,1.415762186050415
00573_snr+10,10.0,9.965861739518026,-1.4275018170794938,0.8902882441449734,0.6846810286031472,nan,nan,22.979963694413755,1.1338988542556763,1.3646005392074585
00574_snr+10,10.0,9.95678548011348,-1.7133935045645956,0.7205381251420839,0.5933844492253086,22.90278687211775,24.662011160483015,26.482694135990734,1.0861244201660156,1.133899450302124
00575_snr+10,10.0,9.968773313391823,21.99671893652972,0.8684018908482604,0.9058418425073207,nan,nan,13.529742308018205,2.92853045463562,2.0006613731384277
00576_snr+10,10.0,9.408173982983339,-1.4313321166068804,0.9582927564562886,0.7394834263312495,0.7660794828755138,26.444245000298793,27.203021734998856,1.428652048110962,1.4602558612823486
00577_snr+10,10.0,9.79733583622368,-1.2870167877906051,0.9332379509102904,0.6839427510110431,6.021577032053441,23.898200453072317,29.776498016370844,1.1293091773986816,1.5646140575408936
00578_snr+10,10.0,9.527733965680161,0.44096439021885314,0.8936993470448834,0.6948673555427923,-3.649720789163882,19.607090186085724,27.75157314132923,1.147905945777893,1.279179573059082
00579_snr+10,10.0,8.698794936267891,3.6976830091493063,0.8912167046026517,0.7690451297890111,8.55186979161334,28.79982266756054,19.92577316524971,1.1685513257980347,1.1734919548034668
00580_snr+10,10.0,9.950592172868744,4.101498873264494,0.9695587816515684,0.85748242383637,nan,nan,25.171524359860868,1.4026851654052734,2.3588008880615234
00581_snr+10,10.0,9.837349015223836,9.104278430055864,0.840999988232477,0.780772966166573,4.193067067951392,27.055291301978322,10.774325350349123,1.2574738264083862,1.1947109699249268
00582_snr+10,10.0,9.977757297178483,11.531992172516567,0.9353213987780654,0.9045389175151618,nan,nan,11.940173121007845,1.5859463214874268,1.8448190689086914
00583_snr+10,10.0,9.806131992383765,14.557018544443777,0.912026610273493,0.9415581715093385,8.655194662090368,24.738981914794653,11.800484042500164,1.8170475959777832,1.2017627954483032
00584_snr+10,10.0,9.350383946057667,-2.9462217270139925,0.8984104800460503,0.7391880519586024,2.942375103937054,20.282320940092333,31.3636150154874,1.152878761291504,1.6093406677246094
00585_snr+10,10.0,9.791825606301103,6.39652111226395,0.9426546469836506,0.7827240656205734,-1.7320982713395785,12.868720204708005,13.259195159381179,1.2993484735488892,1.390036940574646
00586_snr+10,10.0,8.859948293593758,14.003523900008439,0.8361624088414404,0.8713091850616534,7.455655410149673,22.733675335807554,8.697124467510113,1.9629583358764648,1.3717780113220215
00587_snr+10,10.0,9.588834009674732,-2.5622397208807914,0.8318666604627264,0.6947024813208287,4.965595503269283,28.29883746669519,28.371903226688865,1.09578275680542,1.1807689666748047
00588_snr+10,10.0,9.33294990180521,16.251643910393454,0.9158684489880231,0.9486940637107482,-6.697221575896589,27.545384414455405,13.97769576334025,2.1567463874816895,1.5370762348175049
00589_snr+10,10.0,9.955987205555228,4.270684244707493,0.9541557178362573,0.840268932073642,nan,nan,20.334903609555617,1.3310978412628174,1.5292587280273438
00590_snr+10,10.0,9.878318252023298,0.4555719668509174,0.9082227214290401,0.6647103453107107,6.720958924288252,15.583138688628551,25.51457958002314,1.0720545053482056,1.7092856168746948
00591_snr+10,10.0,9.261824531984221,8.73345024983897,0.8373847260072405,0.7922213298122497,3.6179122707588354,30.144957507796853,14.32716518348922,1.3324823379516602,1.4360538721084595
00592_snr+10,10.0,9.421868443284335,1.824402171723135,0.9372745578276976,0.7548388907539222,1.3959250359486008,29.616532145988256,19.58236187486523,1.2074639797210693,1.6099207401275635
00593_snr+10,10.0,9.462375055351725,1.5888313834220393,0.9640450693326053,0.7888016094822582,-6.5589096708516115,24.94621904333298,25.343389769434037,1.303662657737732,2.004889726638794
00594_snr+10,10.0,9.978827223105963,0.5903007151587102,0.9020779673893743,0.7407427992271332,2.127016101611348,23.707561186886355,26.272961791603123,1.303307056427002,2.6291110515594482
00595_snr+10,10.0,9.203184931080324,0.13962632462492774,0.9855049975860487,0.8073583584169276,6.683925877728183,31.510402884316644,26.81740640521097,1.2749251127243042,2.184483528137207
00596_snr+10,10.0,8.399495997272945,10.417640337374383,0.8560712684999976,0.8755593041194054,27.121655616244954,29.130162214204283,11.347207576351828,1.6188197135925293,1.512589931488037
00597_snr+10,10.0,8.107493196450875,6.291723142028884,0.9086265701356163,0.8449829618395951,-3.7655033180773776,34.158888018220644,17.652311625490505,1.3063544034957886,1.3313204050064087
00598_snr+10,10.0,9.4798098315074,5.8165084570134375,0.9208324465041712,0.8582187331289709,24.987883743075457,27.80068773447192,15.629276612003615,1.2041263580322266,1.3782527446746826
00599_snr+10,10.0,8.874520712362502,5.524131808821449,0.8376071057511892,0.6383878177307308,-1.453605122382364,21.784131805067545,27.17295342643173,1.1878268718719482,1.2044237852096558
