id,snr_db,sisdr_noisy,sisdr_enh,stoi_noisy,stoi_enh,pause_resid_db,pause_resid_db_noisy,speech_lsd_db,pesq_enh,pesq_noisy
00000_snr-5,-5.0,-6.050548182058839,-2.2422612223126928,0.8367707545400914,0.8456659182453362,39.71072599545085,44.70934338717314,11.955297355736663,1.4404668807983398,1.387115716934204
00001_snr-5,-5.0,-5.070439647877202,-0.9934354951010207,0.7211205922735272,0.6842241550446423,nan,nan,14.381378624981645,1.1022897958755493,1.047074794769287
00002_snr-5,-5.0,-6.320000471455734,-4.276436471315587,0.8690641054133231,0.83107655548099,19.830903789964893,24.92509477120381,13.888536376285305,1.1815836429595947,1.1859756708145142
00003_snr-5,-5.0,-5.84597314050182,-22.49852124834848,0.6296379484381658,0.3119914726775642,27.928500059329018,32.3390572654379,25.950105941256798,1.0361156463623047,1.0513668060302734
00004_snr-5,-5.0,-5.037695175966562,1.2021913329370502,0.8176554157623133,0.748683828394839,22.014775328296594,39.62188654556524,14.3796458755698,1.328566074371338,1.4040312767028809
00005_snr-5,-5.0,-5.423223940557107,4.204090088986729,0.5947395354385446,0.5379086285751037,6.0065049486675415,38.73099664034092,18.64646036254064,1.061964988708496,1.0599335432052612
00006_snr-5,-5.0,-6.074347969273305,-3.859189946906551,0.7746169554963671,0.7490438063637674,33.84847451445947,40.17966500125317,12.147354124339508,1.1371572017669678,1.1427713632583618
00007_snr-5,-5.0,-6.2573618468466305,-9.266447930953177,0.6582136125882482,0.4933727467424935,33.63008700363615,41.38798315434648,19.393685881155363,1.099274754524231,1.0789083242416382
00008_snr-5,-5.0,-4.973088783243822,-2.665992882823386,0.6819675216843508,0.5257220091079019,30.639807921246334,38.08632285650878,16.965095507294723,1.0527687072753906,1.0949047803878784
00009_snr-5,-5.0,-6.365221520858846,2.405207333824517,0.8177560606941928,0.6465560981049214,4.012117064309055,41.98865078250855,18.20403801196617,1.1151050329208374,1.0943057537078857
00010_snr-5,-5.0,-5.811128766434379,-0.24199865134509568,0.638271678899934,0.6023140590339475,17.620889662988276,42.175507425609396,17.806806736279015,1.04539954662323,1.041823148727417
00011_snr-5,-5.0,-5.625983691231945,-21.41390196422985,0.5334552871839353,0.15990182942748496,26.084427471140206,34.357897768042605,20.238299281243258,1.086599349975586,1.101860523223877
00012_snr-5,-5.0,-6.450401531454055,0.6809707286003386,0.6025660677649927,0.5689824544192565,20.747481374352134,42.393623826490696,17.893603884193766,1.0617023706436157,1.0497055053710938
00013_snr-5,-5.0,-4.777352708299811,-8.022154309171064,0.4438688015333131,0.33686201802855664,nan,nan,17.91993177024906,1.0365227460861206,1.0702627897262573
00014_snr-5,-5.0,-5.229531521526578,-7.444196440534294,0.7371759328771191,0.5098318081529695,-1.2227260620838591,33.79345025237343,24.733225682478906,1.3059134483337402,1.1082446575164795
00015_snr-5,-5.0,-5.356390368871082,0.9910140010648755,0.8465438452844346,0.8002194845822418,25.386616444593443,42.72517711801464,12.947831121348345,1.1478577852249146,1.0704141855239868
00016_snr-5,-5.0,-6.005529132046989,-10.465696562890317,0.5622218899452391,0.30986932310309145,23.152761732135744,38.60321467913326,17.820189108244342,1.0836833715438843,1.047783613204956
00017_snr-5,-5.0,-5.881710929340224,-5.263753066037269,0.5350784710251858,0.4345066986352495,12.291074302784263,44.56334596922635,21.74528942625872,1.0776243209838867,1.0453044176101685
00018_snr-5,-5.0,-5.468904874607774,-8.914203602238041,0.663084419802249,0.4307666947041091,23.319862135912164,35.82463100041722,18.625966049132366,1.029725432395935,1.0690419673919678
00019_snr-5,-5.0,-5.1103657108360245,-3.2491468895154227,0.5274917707640775,0.5098199572188583,33.646099042295546,38.666377660567434,16.20827613407773,1.0955348014831543,1.0718412399291992
00020_snr-5,-5.0,-5.248945471976589,-10.832576315049964,0.8027176344220724,0.5366767206020062,26.85235301051304,27.915057222986782,14.70215490343967,1.0596575736999512,1.2436517477035522
00021_snr-5,-5.0,-5.5623419902810145,-5.973151320980948,0.8513365721261472,0.7538495456749155,9.93872770900118,15.804298138001283,14.3812516221586,1.349440574645996,1.5202741622924805
00022_snr-5,-5.0,-5.539835541488997,-1.3751486784124365,0.7690714259207942,0.7826991131480243,38.06184310642577,41.14857460917296,12.367663397219545,1.5345873832702637,1.2731256484985352
00023_snr-5,-5.0,-5.388742454272929,-3.7671050758552562,0.6525701967607718,0.48789886988071174,32.80689457351749,40.755744766412924,14.326116441974008,1.046909213066101,1.0589152574539185
00024_snr-5,-5.0,-5.374868419925396,-2.423413745781695,0.6435521224348992,0.7324366904325884,-3.9066177867305303,34.530426220361036,14.40116847008412,1.053639531135559,1.045608401298523
00025_snr-5,-5.0,-5.841623447415907,-8.295615066148589,0.6635987474128542,0.5507410875812359,27.073838119697513,43.432055517225265,12.667436181291455,1.0515278577804565,1.0382686853408813
00026_snr-5,-5.0,-5.906248826637047,-5.038327010075192,0.9415832473415489,0.9422923773251222,43.987891956980675,44.25710671837871,12.539548641265414,1.407995343208313,1.4008573293685913
00027_snr-5,-5.0,-5.147168970092524,-5.3392086668476235,0.549611821244896,0.5007475881916417,27.9088975140305,35.563032374112964,22.290088023259283,1.036440372467041,1.028411626815796
00028_snr-5,-5.0,-5.507291180050167,4.624785910476885,0.794900523690066,0.7297529106105014,0.907623493610842,36.31874945749535,18.165308765353533,1.256681203842163,1.1030718088150024
00029_snr-5,-5.0,-4.8920525709397165,1.142689475387139,0.6753239406051059,0.6400812647351356,nan,nan,17.17965031778195,1.1090459823608398,1.0441081523895264
00030_snr-5,-5.0,-5.1032017046367,3.777708566482179,0.8899563382960909,0.824617254786556,nan,nan,15.407818157258147,1.2793043851852417,1.2456226348876953
00031_snr-5,-5.0,-7.13361401455924,-21.29907475673771,0.5688210484677471,0.2635179155374902,39.87536133250674,43.40747188406257,21.586634316908142,1.0948892831802368,1.0849578380584717
00032_snr-5,-5.0,-5.970227275856431,-10.911395669317676,0.8273111988604759,0.420885663378774,32.903325250783304,42.93728036628475,23.01012140083394,1.1080416440963745,1.0845810174942017
00033_snr-5,-5.0,-5.04454165936949,2.3889905370937825,0.5197545076114007,0.5283757260448027,nan,nan,18.236237893065724,1.0848801136016846,1.0582841634750366
00034_snr-5,-5.0,-6.213307732598397,7.5520794504990985,0.761674694749516,0.8000481366583491,7.407759573635239,44.77386508595549,16.226187807650458,1.4071323871612549,1.0525014400482178
00035_snr-5,-5.0,-5.175866507676291,-7.116363537568184,0.7452414126836503,0.5453022650918198,40.2822330130208,41.154387089248544,13.338600103740445,1.0465328693389893,1.1038445234298706
00036_snr-5,-5.0,-5.073958240219075,-2.884630662382743,0.47911491800294703,0.48370249620114775,nan,nan,17.359874955225937,1.0539759397506714,1.0346837043762207
00037_snr-5,-5.0,-6.516404159527466,4.673611853286966,0.8327868748073892,0.8426520948479727,26.067867493578404,41.22519622618359,9.565816659198834,1.208380937576294,1.103332281112671
00038_snr-5,-5.0,-5.399228843656852,-4.990598915971298,0.7983578241344715,0.6866013294471451,30.523651450935496,37.044466979337855,17.75889888429483,1.055174469947815,1.1007647514343262
00039_snr-5,-5.0,-5.139185948487913,4.515029335639446,0.8523898649608354,0.8101555060665959,16.24320575144306,32.23784301112517,11.256937750004443,1.5556519031524658,1.311154842376709
00040_snr-5,-5.0,-5.5295813603921875,10.205465261071382,0.8807497327082268,0.8432569470434745,17.291846978514485,48.784277295721594,11.585310479192797,1.404013752937317,1.3853371143341064
00041_snr-5,-5.0,-6.220257950820721,-1.5761987527007462,0.7310622876730825,0.7215744500002883,22.955442400094917,39.449780190581144,12.34827183448852,1.5225598812103271,1.3411282300949097
00042_snr-5,-5.0,-6.856291000262139,3.8495113941119263,0.5906619474605687,0.516567359280549,6.91611334688746,41.108842543856916,18.072263305526207,1.1649256944656372,1.0437195301055908
00043_snr-5,-5.0,-5.541699454603978,-10.148365642404755,0.5582329243440757,0.33163914362788416,30.369585164220375,39.12796246263127,17.902314896067363,1.0508522987365723,1.0534772872924805
00044_snr-5,-5.0,-6.824234636702843,4.91777850663235,0.4531383703589911,0.4765094132258956,24.35407326843087,52.71629412008235,14.851072014668048,1.0988653898239136,1.044822096824646
00045_snr-5,-5.0,-6.334694473663784,1.8093655753653164,0.7953471105750668,0.7924019211651689,23.851820820192664,37.04916167015526,11.893108481592227,1.2115075588226318,1.1070536375045776
00046_snr-5,-5.0,-5.581081972889221,-4.636315171960879,0.5706082799393768,0.4282509359747313,10.883010614567239,44.60390842343699,20.695335756383678,1.0488961935043335,1.035876989364624
00047_snr-5,-5.0,-5.097502158200333,1.8728786232841064,0.5267907096530784,0.4281068256604632,16.847529221569527,38.76759495443639,19.507754826591693,1.062719702720642,1.0372997522354126
00048_snr-5,-5.0,-5.209390823116196,-15.213005957019412,0.5553777169425741,0.20821471375915143,42.72804324323039,47.08390570181014,19.93817335746969,1.2587343454360962,1.0415316820144653
00049_snr-5,-5.0,-5.490308814188078,-10.136841347712265,0.5051525224623731,0.26792396926419454,21.827896104684896,30.839150494007708,18.1853393257815,1.0436043739318848,1.0420804023742676
00050_snr-5,-5.0,-5.8906801769943264,2.603909536320707,0.8465505711707301,0.5925056055133392,19.65482806990405,44.43099254308355,19.16553648162712,1.1560924053192139,1.3577468395233154
00051_snr-5,-5.0,-5.509366593561697,-3.9348685937407053,0.5808070492345448,0.40452885471626154,14.78410946516078,39.25999111220487,20.518136940973864,1.0510894060134888,1.045376181602478
00052_snr-5,-5.0,-5.49213982231077,-0.9847909204578831,0.8936767142285297,0.8625040589321342,37.41500291423225,44.707342936899224,12.51176810791755,1.336158037185669,1.4268720149993896
00053_snr-5,-5.0,-6.054243319785622,7.102560668669689,0.5891891248372602,0.615391726568742,14.744484435125646,44.52153613449784,16.336733340224285,1.1237845420837402,1.0539075136184692
00054_snr-5,-5.0,-6.262764350818739,-5.894275511661587,0.6726654337025958,0.4370915101360841,14.268603749860214,41.41168422558553,24.09998654135806,1.127113699913025,1.0771019458770752
00055_snr-5,-5.0,-6.132507416620213,-1.7026593245328459,0.643453042272001,0.5474358834819093,15.450095376699462,40.20707806022451,20.72503659048281,1.0822951793670654,1.0517971515655518
00056_snr-5,-5.0,-5.19217130393876,-2.7757882844462847,0.6716809815966979,0.5160060128438599,20.532368305962624,41.53687797552073,17.31060568556712,1.0586493015289307,1.0918762683868408
00057_snr-5,-5.0,-5.303979488265225,2.1535990434880343,0.9257462857607466,0.8182131234787828,9.296007222108202,19.28727528859808,12.744660742544843,1.0862447023391724,1.042741060256958
00058_snr-5,-5.0,-5.014515434602956,4.793809919948667,0.3596424098161544,0.5070055475939842,nan,nan,17.38000140279276,1.227276086807251,1.151836633682251
00059_snr-5,-5.0,-6.996102271741112,4.257875832864773,0.5563205749919417,0.42013305044619076,11.310916361132326,43.42432953395705,20.898659954977973,1.1803535223007202,1.141396164894104
00060_snr-5,-5.0,-5.3910293797322995,-5.090917986833889,0.9316832130989307,0.9276481690578742,42.857376111604985,42.916860860047336,9.926320527692054,1.2156835794448853,1.2391223907470703
00061_snr-5,-5.0,-6.31475165504458,-2.270035025313018,0.6263810079740187,0.49007563585821534,26.927063225769583,42.52400654180931,16.085339375902965,1.0837634801864624,1.0701959133148193
00062_snr-5,-5.0,-5.664167306634487,-7.0454561527500426,0.7472765493071851,0.5529794772278503,38.00112513675336,44.842621485337915,16.16189640502685,1.06609308719635,1.0544376373291016
00063_snr-5,-5.0,-5.074810915099298,-7.307649724891455,0.6675123258982065,0.494502107827055,nan,nan,15.7832851113777,1.0419789552688599,1.0422017574310303
00064_snr-5,-5.0,-5.405701770383441,-8.720729581566337,0.8561261203784111,0.6308630665575704,46.88969769530736,51.835427658157485,18.175441877808627,1.1141023635864258,1.7818124294281006
00065_snr-5,-5.0,-5.691912635066403,-7.790173533083559,0.8359371452823522,0.553386518825065,36.37885351050998,41.787453051600735,18.36735444528437,1.0858491659164429,1.063647747039795
00066_snr-5,-5.0,-5.694113151551743,-2.136297272872614,0.588732624407259,0.5358218212671996,6.6419069088005545,41.47898695737861,20.363986454080592,1.0557371377944946,1.2904921770095825
00067_snr-5,-5.0,-6.458520411412099,-1.5564949206242171,0.6862992195425056,0.6686299932239568,18.306757039686428,38.91900444744718,20.31486368415015,1.075518012046814,1.0505808591842651
00068_snr-5,-5.0,-5.577459886219806,-8.421390506768804,0.7463088165448484,0.42305772994277163,24.12848191795743,32.48225514947866,24.591971341438903,1.0544410943984985,1.2235631942749023
00069_snr-5,-5.0,-5.780855137297031,-6.431738974763428,0.56404087789864,0.46640606659886585,28.677742379801344,45.09754555199194,20.06547099868785,1.0679807662963867,1.0915629863739014
00070_snr-5,-5.0,-5.629063259807481,-6.455466991232186,0.5630035838245407,0.43110139699643324,28.950632635460046,47.650640723910975,19.978593010752704,1.051058053970337,1.0848075151443481
00071_snr-5,-5.0,-5.730246901699294,-6.427262799827514,0.7468295587841939,0.654702090873515,37.93909234348214,42.287602504984406,16.942285128585606,1.1217104196548462,1.1230028867721558
00072_snr-5,-5.0,-5.030281964284795,-18.22524467106223,0.6553080406302364,0.2864290114747196,nan,nan,20.7170547383002,1.035744071006775,1.1167982816696167
00073_snr-5,-5.0,-5.7623916354100055,-5.034799143644095,0.9297491534992334,0.6934044379032548,40.719538605327514,49.16545334189017,19.3174193632325,1.2558844089508057,2.4172070026397705
00074_snr-5,-5.0,-6.137770699406737,-4.890363068815208,0.8088142508233958,0.5480713643571605,32.816949118435055,44.54705006841702,17.83803119800106,1.0886036157608032,1.0962618589401245
00075_snr-5,-5.0,-5.728839159216369,9.690407079362885,0.9569114467019624,0.8765669786788968,21.81446025195652,41.138570385293264,11.275915452293747,1.572439193725586,1.594497561454773
00076_snr-5,-5.0,-6.228964278834898,-12.847530230507136,0.7075184692456271,0.41118497334706106,16.95425511814228,21.632966622710367,17.166805147679966,1.0749255418777466,1.125076413154602
00077_snr-5,-5.0,104.31342102708072,9.280145052153202,0.9999999999999998,0.7742951537044959,-6.819873328547548,0.0,15.895596622457278,1.7872436046600342,4.643888473510742
00078_snr-5,-5.0,-6.191398173457397,5.7866150960337315,0.8428305176580705,0.7988805488247532,25.52370630749463,39.810141047009154,13.081188735533829,1.290836215019226,1.0446265935897827
00079_snr-5,-5.0,-5.77297683411087,-3.8648568396023197,0.8887184028157411,0.8743582070961717,0.9218470977322414,41.932008523448914,16.880604156453103,1.2693679332733154,1.3526310920715332
00080_snr-5,-5.0,-5.763487030959079,-0.055898953015306146,0.7192885366582001,0.6657716034440055,26.888033743426604,41.1022396066151,16.006611721898803,1.0847111940383911,1.0543370246887207
00081_snr-5,-5.0,-6.324727143304873,-14.242180410018117,0.6381514222598793,0.37929510670504707,31.704772574944357,45.359807546527264,19.534093597487036,1.023008108139038,1.0253139734268188
00082_snr-5,-5.0,-6.268588598708864,-7.320484801672499,0.8728513940134215,0.45999896710812865,20.3336669954503,43.68781826883638,24.468007293480238,1.1518160104751587,1.3635940551757812
00083_snr-5,-5.0,-5.6672781355731106,5.794302761177058,0.6747591951604641,0.6903878138995047,0.6736045809677994,38.562508521076055,15.134658493454754,1.2195464372634888,1.1474854946136475
00084_snr-5,-5.0,-4.98769460894183,7.128694210806655,0.8129775744489156,0.7812578967932523,nan,nan,13.376879560608078,1.2587754726409912,1.1271543502807617
00085_snr-5,-5.0,-5.975525941055926,-1.4640708431327745,0.7048119505110565,0.6984539055523059,33.67893687452363,50.13424169314399,15.052191323726467,1.0990582704544067,1.0698531866073608
00086_snr-5,-5.0,-5.236923379061599,-8.135899725619023,0.674659521422755,0.4472527272286504,33.24750600363028,42.52897432333506,21.170842922464598,1.0298429727554321,1.0325543880462646
00087_snr-5,-5.0,-7.1576630005061705,-3.9779843972203395,0.6124914579780054,0.590550941603289,34.67715920932943,44.9600003150973,16.146303653307374,1.082665205001831,1.0872678756713867
00088_snr-5,-5.0,-5.687650629179066,-10.617326778954158,0.7735056958485715,0.2900951753755909,19.93142672449293,45.819439140078174,29.392919403054183,1.0634946823120117,1.0361634492874146
00089_snr-5,-5.0,-5.6311115708624175,-20.32571483424871,0.5651665517806331,0.24615118727319615,30.58133256310789,36.42995740631504,23.12462769813432,1.0210152864456177,1.0437766313552856
00090_snr-5,-5.0,-5.55880313389188,-3.880809097523468,0.5812238832571341,0.4367711728548728,32.53779843707278,41.01726403078342,20.14677704139283,1.0607733726501465,1.0868713855743408
00091_snr-5,-5.0,-4.995323131259411,-2.700955676116032,0.6120648120521408,0.5822014325644628,nan,nan,17.770464414629025,1.0377427339553833,1.0283470153808594
00092_snr-5,-5.0,-5.006234748413635,4.660531050930347,0.825935202838787,0.8494292655631316,21.86561597419116,27.260207510387428,10.799622402485971,1.636643648147583,1.552506685256958
00093_snr-5,-5.0,-5.23791257398484,0.3645809660473348,0.7427089577416808,0.5287863085376383,18.44961828105028,35.550989577003314,20.36575268958927,1.1037304401397705,1.1802468299865723
00094_snr-5,-5.0,103.24065347456809,11.208544698961404,0.9999999999999988,0.9518936913691787,nan,nan,17.516187049252654,3.350781202316284,4.643888473510742
00095_snr-5,-5.0,-5.275184326403344,-0.8839349545193004,0.5286929514135466,0.551160100401982,28.76575915050346,35.82986522419179,16.87396076208113,1.0527358055114746,1.0460357666015625
00096_snr-5,-5.0,-5.607233198669612,-4.865459279027035,0.6848098656047095,0.4973642905194313,29.687926364043587,42.785014561638484,22.293763623303192,1.053922414779663,1.0418155193328857
00097_snr-5,-5.0,-5.366335906493377,6.27443875488479,0.6139622463242492,0.655416106491235,10.471556834052658,38.361274836328214,17.172679824366615,1.0757540464401245,1.0292257070541382
00098_snr-5,-5.0,-5.112240079006804,2.1862584471764053,0.6204525393925916,0.6107737304736165,-2.2347788021059505,41.24726176690362,17.96772843952986,1.0512102842330933,1.0428707599639893
00099_snr-5,-5.0,-6.043549698924778,3.804477367514118,0.6241594612410089,0.5994952148836437,16.694841482988384,42.54421607577038,20.583935960875504,1.1075888872146606,1.028041124343872
00100_snr-5,-5.0,-6.393797557007135,-2.400693050214454,0.7550801134582037,0.6365320963814693,8.444517062794393,44.725584482136185,19.143085197419477,1.1101154088974,1.1171027421951294
00101_snr-5,-5.0,-6.737118154921137,-11.681161427499342,0.6483868829345494,0.4953764786678377,32.492949812252206,46.70458687003831,17.023337259343343,1.0523802042007446,1.0635713338851929
00102_snr-5,-5.0,-7.227858339541207,-4.993319564589104,0.6410297406716717,0.6266618573159927,31.919205778018114,44.05657361889478,13.657473865535747,1.1547518968582153,1.2994590997695923
00103_snr-5,-5.0,-5.233444307440282,-2.044734693521551,0.7703158206479098,0.8211091289675899,31.38667055357459,33.50301972043633,15.225115902628572,1.1040174961090088,1.0988496541976929
00104_snr-5,-5.0,-5.002939032596459,-0.27410466223419794,0.5106135711221274,0.5292174299799541,nan,nan,13.279500406906818,1.0763658285140991,1.054855465888977
00105_snr-5,-5.0,-5.09523446668684,-1.6065974018783948,0.5474037900709984,0.5877380994035073,10.498847300405947,34.86276179129352,17.364874549899465,1.0650330781936646,1.0345697402954102
00106_snr-5,-5.0,-4.984956358437071,-4.151962361505589,0.6951238315642458,0.6213040992722495,nan,nan,19.604316040777597,1.061585783958435,1.0775152444839478
00107_snr-5,-5.0,-6.716201649313125,-10.182325058611903,0.8281370778453592,0.5336284179365641,27.786901364199053,40.54632543655149,20.775002037114792,1.1575754880905151,2.017159938812256
00108_snr-5,-5.0,-5.726754898386027,-4.828207052379354,0.5696537935738967,0.5354934999320986,29.846497153457534,44.331999063309084,17.347026831251775,1.088449478149414,1.0890743732452393
00109_snr-5,-5.0,-5.135362828765022,4.483876578580592,0.9666861680821917,0.8778048372840086,2.8921708946895452,43.667760891040466,9.656910776454534,2.0417592525482178,2.051478147506714
00110_snr-5,-5.0,-5.005197860181688,0.7638416907661747,0.7076990959943149,0.5277036577599541,nan,nan,20.38953280268982,1.0810648202896118,1.1007517576217651
00111_snr-5,-5.0,-5.82792647487325,-11.98815894577953,0.8058126228059755,0.5171349425511518,40.87495206236687,42.45870892180938,21.184762032680865,1.0295917987823486,1.0390281677246094
00112_snr-5,-5.0,-5.643613052221275,-2.4173399994100135,0.721713418323128,0.699784050928615,4.451872364422262,24.044891474846434,14.452644635845473,1.2059184312820435,1.2189552783966064
00113_snr-5,-5.0,-6.555536126478364,-8.786214056743356,0.7064812050625495,0.5374135307718605,40.331412999112565,46.96660774180468,18.065064313815693,1.0497732162475586,1.0668833255767822
00114_snr-5,-5.0,-5.242545584230006,0.09862088344354182,0.7260544715754341,0.723446107280215,31.66292143025388,49.4990661630963,15.382907856996594,1.1256427764892578,1.1037073135375977
00115_snr-5,-5.0,-5.110554839505504,-6.5467255587525734,0.6486218656161195,0.5005307948144014,14.451865142582715,26.407580935070175,14.655447077476945,1.0580116510391235,1.1300030946731567
00116_snr-5,-5.0,-5.9970198157839425,-1.0260166261060213,0.7955520417447686,0.77661314880235,6.631084481083165,41.16527974850229,12.745640578460238,1.2734707593917847,1.7131675481796265
00117_snr-5,-5.0,-5.881847758519957,-0.7435969749473152,0.6592652821039714,0.5264535389158363,14.832928369087924,41.3609051875051,20.139704643446947,1.053730845451355,1.0398858785629272
00118_snr-5,-5.0,-5.319691248095543,-3.7264601887979465,0.6356233060932258,0.5484189638734895,16.03028662996476,38.452921209476315,19.245372953475545,1.0529882907867432,1.0344794988632202
00119_snr-5,-5.0,-5.27527292216396,-2.0841868684694913,0.6157011088056943,0.4734597210545895,4.403501274104162,36.558047959649116,20.98040538407403,1.074784755706787,1.0671175718307495
00120_snr-5,-5.0,-5.083318190594892,-3.6806929052040207,0.5651697523274146,0.5611108135324312,19.781136534190225,34.84409070060546,16.11949022041893,1.0798261165618896,1.0941002368927002
00121_snr-5,-5.0,-5.3590579099217,5.462262229439764,0.8018693064164244,0.83416732825478,8.086398816701852,38.325859733725764,15.698850009302097,1.175728678703308,1.1182219982147217
00122_snr-5,-5.0,-5.247159726762435,0.07090950799977597,0.6739395243473547,0.5927197090569001,12.47630037970299,44.0188751063613,19.209128213655973,1.071528673171997,1.0308177471160889
00123_snr-5,-5.0,-6.567899661554851,-7.77519985457328,0.6610082465989936,0.6372802918467937,35.416319575822975,39.20026424973214,14.64419857639386,1.0582127571105957,1.0635422468185425
00124_snr-5,-5.0,-5.658730790037739,-13.692165063051762,0.7615461900711181,0.3986599256915631,22.630281512727343,27.44018400565324,21.107363497152832,1.5162973403930664,1.0939874649047852
00125_snr-5,-5.0,-5.947067387359018,-2.537366367270402,0.6531954056932245,0.4667948077187884,27.901160961663724,41.756267688768446,18.138461674873962,1.0551204681396484,1.0535593032836914
00126_snr-5,-5.0,-8.88815565704147,1.6270045522047758,0.6256269792600531,0.6488793736120717,16.26340878730691,53.205769804747256,15.355809193587708,1.3815057277679443,1.2630586624145508
00127_snr-5,-5.0,-5.00567449487593,2.8760482839643893,0.8760753280475503,0.8882574408387972,nan,nan,11.702594961123681,1.2292338609695435,1.107751488685608
00128_snr-5,-5.0,-5.630826118310699,0.277381483250723,0.8410789472656435,0.7954081500180971,15.11438885322897,35.8507855203928,13.04541620488482,1.1076381206512451,1.08387291431427
00129_snr-5,-5.0,-5.077839909190728,-2.760949111705055,0.7272594025521679,0.7183098834946923,12.933476225338392,16.66454682282064,17.717625609509724,1.0954517126083374,1.0866471529006958
00130_snr-5,-5.0,-5.7212591983906,5.62437362508858,0.7958792975791275,0.835772792841794,4.466196494267345,42.64611859770554,13.878076119028606,1.2973968982696533,1.0343122482299805
00131_snr-5,-5.0,-5.09772258386155,-1.5696792524002445,0.44345444892024743,0.4104457741685323,-0.2328648813604255,35.22289573483234,20.569603382359144,1.0797659158706665,1.0428686141967773
00132_snr-5,-5.0,-4.882034987909601,-6.555540999271706,0.4433684123994481,0.37589083583577,nan,nan,18.543225715525153,1.0459171533584595,1.0554585456848145
00133_snr-5,-5.0,-5.751382532809793,1.0798421710356583,0.5368993180263886,0.5333110334864305,21.771288892442236,42.858153369816485,19.40725740054655,1.1017422676086426,1.0740286111831665
00134_snr-5,-5.0,-5.504037868419931,-3.225691861214737,0.8165961990307774,0.7484259646318608,35.64303555483127,38.968642111886425,14.878857667537405,1.5337615013122559,1.505082130432129
00135_snr-5,-5.0,-5.522784917706144,-8.56727653480331,0.6333809366292722,0.343114117926956,31.522575024387844,43.701721929280055,20.988521319499434,1.053024411201477,1.0681567192077637
00136_snr-5,-5.0,-5.056242648847707,5.075002979120371,0.5628671446409665,0.5728644044361694,1.76430969946899,41.552543970712605,15.927169789356082,1.1022496223449707,1.0340023040771484
00137_snr-5,-5.0,-6.013800739122215,-9.390839137200343,0.6297387372947352,0.473983596108404,42.98662816481243,45.99800659730608,17.56421847931636,1.0958856344223022,1.0851435661315918
00138_snr-5,-5.0,-6.410877917969478,-19.21018974730069,0.6126576415280532,0.29362094350769313,47.19377226780543,55.525029107297996,18.50541535643647,1.0406055450439453,1.1398413181304932
00139_snr-5,-5.0,-5.916140030051819,5.12302161908472,0.9136647971766106,0.8841414435348032,31.311379648636304,51.82084511263963,11.176515701345346,1.548125982284546,1.8581748008728027
00140_snr-5,-5.0,-6.0066458956310935,-12.700052479249898,0.9068291443338039,0.5938575619211041,38.761098355121675,39.130705804431756,21.110064619508954,1.0878410339355469,1.5700581073760986
00141_snr-5,-5.0,-5.924024226380027,-5.796526365896718,0.5123517137234956,0.45843409817009895,26.066381324172326,44.82000402836996,17.942078698060964,1.0222686529159546,1.0245153903961182
00142_snr-5,-5.0,-5.650462216227925,-10.490983539782777,0.6479334745833727,0.34301403580267686,35.124374014167174,36.30743841824338,22.43276060952394,1.0450812578201294,1.0401623249053955
00143_snr-5,-5.0,-6.1639541699051055,-6.5024148204722305,0.543620426593789,0.2385917468377942,27.194689601837894,39.9324807912009,18.478041443608205,1.065979242324829,1.047960877418518
00144_snr-5,-5.0,-5.6512468670969005,-0.5107530833174809,0.7551321939618567,0.6288063811807507,4.463070646596898,38.934003071126746,15.629901739951887,1.1095829010009766,1.0393471717834473
00145_snr-5,-5.0,-5.5387799819983075,-12.802029632676748,0.717917690821139,0.41322084892754746,30.05674297237322,42.84724922373806,20.594235595498557,1.0663633346557617,1.0670067071914673
00146_snr-5,-5.0,-5.953311283756138,-4.1341208946995245,0.7967680569227685,0.6748565526854626,29.414683653693494,43.23203179189044,15.815398819610708,1.0935834646224976,1.152359962463379
00147_snr-5,-5.0,-5.2842544216838725,9.746882816004764,0.7716174402101447,0.802319077234231,11.434197923307854,40.11739930056862,14.240591665696488,1.4141703844070435,1.1321827173233032
00148_snr-5,-5.0,-5.579174729691278,-3.501620927377245,0.82360500532353,0.7437939771169568,36.82394591703823,40.73854040206495,15.603601544513657,1.3695930242538452,1.2742966413497925
00149_snr-5,-5.0,-6.09103467803291,-9.754401883530962,0.49810400574815455,0.41129120004002134,40.33779848692956,49.49468487644428,18.88658846013767,1.0391693115234375,1.051641583442688
00150_snr+0,0.0,-0.7005111544277789,0.7181404312276224,0.785770244500555,0.7501888868500325,39.907557328917505,43.821481520782996,12.640663898224641,1.2060147523880005,1.184276819229126
00151_snr+0,0.0,-0.12286652338989301,5.887442317583962,0.6099454062845467,0.5889880029995698,-7.732450610069015,32.92460249369434,13.674038283601258,1.0957837104797363,1.0597141981124878
00152_snr+0,0.0,0.0849874643707596,-0.7883354494986956,0.8558442013872,0.7594045419122867,nan,nan,14.661029368054768,1.234131097793579,1.4097946882247925
00153_snr+0,0.0,-0.13547029210863354,1.4163260766730776,0.6897077631507186,0.6087788140704072,5.219283307272844,33.068825147931605,20.438894586398323,1.057299256324768,1.025000810623169
00154_snr+0,0.0,-0.22460608766639006,5.875018144889223,0.8967141547892322,0.8682728256661183,21.724105446256367,30.87430437360596,13.616614420656596,1.2243815660476685,1.1301045417785645
00155_snr+0,0.0,-0.14958415176439946,4.056575468751863,0.9463058640422392,0.9173403371456373,26.252186145876657,37.17300054809766,12.205616876075627,1.2326958179473877,1.1471229791641235
00156_snr+0,0.0,-0.07021681872725447,3.551829478965347,0.7193889166297283,0.7464501650750077,nan,nan,17.261456481430216,1.290042757987976,1.2087023258209229
00157_snr+0,0.0,-0.6212515811088654,-1.2111050909181318,0.8283217807852515,0.5571463454553278,6.751004114319757,32.54174327068474,20.47410339835387,1.0630414485931396,1.0916225910186768
00158_snr+0,0.0,-0.6105493711912986,1.5095568642979604,0.6772186843080717,0.5932120317577368,12.455224499244686,33.20825720870991,17.093889473501807,1.1044843196868896,1.1286715269088745
00159_snr+0,0.0,0.008614293120911514,1.3255622226205543,0.6473015561011458,0.594641173107224,nan,nan,16.101352078430132,1.0755279064178467,1.0809893608093262
00160_snr+0,0.0,-1.0709633382957149,3.9834180571014146,0.7332249114213937,0.7013237619946169,14.86876419528411,36.53255462360673,16.31907976613571,1.2395470142364502,1.0895272493362427
00161_snr+0,0.0,-0.16984186517370006,2.092894293699387,0.8404005752765575,0.8640860444997303,11.030601406435267,24.249657055754437,12.409620339055397,1.205164909362793,1.1003444194793701
00162_snr+0,0.0,-1.489533464561338,2.09018601803865,0.6123297381544339,0.6485897177623113,7.364741087582942,34.36197119111442,14.85697734291372,1.1447678804397583,1.0791634321212769
00163_snr+0,0.0,-0.03045243514902787,6.589969158984262,0.7364125014148851,0.8051062298695199,nan,nan,15.573103266895941,1.3231279850006104,1.1367666721343994
00164_snr+0,0.0,-1.1951634249986283,2.636534949132139,0.7445054680862245,0.7549727858686935,18.645464080944567,34.11957319527208,18.432492146116935,1.2809582948684692,1.1928244829177856
00165_snr+0,0.0,-1.763568406616407,3.629865662583037,0.7897433727888877,0.8046893696396906,30.6207166118344,43.950878798653676,12.522719485862282,1.2694767713546753,1.1609618663787842
00166_snr+0,0.0,-0.6034667152864697,0.0988287882949316,0.8367244178411839,0.7225334046694384,-8.270779661507957,26.94359633455031,19.28795475380088,1.1537814140319824,1.465557336807251
00167_snr+0,0.0,-1.1633043007962465,3.9827165642132103,0.7648015448307347,0.7325694840231504,15.558712314737907,35.53216318297726,16.47212390239344,1.1510779857635498,1.1099649667739868
00168_snr+0,0.0,-0.4699607912145718,1.5104445602242902,0.9357573715699911,0.9054997687551483,23.24016630810521,32.314727588245674,14.176193569929426,1.1141496896743774,1.1132159233093262
00169_snr+0,0.0,-0.8537120325801952,-0.7299226405277587,0.7074158526180602,0.5723846063868702,31.24028455594305,42.23924692470561,19.96778736742235,1.066855549812317,1.058652639389038
00170_snr+0,0.0,-0.3646356155118218,-1.9349758926249665,0.854049817437197,0.7308807496154683,-4.6788825522812,30.433710920722717,14.292481217547277,1.1820124387741089,1.354539155960083
00171_snr+0,0.0,-2.191576944437565,-5.144396173765699,0.717242846966266,0.4798827846414357,15.260958264215674,38.91729419405363,22.912256351717318,1.1132702827453613,1.1393754482269287
00172_snr+0,0.0,-1.5900808431545266,-3.641973502863294,0.7886159165828847,0.7546856270400282,35.674782673991096,36.33572071372201,13.060290557877659,1.1306730508804321,1.2204493284225464
00173_snr+0,0.0,-0.04764939215602031,0.34850849140622897,0.6932346997668678,0.6357832695319104,nan,nan,18.845254869012958,1.152758240699768,1.0686341524124146
00174_snr+0,0.0,-0.7682702397349178,-2.0268271853211273,0.755336599489967,0.47249359829449916,17.28336379371302,37.84447767485848,20.557059684628747,1.0554790496826172,1.057740330696106
00175_snr+0,0.0,-0.8893337773334192,-1.6666895477701025,0.8869529804190268,0.7726971482530189,31.82799863023574,32.03188402367712,11.821540302323921,1.230568766593933,1.5103864669799805
00176_snr+0,0.0,-0.6024608695628199,-2.5506500728243298,0.7066320873307547,0.5893121052185024,30.38020419858109,33.23522459775431,15.056557647070816,1.0654240846633911,1.0838006734848022
00177_snr+0,0.0,-0.715666232443345,3.1915447518144067,0.7121957441767498,0.750480230738308,22.294073252440736,30.08147796273592,11.48797663163001,1.237882137298584,1.0913554430007935
00178_snr+0,0.0,-0.43606130120697034,3.253579728757912,0.8149071859247958,0.8310447293862016,26.832369723849226,29.751752517891322,16.790636406702745,1.395293951034546,1.5538758039474487
00179_snr+0,0.0,0.03125795025926559,5.119308199195977,0.7537681542109774,0.830047003295358,nan,nan,13.315660297002706,1.4970036745071411,1.4474267959594727
00180_snr+0,0.0,-0.49138609914433307,2.769188739834616,0.8709407385735795,0.8351427336076492,29.178977379214658,31.8206724746137,16.214955805246316,1.1525112390518188,1.1204603910446167
00181_snr+0,0.0,-0.9190089173689141,4.475206714631394,0.6718170689044249,0.6874258286355273,5.93681813954428,34.58819296792584,18.56411159734367,1.2436130046844482,1.0857471227645874
00182_snr+0,0.0,-1.9153157175901334,-0.4933538037331907,0.9508362186613599,0.9501039310530637,29.265223260418555,31.836557011099153,8.436879020656159,1.6993944644927979,1.6024000644683838
00183_snr+0,0.0,-0.7034747755402613,-0.37531741787837236,0.7053181531791214,0.5792940973457367,5.242398050028038,38.16848346249061,17.997654380380794,1.0594468116760254,1.0313496589660645
00184_snr+0,0.0,-0.3920070546872276,5.939308617506005,0.699616349678876,0.7429252638929297,11.667346307139702,35.961711741725615,15.801149563155763,1.164304494857788,1.22939133644104
00185_snr+0,0.0,-0.8534745810256543,0.3158031323594186,0.8941407904196952,0.8270075157882305,32.3175869771352,33.625270109143415,14.754599589903776,1.14835524559021,1.184546947479248
00186_snr+0,0.0,-0.3981302578982622,7.253196842491016,0.8945534925601286,0.8509387530376566,9.044779645049042,29.21940263152347,10.268809886314413,1.5448920726776123,1.1330655813217163
00187_snr+0,0.0,0.06287104930277529,3.620485928547352,0.8359500396659907,0.7838944486891469,nan,nan,17.15396960286765,1.1622214317321777,1.085170030593872
00188_snr+0,0.0,-1.2404252704420196,9.093893924235658,0.8068157866409391,0.8261207129514984,7.1090041672694815,47.79119740875335,16.6088829149457,1.1724283695220947,1.0293949842453003
00189_snr+0,0.0,-0.2876723433224308,14.121066063363664,0.9426474699793134,0.961228630860793,-2.6230268044480898,30.69180846327438,12.297689415899955,2.3389923572540283,1.5359797477722168
00190_snr+0,0.0,-1.0098608223050944,0.3510551412104093,0.8820474846483337,0.9048151149984244,35.910919681325105,38.65360885774969,13.618021241199685,1.0915634632110596,1.103055477142334
00191_snr+0,0.0,-0.8095341882979596,2.010374010835218,0.7251904698750656,0.568325410283464,15.885540146751032,34.57375701609507,19.621500881808075,1.085583209991455,1.0312132835388184
00192_snr+0,0.0,-0.3933914208024212,5.006558794973368,0.608099050233049,0.7136775460249954,2.2267826122430465,34.85163469394809,15.73675508153461,1.1936826705932617,1.1039661169052124
00193_snr+0,0.0,-0.9956634885849353,3.4958312079789904,0.766221758938592,0.7840109231703968,10.459941038205034,35.84046466880847,14.610858817748607,1.1696465015411377,1.1005375385284424
00194_snr+0,0.0,-1.0360011457387268,-12.576268608009409,0.6973463266143108,0.47201019624627477,31.47684374744703,36.92772771689066,23.976017180145696,1.0640636682510376,1.0944901704788208
00195_snr+0,0.0,-1.3231344828739071,-0.996723655396268,0.6683128745058123,0.5052360817545432,5.8825947599730775,42.12903785968201,20.828279757411995,1.0796842575073242,1.20674467086792
00196_snr+0,0.0,-1.271903995845046,-0.880906282999815,0.8712724802620262,0.865403842175398,37.7582157196439,38.14421815194171,11.939898421832117,1.3422048091888428,1.2535786628723145
00197_snr+0,0.0,-0.5654551318154175,-1.3341910736102214,0.9758666897703513,0.6086840905832758,6.357619345687777,39.91778689874463,20.484376993860632,1.1196421384811401,1.7305232286453247
00198_snr+0,0.0,-0.44777400348658636,-0.3688235228698461,0.7463131664199698,0.6574392568928693,27.371632206102376,31.697608372791816,14.810933069646472,1.061259388923645,1.0851155519485474
00199_snr+0,0.0,0.05400727145467393,4.573248081031254,0.7886965452214495,0.8264966121802909,19.29638565877569,35.08188053505699,11.937166274863017,1.2940441370010376,1.2206473350524902
00200_snr+0,0.0,-0.48846316127679723,2.9925155344428385,0.7687989298578387,0.7320291059400422,0.6563397413840344,30.169541724794367,18.20650341101562,1.196685791015625,1.0641828775405884
00201_snr+0,0.0,-0.5640347025702526,1.8759606875613497,0.7443846506246031,0.6156660026698156,2.735368195463988,39.475500199395405,19.24361120553913,1.1476433277130127,1.1257843971252441
00202_snr+0,0.0,-0.44298667424721716,2.323769613882016,0.8201175167514804,0.8244351362609154,4.6144894188168974,32.20668808814516,11.395305473651126,1.3698478937149048,1.2489733695983887
00203_snr+0,0.0,-0.9054388567213516,3.8473043651219765,0.8308389074938922,0.800929442611907,29.713735171886093,38.74955014778124,12.807932180241153,1.205302119255066,1.0719610452651978
00204_snr+0,0.0,-0.02061439823108841,1.9484711889262616,0.6666756400977101,0.5782613345600423,nan,nan,18.768556207529357,1.088736653327942,1.0822606086730957
00205_snr+0,0.0,-0.22373490987665987,3.602693089799801,0.8096153261885612,0.7614283998768053,7.855153759574117,31.89993982315876,19.383521771381204,1.2304421663284302,1.133836030960083
00206_snr+0,0.0,-0.6297503699633269,-1.8462768408398955,0.8106879610807957,0.603684308023306,23.808707208305716,32.51157293228218,14.721079927017046,1.0875341892242432,1.1179742813110352
00207_snr+0,0.0,0.05028733644094938,11.330344632251904,0.8588670930793877,0.906994118324466,nan,nan,13.818204258327313,1.8803083896636963,1.6386990547180176
00208_snr+0,0.0,-1.1091838924839075,4.869649407916812,0.7123829606172599,0.6954911671185696,5.646945222073375,33.20375195391254,16.915486114220343,1.2148869037628174,1.1221656799316406
00209_snr+0,0.0,-0.08526530109946334,8.991328708716445,0.6631485522586011,0.7298033486446126,10.82268831178989,28.10453958576115,14.334696314126194,1.1294410228729248,1.0335544347763062
00210_snr+0,0.0,-0.08242563764553915,7.561967613862222,0.9749450319520581,0.9809487244241586,nan,nan,7.863198718044871,3.1289637088775635,1.729224443435669
00211_snr+0,0.0,-1.4526428196132268,5.790435183830173,0.7716657530375968,0.8328917636737868,0.44699441714772237,30.528785615109616,11.344609807211018,1.5130811929702759,1.1210637092590332
00212_snr+0,0.0,-0.3895869908538777,-10.16398548640234,0.710977718687287,0.2694153742961695,9.059917332827256,38.26291638650063,23.54263134534787,1.0468463897705078,1.095832109451294
00213_snr+0,0.0,-0.08539335182620339,7.074045625131307,0.6990762534578883,0.7667415110241377,nan,nan,14.835123861981499,1.2119344472885132,1.1372121572494507
00214_snr+0,0.0,-0.09236375577179894,3.1817849451399303,0.7904728958623317,0.7173836679540769,3.4289292652774606,19.027477383157937,16.609477403768892,1.0664103031158447,1.0683833360671997
00215_snr+0,0.0,-0.9860472031643532,0.546541930820371,0.8520643625684279,0.850398623961474,34.10344390452582,37.82947328112098,13.045907913460827,1.378230333328247,1.3479503393173218
00216_snr+0,0.0,0.13079778564572458,3.4129576706950178,0.881352706065906,0.8230632233037006,nan,nan,14.65286127812426,1.2879146337509155,1.3517134189605713
00217_snr+0,0.0,-0.7468307217972914,-0.5677208366126708,0.7777631006100774,0.8128685855979799,19.46421097095175,21.524386119300225,12.962402391957028,1.312547206878662,1.4048231840133667
00218_snr+0,0.0,-0.5515980360300559,4.140317108520495,0.6759670866997574,0.6539194351653954,9.571931954623961,32.29230639466056,17.676429809478748,1.2027499675750732,1.0881376266479492
00219_snr+0,0.0,-0.044156633930402846,6.389012654708046,0.8303085265707265,0.8465086880938778,nan,nan,11.969855050320044,1.8740674257278442,1.3511922359466553
00220_snr+0,0.0,-0.6284450929758678,-1.1232455510546606,0.8408554453082429,0.79135361465297,40.02034977936426,41.08769005538541,12.564003823861071,1.236219882965088,1.3808479309082031
00221_snr+0,0.0,-0.35729250652932376,4.360971847366083,0.802286608098739,0.6696971567150184,11.916085275894643,34.12248892459103,17.793755337777906,1.096687912940979,1.0451668500900269
00222_snr+0,0.0,-0.713889531519062,4.071539467567484,0.6736309853060536,0.6388809041881569,22.419609625121236,35.677236331155335,16.80619516582044,1.093392014503479,1.0330311059951782
00223_snr+0,0.0,-1.1473561128740204,4.923816494068333,0.6160407424516204,0.6115997216834356,13.405485364022478,38.31207661810751,19.134591399020216,1.1456762552261353,1.036681890487671
00224_snr+0,0.0,0.005336009420235821,1.2468541578296974,0.8292817091859482,0.8276148741446041,nan,nan,14.486894066801606,1.3227627277374268,1.3465867042541504
00225_snr+0,0.0,-0.6137550412149021,-4.883947554293818,0.9060054729601639,0.7314631565550603,31.481976492731615,32.55118099882642,15.82104166154361,1.0452889204025269,1.1941395998001099
00226_snr+0,0.0,-0.5487488751864874,0.8621431678082448,0.925919560804312,0.8469671022559307,26.16127999789519,36.481981037988724,11.58635184449308,1.1358212232589722,1.1114380359649658
00227_snr+0,0.0,-0.7747490197414831,3.8081066716502416,0.6706402075288566,0.6745175870075713,23.449936523357668,30.112123097646588,16.855193509738505,1.1073272228240967,1.1011364459991455
00228_snr+0,0.0,-1.1949631466097335,-1.5736525694910224,0.9135043141223038,0.5151064240908215,25.137709988590036,43.78361137335595,16.33887695342158,1.0994724035263062,2.0910935401916504
00229_snr+0,0.0,-0.7919968586223942,-4.91048942209663,0.6501217127923675,0.53400020898961,-4.830875742464943,30.090788883908722,18.920468818131138,1.0787968635559082,1.0869303941726685
00230_snr+0,0.0,-0.02273460804460174,3.1558898340665946,0.8234750300583104,0.8108216413170533,-2.4801952408075216,29.338573257887806,15.710106949915971,1.1244739294052124,1.0868219137191772
00231_snr+0,0.0,-0.08109063674383865,4.190685787940493,0.6557727222912867,0.7397523635993808,nan,nan,17.615870193690075,1.2640140056610107,1.1161860227584839
00232_snr+0,0.0,0.07145029354809435,5.991230029288167,0.6973916377913956,0.7532370338944123,nan,nan,17.58480521832203,1.223503828048706,1.1460905075073242
00233_snr+0,0.0,-1.0563917031941443,3.389788039051803,0.9568331829681017,0.7207541906118521,12.566384108295521,16.387366060338916,12.660986946664082,1.291541337966919,1.113990068435669
00234_snr+0,0.0,-0.008014421919785117,-1.3107836333850522,0.6701191174811558,0.5075703799702981,nan,nan,16.949960815321404,1.2612477540969849,1.2092056274414062
00235_snr+0,0.0,-0.4716278232926884,1.0147262024695929,0.8146875846657944,0.7273214421212973,26.99718491811248,32.297995705514396,15.40099913872089,1.2773447036743164,1.1200900077819824
00236_snr+0,0.0,-0.8159687572843501,1.4743724753908758,0.6544456278718142,0.6071751876505329,8.953476008946392,32.23258109173042,19.278842904671304,1.205955982208252,1.1087104082107544
00237_snr+0,0.0,-0.6368883331828913,0.8140518337354155,0.7158487207272557,0.6516035208219622,17.6129486758975,33.38207013728527,20.032047389830964,1.1246689558029175,1.0837281942367554
00238_snr+0,0.0,0.9794814383062425,20.510632021426,0.9810003656468791,0.9520428736673424,-2.130065645397061,38.12613684346707,15.987264578401765,3.080491781234741,4.389843463897705
00239_snr+0,0.0,-0.3620423464906075,5.267932697342507,0.7412734567918188,0.8085921191232265,12.457794507802882,36.072166331801185,14.167424358519687,1.2773524522781372,1.1361026763916016
00240_snr+0,0.0,-0.13323255949386342,3.8483261971841927,0.9376037707299016,0.6855970467832453,-4.733570364359771,0.0,16.013888639398676,1.2781038284301758,1.8928401470184326
00241_snr+0,0.0,-0.5283587575009778,5.958901342327097,0.7016281351506545,0.6587681300507603,-3.854315257810716,35.77756266630024,18.020552220022815,1.1160334348678589,1.039307951927185
00242_snr+0,0.0,-0.6007536588392794,4.523362521648611,0.7263763823209475,0.7296134619468444,0.6160164824639704,31.491137174597092,18.821302847212824,1.1536610126495361,1.069553017616272
00243_snr+0,0.0,-0.7149355628545895,5.201130006439256,0.8676402747057265,0.8312020546594004,20.54432004400053,41.89156327643396,13.248903485985904,1.1924935579299927,1.0646026134490967
00244_snr+0,0.0,-0.1647489001698141,1.510564141187378,0.7864436928884792,0.46361881563690976,18.312838746948607,31.68570218894816,15.367296805799251,1.080973505973816,1.1361829042434692
00245_snr+0,0.0,-1.9432395091191714,-1.2621707756035805,0.7755937334013937,0.7609009822564825,36.887772918603375,39.053469683248906,13.758042440856256,1.172471046447754,1.2032067775726318
00246_snr+0,0.0,-0.8258143737310596,2.099464962239863,0.6338780226602929,0.6080370115196769,3.2419626558409216,31.00094983103206,23.07763777458318,1.1391361951828003,1.1602665185928345
00247_snr+0,0.0,-0.8858181900606823,11.595184270031195,0.9149538248227185,0.953652023438548,7.600796623555157,39.283588706325666,14.122227836886733,1.6117758750915527,1.171006679534912
00248_snr+0,0.0,-0.03666282173773283,1.5414692828782919,0.8740528412265516,0.6732091569619316,nan,nan,20.90970103411052,1.141188383102417,1.1793818473815918
00249_snr+0,0.0,-0.025816934455795415,6.229603454916864,0.7101606439678811,0.7724224547473943,nan,nan,17.0984318969816,1.2458873987197876,1.0506391525268555
00250_snr+0,0.0,-0.44990552586675053,0.37901202769575065,0.6720022508596037,0.5998355978721475,2.728176292569966,41.15868945216262,15.797755286774981,1.0764665603637695,1.0652496814727783
00251_snr+0,0.0,-0.600957415760318,5.846301559498853,0.7667085383846738,0.8395543587218576,12.91769271070817,41.074048594656254,14.44268716937874,1.2215687036514282,1.0681747198104858
00252_snr+0,0.0,-0.41805793147472264,-1.4782656553920384,0.7012336150467762,0.4482551656914619,29.432540041501866,33.02300482608223,20.826040520546602,1.0522159337997437,1.116300106048584
00253_snr+0,0.0,0.1423255465172425,7.6649340814300695,0.8915606922616339,0.8074515431014955,nan,nan,16.46323263011846,1.3227839469909668,1.191913366317749
00254_snr+0,0.0,-0.7923383024787141,11.083332343366026,0.9055268771547466,0.8908596768751654,2.5557433197578456,30.898831273733226,10.753428629132864,1.717861533164978,1.3334463834762573
00255_snr+0,0.0,-0.8328886477079382,0.15045216889044233,0.8916323209324191,0.8852719084554849,22.22713563418261,26.219697906613412,12.544423873885918,1.6035192012786865,1.593042016029358
00256_snr+0,0.0,-0.006639244815522062,8.179187313283489,0.9847784553467295,0.9344099623307591,nan,nan,10.6407718897657,2.7776010036468506,4.206490993499756
00257_snr+0,0.0,-0.09828408060217966,3.1393719901172807,0.5585781696192851,0.6123500782862072,-3.7928194305509484,28.135701223136206,20.918735198629065,1.219050645828247,1.1414308547973633
00258_snr+0,0.0,-0.6252308321347335,3.3971888428462353,0.5781793869723146,0.6354783426851567,2.8623097199453467,34.000070553947516,16.010736971664493,1.1231023073196411,1.0624700784683228
00259_snr+0,0.0,-0.2768333490743005,3.597835431658274,0.9503957842262875,0.8845675159303077,22.175262001964278,34.27962802755734,13.645228870848866,1.5554990768432617,2.7664742469787598
00260_snr+0,0.0,-1.5570901480860577,1.2350107859173673,0.9681645851223472,0.8257953949257892,8.43789062467729,41.97291490028454,10.207834666452158,2.131876230239868,2.3705027103424072
00261_snr+0,0.0,-0.6973649764174483,7.808027606643543,0.7383450936285868,0.8005961437175204,-2.844510344752205,33.97131016801789,16.22972528100636,1.3236901760101318,1.0719505548477173
00262_snr+0,0.0,-0.055185746992284304,0.36716832986966647,0.8257859618562388,0.8360513097673715,29.771030598953633,33.328317639180966,16.026075566525215,1.0856750011444092,1.0861955881118774
00263_snr+0,0.0,-1.6612514425926324,-4.488118619339137,0.7733988012161378,0.6539526381670727,33.849696083726634,38.63672542695164,9.420607323323992,1.2621245384216309,1.2623838186264038
00264_snr+0,0.0,-0.6659249636871002,3.033057824162041,0.7374621746923057,0.7757835771055419,25.46965005545003,30.212495281448355,14.345680064718298,1.2148582935333252,1.1339198350906372
00265_snr+0,0.0,-0.028092342330446024,-2.941469877492671,0.4769544186261729,0.3003613601165114,nan,nan,22.273301467000604,1.0271930694580078,1.0530139207839966
00266_snr+0,0.0,-0.023621186678182502,2.7378966314192654,0.6483251114668767,0.6815698475668158,nan,nan,16.668823009908344,1.0946948528289795,1.0663546323776245
00267_snr+0,0.0,-0.7417244764712572,-1.05214037158926,0.6622027188890626,0.5245428609372284,14.553427197122783,33.18039206635373,23.038126756929866,1.0767567157745361,1.0701895952224731
00268_snr+0,0.0,-0.3116766067916777,3.6178491870036074,0.8028308101395588,0.7735341892821361,6.902409709386491,30.03593910022458,12.309055257418345,1.20534086227417,1.211701512336731
00269_snr+0,0.0,-1.4017179366069308,5.303676185552909,0.6355480746251464,0.647962838043898,24.72365486049874,45.368775277062184,17.912134320553943,1.105724811553955,1.0856579542160034
00270_snr+0,0.0,-1.8552978426650832,4.801883191123425,0.9360730066193564,0.7557348217619995,2.788709990613019,37.134598458797036,15.831214017266339,1.3518345355987549,1.3747210502624512
00271_snr+0,0.0,-0.6040561328159483,-3.6615998512362395,0.7948037533563883,0.6488417742512183,3.4215844020346626,30.195911734599118,19.916833770020123,1.0646641254425049,1.0520014762878418
00272_snr+0,0.0,-0.6549034853420849,2.492638300203897,0.9251107846032359,0.7683943702796595,-3.1044499579030065,33.53370953758824,13.660502601817766,1.304697036743164,1.705163598060608
00273_snr+0,0.0,-0.0839099923687138,5.81840880954683,0.6829829552705227,0.6970718566346169,26.21030592406296,34.517909367462345,16.54585155128662,1.0868470668792725,1.0464012622833252
00274_snr+0,0.0,-0.3336543134869737,12.053884461149755,0.7960257773670899,0.7946564576788436,-3.6739298389380917,32.640712440733026,15.036968373294537,1.3498141765594482,1.0852818489074707
00275_snr+0,0.0,-0.9643802263009505,2.996900635882516,0.77037509419464,0.7904703113159546,13.384716445848127,38.78125852072237,14.753581603190712,1.185313105583191,1.1837552785873413
00276_snr+0,0.0,-0.09980768533944044,2.6818007276924667,0.8251382850356291,0.7466589182909739,24.124882607873698,28.20595586651081,12.538986211712645,1.2795977592468262,1.3212437629699707
00277_snr+0,0.0,-0.42930225514992143,-1.05097982701878,0.7187204277492246,0.5721827741421464,37.7758638693374,39.006901986786275,15.383542327941448,1.056775689125061,1.0817598104476929
00278_snr+0,0.0,-0.5118536895862825,0.11952375925361083,0.9208951741390001,0.481592245155501,-0.9740060875053324,32.31058005325221,21.32406079047288,1.0857402086257935,1.1049386262893677
00279_snr+0,0.0,0.04812033791285423,5.637029446536701,0.6206724897512138,0.663120233579768,nan,nan,14.821636570424442,1.1636581420898438,1.0554656982421875
00280_snr+0,0.0,-1.1836772519272083,4.909153377544761,0.8367114388603941,0.6997772551231446,6.519979280201738,38.55201615308098,18.95493050057489,1.1729611158370972,1.069679617881775
00281_snr+0,0.0,-0.12860752745492315,3.7088649488426673,0.8479228971500259,0.8443386585213029,25.503483582461225,35.12736994538754,13.915542466147588,1.2674188613891602,1.1385221481323242
00282_snr+0,0.0,-0.2836213312398522,-0.149570200230643,0.9126688935014415,0.9033288411878218,31.616361249181214,31.897925433356775,12.817304217815126,1.2410279512405396,1.235124945640564
00283_snr+0,0.0,-1.269565430667474,-7.734958814122574,0.9902051396858822,0.6556721665317611,35.32359256265807,36.96472988098248,15.443919175791189,1.1762291193008423,2.5837442874908447
00284_snr+0,0.0,-0.8315096327914663,5.1956275817716495,0.9879057048483182,0.8337574926832719,3.877945523886681,41.6132400446366,13.883470094244187,1.8012723922729492,2.306910514831543
00285_snr+0,0.0,-0.03823439725799717,4.091595514360956,0.5871396941472881,0.6086507017896536,25.95646259699467,33.96188565102927,14.44503888782603,1.1977566480636597,1.1242659091949463
00286_snr+0,0.0,-0.0387580975851299,10.54759245927287,0.8277822884637713,0.9019864561619609,nan,nan,15.599066267788242,1.497815728187561,1.1073074340820312
00287_snr+0,0.0,-0.8647614159808247,2.740288764135508,0.8349727396134077,0.7320624235858895,28.083480332031513,42.57244127930727,18.07407369469013,1.1071850061416626,1.1067907810211182
00288_snr+0,0.0,-0.01904347028787749,3.4617799151394086,0.6926816834444369,0.7569869006748865,nan,nan,17.18573352655975,1.3353532552719116,1.0783406496047974
00289_snr+0,0.0,-0.5272008888272588,0.9522224499204003,0.7143720291735296,0.575908004124587,19.465567808726266,34.741460222365006,16.85337920985848,1.0800936222076416,1.0686944723129272
00290_snr+0,0.0,-0.01231496061858531,6.837201475518679,0.7360854955302301,0.7003479876903653,-9.977620978966415,16.866741004005494,15.722550961818234,1.2065292596817017,1.1365532875061035
00291_snr+0,0.0,-2.0737868124428975,-2.6784918652765515,0.9600517709095165,0.6421622193703218,37.983670422230794,42.33992690077859,14.065218398261367,1.0689365863800049,1.1553056240081787
00292_snr+0,0.0,-0.6428139096471674,0.4593871193969091,0.9317021132505668,0.7763752410875066,7.912270873468957,39.94087141467436,14.699120253806468,1.1839733123779297,1.4115378856658936
00293_snr+0,0.0,-0.6092396735352618,1.1744398036939172,0.8031995532002751,0.7955139009725659,27.052623617828935,30.098836782800756,12.808093327818234,1.358414888381958,1.3581876754760742
00294_snr+0,0.0,0.023581792693248803,1.6605195090476648,0.8734793785678111,0.7410921034133059,nan,nan,17.206001595562636,1.0946627855300903,1.1017823219299316
00295_snr+0,0.0,-0.8459143730629999,3.5638531461962364,0.9526098938969906,0.8731700588904112,30.699600415278482,40.50177453973315,12.496232515452164,2.063809871673584,2.699633836746216
00296_snr+0,0.0,-0.5062999669308897,7.114429217618051,0.8970571646891554,0.937723852760489,11.773885608650405,34.84198220220023,13.118341670275115,1.3598229885101318,1.0748484134674072
00297_snr+0,0.0,-0.005055747951374322,4.42630295011649,0.8695282665091904,0.8841812605988137,nan,nan,11.239834339270073,1.4299345016479492,1.259434461593628
00298_snr+0,0.0,-1.1325766012693408,1.0360666208247955,0.7573402362361306,0.6513146881231742,12.860033970701261,37.6449903330664,14.940711155858153,1.087910771369934,1.044231653213501
00299_snr+0,0.0,-0.3962858505540043,-0.39164332932122803,0.9278287635361809,0.8570578857205704,9.276940602197373,30.76010417470034,14.700278915733477,1.0605188608169556,1.0811396837234497
00300_snr+5,5.0,4.527270956379573,9.269424451040791,0.8198205560236125,0.8603779952903386,9.602461893375978,39.76778676404376,13.789297697158736,1.3501157760620117,1.340219497680664
00301_snr+5,5.0,4.9675475151860145,4.898377900960321,0.8395638913555572,0.8270155828607123,nan,nan,11.798713245565716,1.3406732082366943,1.4910105466842651
00302_snr+5,5.0,4.56937903236427,4.074861413778107,0.8926936505211658,0.7322685494221614,-0.8555361273201069,25.26519630868856,16.27286481636083,1.1341991424560547,1.1469361782073975
00303_snr+5,5.0,4.075194172741695,6.663943607812049,0.7885658068946084,0.763313479625821,18.093012746379795,30.567845876650228,15.325771530011783,1.2031855583190918,1.1242488622665405
00304_snr+5,5.0,4.187773400558903,9.445263832263711,0.774749378919368,0.8829880881382693,8.329371440374624,23.9582540923005,13.804977117440147,1.3481534719467163,1.1297231912612915
00305_snr+5,5.0,5.117236100466221,9.625040490667772,0.7696223204285064,0.8391975225187902,nan,nan,14.64181632327925,1.5642167329788208,1.1223394870758057
00306_snr+5,5.0,4.2990754947420555,-2.6198600623535584,0.8473804727197163,0.6017967269650834,32.63381940904078,34.49812239171787,18.00658455085511,1.0676493644714355,1.1134004592895508
00307_snr+5,5.0,4.273001777234674,13.048212154834541,0.961337337693465,0.9554262216416392,12.604662637012034,26.72401743059316,9.54351743532507,1.7170172929763794,1.3524634838104248
00308_snr+5,5.0,3.690799079437028,7.921431230943519,0.766625731220061,0.7780761414445414,11.081140161607387,32.763253840426756,13.336951014229486,1.356730580329895,1.1411058902740479
00309_snr+5,5.0,4.207814857257145,5.520880062120971,0.7695952133184374,0.7741736370050825,21.759314297943927,29.741463262110535,12.965634614610241,1.23000168800354,1.1460546255111694
00310_snr+5,5.0,4.491484177614956,10.453367788154608,0.96036455832889,0.9576479004654141,19.5338024533434,30.68304109218831,7.54739739191029,2.2251415252685547,2.005502700805664
00311_snr+5,5.0,2.4678452950728635,3.8521327500746825,0.9870186960633793,0.9330013923891158,29.0479241112017,33.31713902008686,7.72070625269125,2.295984983444214,3.15952467918396
00312_snr+5,5.0,3.9376947212414897,6.057545642100681,0.9152125647331584,0.9327785945579179,28.269854402508578,31.44055844690396,11.158244524377023,1.3904750347137451,1.2925390005111694
00313_snr+5,5.0,4.492358794889283,7.506266878360739,0.9260048140378463,0.8416713729264386,3.2918629987361605,34.757699713269645,12.334062980569675,1.2737547159194946,1.2944509983062744
00314_snr+5,5.0,3.3351933247681416,4.563941614172674,0.856689130775482,0.846055599964324,33.38692971447335,39.82679772824035,10.844042460131828,1.390136480331421,1.3730016946792603
00315_snr+5,5.0,4.833222054523308,8.826988945340137,0.8632012745766338,0.8522882445473764,-0.36617069427672466,28.747659037728702,16.262067850004748,1.4518805742263794,1.3459655046463013
00316_snr+5,5.0,4.688220714669262,6.690273687430074,0.8598078103645403,0.8625676161402328,19.407800298717735,25.414892747041456,12.31540613117697,1.2729215621948242,1.1464855670928955
00317_snr+5,5.0,4.296866388032888,1.3556631719846703,0.8921104125416488,0.7298244339228642,34.21418522736389,35.821367075121564,15.119145987667372,1.1392518281936646,1.1494566202163696
00318_snr+5,5.0,4.9913858240364615,5.885410726896795,0.8493331348612794,0.8081597862903244,nan,nan,11.96712351293623,1.3962767124176025,1.2706493139266968
00319_snr+5,5.0,94.79458069197656,29.7950691640997,0.9999999999999999,0.997764714175015,-4.269911801640096,0.0,7.494374970724062,4.431557655334473,4.643888473510742
00320_snr+5,5.0,4.046174485420004,0.05733958674300649,0.7834308286828635,0.6366904264421289,2.1678164738860897,27.84118518843451,18.707187542839634,1.1677803993225098,1.0583972930908203
00321_snr+5,5.0,3.9064926076670794,4.685468697092177,0.854400483858957,0.8598212461823811,21.824404965148695,24.680196051959506,15.56832331927977,1.1241753101348877,1.0996595621109009
00322_snr+5,5.0,4.9778416823548035,7.795508464382642,0.8464771645992207,0.853219640124428,nan,nan,16.949099040057135,1.6662685871124268,1.806257963180542
00323_snr+5,5.0,4.15677914858114,6.89905879429813,0.8852314453811584,0.8991460887884644,20.952324686276725,24.93889521141149,8.850900607537117,1.6480540037155151,1.4494919776916504
00324_snr+5,5.0,4.566352307151985,4.731260779042521,0.9091891523863418,0.8521349022600807,28.02547411273061,37.50918258932494,12.538019421896937,1.3129663467407227,1.3544813394546509
00325_snr+5,5.0,4.743511887055912,8.734522859248198,0.8820059435753529,0.8198314746255077,-0.2889982958647633,27.388756786682443,14.788915458580277,1.5152853727340698,1.290342092514038
00326_snr+5,5.0,3.809357639470994,10.955783422495992,0.8426218307274908,0.8466062299636717,8.217850841034839,29.397266091788815,12.973536542701865,1.5290579795837402,1.1186069250106812
00327_snr+5,5.0,4.9937981289936255,8.196760592080109,0.9790298374382168,0.9353254621980196,nan,nan,13.409497156247033,2.1658122539520264,2.5676498413085938
00328_snr+5,5.0,4.123704296632498,12.380319284095897,0.8947700230056471,0.8846805153974914,-8.054305969566656,24.17068365358781,16.697582257655913,1.5399808883666992,1.3445484638214111
00329_snr+5,5.0,2.7684915035510183,19.13799508594569,0.9458207927913687,0.9576128550955892,15.869776748325396,41.44798012844616,9.444544781306668,2.685795545578003,1.374219536781311
00330_snr+5,5.0,4.088620409477933,7.249820342644279,0.9073369747230727,0.8848965576151374,10.456285606821357,28.47052248425825,13.056960563810675,1.385758876800537,1.185542345046997
00331_snr+5,5.0,4.966980008753488,9.797469814673228,0.9354438585677538,0.9507349596411001,nan,nan,12.325799414095984,2.025491237640381,1.5635275840759277
00332_snr+5,5.0,3.9646237736666263,3.7400552446148794,0.7413167947814729,0.7472884618348472,30.221638903539734,31.629919060749707,12.13568869561062,1.1586581468582153,1.1832685470581055
00333_snr+5,5.0,4.6328914660725955,8.859698548637052,0.8398784988854605,0.8799219125676709,22.048705050942246,29.0204149813415,11.931895368339001,1.6677041053771973,1.2018380165100098
00334_snr+5,5.0,4.353678627700603,9.181066085812272,0.898419663075722,0.9024850523125315,1.3292914369055178,15.400281574787032,10.940410586958375,1.9476912021636963,1.6704597473144531
00335_snr+5,5.0,3.3455833711480762,3.935497443380289,0.8789541076084926,0.8859032035512284,22.57027237664915,23.770335936623827,11.06787064051992,1.2848151922225952,1.2907373905181885
00336_snr+5,5.0,4.894880079055649,7.101690729100848,0.8132621168958148,0.8204419356588898,5.73039260339654,37.69391959066994,13.96853632719178,1.264449954032898,1.2370154857635498
00337_snr+5,5.0,3.85949179836604,15.284814986575341,0.9999999999999998,0.9619525939203986,34.21314017371079,47.29327219886598,6.829552706871682,3.5800395011901855,4.459099769592285
00338_snr+5,5.0,4.2233836341496325,9.373525261611457,0.9726975238459439,0.7961551430892206,2.908092834775217,36.20200429964372,12.254295442369566,1.6202988624572754,2.4370288848876953
00339_snr+5,5.0,4.958576482653298,7.282306543927665,0.8666701419130783,0.8047311554455339,nan,nan,9.54362875278707,1.3866976499557495,1.3712109327316284
00340_snr+5,5.0,3.866443284261549,9.101776487516812,0.9094442679988187,0.8879532852562447,4.099027218521271,30.626628294735795,11.388702506221744,1.4932055473327637,1.16038179397583
00341_snr+5,5.0,4.285342802063884,2.8176717647336043,0.8342665232882629,0.6967029645386428,20.597335596268522,32.369272901929605,17.280222897622426,1.2009943723678589,1.101777195930481
00342_snr+5,5.0,4.952376257321344,10.239416844491426,0.8734518345673891,0.894929863686944,nan,nan,12.988113943984818,1.9179320335388184,1.5145412683486938
00343_snr+5,5.0,4.666923318926951,4.233411266931419,0.8399821823522517,0.7598658980340274,29.962068323425125,30.697921318588627,10.448930782303252,1.3216848373413086,1.2971737384796143
00344_snr+5,5.0,4.724639062071428,6.028129370630895,0.9195230678103756,0.8829350520089481,-0.07108973911642903,11.315916109894744,14.054693691159237,1.561924934387207,1.8442649841308594
00345_snr+5,5.0,4.465875068473971,5.142748853638194,0.8114057963055558,0.7994295784723844,9.553315365422035,30.631944503345274,16.566774743564018,1.2427068948745728,1.3238279819488525
00346_snr+5,5.0,4.121689159932739,5.318496821680215,0.7666145546265751,0.7515690829332855,27.626120448422963,31.25755245925849,14.89117298906276,1.1306029558181763,1.1132174730300903
00347_snr+5,5.0,4.942884972949168,8.6566874325596,0.8226204356653363,0.8596817614205718,nan,nan,16.157929545412536,1.6587358713150024,1.264631986618042
00348_snr+5,5.0,4.284203489503321,3.04824218555096,0.858191428220208,0.7293834481149093,9.59529364163754,33.76022878547446,19.73628324604512,1.1386462450027466,1.1155978441238403
00349_snr+5,5.0,4.047802684563619,9.26327689985364,0.7849293920276426,0.8458802196414285,-1.2331618881150372,30.402762219503693,16.071022348511935,1.4045112133026123,1.1352407932281494
00350_snr+5,5.0,4.168647534453909,13.580498978415655,0.9142405221881746,0.9215301113846286,15.09329580383768,31.79220313038647,12.843438134349952,1.7474682331085205,1.2445166110992432
00351_snr+5,5.0,4.335773732675357,3.428220021921976,0.9201265121304558,0.8067988877044314,27.55096984899488,29.770903935896055,11.544725209003772,1.1975462436676025,1.3984589576721191
00352_snr+5,5.0,105.42834363742597,34.29925408262109,1.0,0.9982649939151512,-6.460382225670726,0.0,8.438903537067185,4.257523536682129,4.643888473510742
00353_snr+5,5.0,4.4448184967893996,7.060015776144367,0.9280451144992349,0.9403934772085868,12.347684817365074,33.93323333398634,9.132224509688722,2.392012596130371,2.6437840461730957
00354_snr+5,5.0,3.4303268587843454,6.540465791647813,0.7241542410142354,0.7270930170806527,22.43165608037204,32.628577614565536,14.499669743456563,1.3652251958847046,1.136998176574707
00355_snr+5,5.0,5.00788083341004,9.290886663544155,0.689192358068274,0.721328582976724,nan,nan,14.41276818222112,1.3829456567764282,1.0991884469985962
00356_snr+5,5.0,4.70863066399062,7.499917802131871,0.9722373370135763,0.967738133497346,1.0583124231908043,7.7873191884450605,7.835361609267191,2.274489164352417,2.0599052906036377
00357_snr+5,5.0,4.900801729643842,1.1436609187066324,0.6985305164885246,0.6528523020143974,nan,nan,16.466115549385947,1.216966986656189,1.1150010824203491
00358_snr+5,5.0,3.959741417493702,3.631165514552797,0.7804699965258305,0.7193323952372703,-1.1124468598191388,30.782046129187115,15.840165045187783,1.1894408464431763,1.2763409614562988
00359_snr+5,5.0,4.3782130267644,4.695859957085996,0.8541424844469939,0.8216955831958148,-0.9539562205433532,18.337613331357858,16.848238110286474,1.2233885526657104,1.2425428628921509
00360_snr+5,5.0,4.178212322092118,7.391684883321936,0.7422082197996677,0.7386866351482563,19.14881701087698,33.956273090488345,16.856417486893484,1.1600818634033203,1.085881233215332
00361_snr+5,5.0,3.6605125701700825,5.6639391173643805,0.847635519471616,0.8793025286518881,-0.33808578335733064,23.014072924158206,11.546597640846564,1.7907905578613281,1.402706503868103
00362_snr+5,5.0,4.062704182157986,2.1666919843849093,0.8246721778799984,0.7628646297101741,2.8385934362268053,26.566380013836707,14.437176461542483,1.1682167053222656,1.1578245162963867
00363_snr+5,5.0,4.197664406567231,9.211469980682613,0.9024252747320429,0.8924116757112354,-2.2264184637598023,26.716204192393626,12.071872718301394,1.7412395477294922,1.317917823791504
00364_snr+5,5.0,3.5746442383055994,3.8317688940607866,0.9594667014220845,0.882094105878209,29.375625595984907,38.02669838932943,13.459332502187246,1.5968539714813232,2.296980619430542
00365_snr+5,5.0,4.891928923291223,11.620595435736313,0.8301251228673556,0.8785271833061398,nan,nan,12.947702873179532,1.54813551902771,1.214475154876709
00366_snr+5,5.0,4.97048784802055,4.4969715707016,0.8349116098682127,0.7282666405145644,-8.02261615477571,24.66620919880308,19.127056833359642,1.1913456916809082,1.3369532823562622
00367_snr+5,5.0,4.938162514824948,5.894845996775562,0.7600039043206205,0.6573596940498478,6.156632975514102,28.255049674587337,13.65351475681968,1.1184414625167847,1.1342337131500244
00368_snr+5,5.0,4.081937686169584,8.918188623249142,0.8230613156220349,0.8424451701803741,-11.872221254326822,23.989440184798546,15.649427660821402,1.4554309844970703,1.349705696105957
00369_snr+5,5.0,4.93103633925047,10.20054818409279,0.9158272088182933,0.9153675969304873,nan,nan,16.236593897778874,1.5139601230621338,1.1132028102874756
00370_snr+5,5.0,4.393613473878695,6.0437400973325515,0.9485590018862735,0.7645517964227447,-6.104643196769003,25.548804089079677,18.33820767188432,1.345337986946106,1.5101268291473389
00371_snr+5,5.0,4.396815323916378,-1.1983812585569118,0.8828264726874301,0.5976631808161524,34.13468262287819,35.817794115939485,15.184305819651287,1.0876743793487549,1.5093498229980469
00372_snr+5,5.0,3.9257500032265065,-1.1306211810979607,0.7925908114802162,0.541720518638164,28.346556129549477,32.58255126446036,15.55933099251789,1.0651706457138062,1.142963171005249
00373_snr+5,5.0,4.201130600565824,12.806633452663082,0.9123526448484623,0.9262578223422971,-0.7254273257794431,27.57882225390145,11.231526072206298,2.0285046100616455,1.1864817142486572
00374_snr+5,5.0,4.374952799742997,9.344815591966471,0.7938080271701927,0.8374062519643576,-1.1599839391268454,36.792436094336736,16.68681548134667,1.5724318027496338,1.0471514463424683
00375_snr+5,5.0,4.987737932294469,7.040789461524061,0.8592571374692125,0.8189089057728629,nan,nan,16.439022365301266,1.1470268964767456,1.2007970809936523
00376_snr+5,5.0,4.972946728828753,10.43467671707004,0.6818965672528621,0.7615209638900996,nan,nan,15.560148048535742,1.7425057888031006,1.2379101514816284
00377_snr+5,5.0,4.741229183794199,5.253509093599707,0.7794659935782634,0.7421466189517906,7.040602261129981,31.435096267168294,19.16308197809039,1.229976773262024,1.201371669769287
00378_snr+5,5.0,4.547854549915169,7.3942988110348775,0.7821072342622809,0.7598685425130126,-0.20201708761567316,28.70848302801079,15.220769052384634,1.2532176971435547,1.0652669668197632
00379_snr+5,5.0,3.6873373141420913,9.843999486821561,0.8448154719048175,0.8477737982015526,11.322029307080783,27.446264377045463,14.81652090946528,1.3459409475326538,1.2251495122909546
00380_snr+5,5.0,2.5565893889665157,7.52968599185574,0.8886618569270646,0.9310795572943998,38.405858445196095,45.701355281948615,10.221076521404102,1.3669370412826538,1.200056552886963
00381_snr+5,5.0,4.304408471048115,4.555410722438703,0.9652223806712625,0.9635399472565852,5.2475618131289465,13.536310927374796,9.34698066954351,1.789254903793335,1.6252460479736328
00382_snr+5,5.0,4.905670038921059,7.123679259318426,0.8241528854555977,0.7763343669835682,26.23314922594393,30.575818024574115,15.471455812275423,1.7624214887619019,2.095649003982544
00383_snr+5,5.0,4.9728369765249845,6.077299865857398,0.7747700335321749,0.7581617277271522,nan,nan,16.937411907412645,1.3750624656677246,1.3683749437332153
00384_snr+5,5.0,4.226768101031402,6.778526143030273,0.9413709464949328,0.9388444901244299,14.204868274380074,24.838374395880173,10.503086860476436,1.7406431436538696,1.7470543384552002
00385_snr+5,5.0,3.9186207877749912,4.71166586149916,0.9259685232872293,0.9264007729729967,39.0862097397754,40.2180586729153,10.286816082066604,1.5052878856658936,1.4292820692062378
00386_snr+5,5.0,3.9750505117101875,21.502605676879277,0.9300663484056946,0.9550785698919432,4.51320066140024,28.61089711129104,9.693149790708002,2.49450945854187,1.388759732246399
00387_snr+5,5.0,4.4648343070077665,6.847012345610608,0.8577940426765119,0.8775154787621022,10.362660866661722,25.25545102319469,15.26684881346628,1.649057388305664,1.338247299194336
00388_snr+5,5.0,4.965379529333892,10.448488115081346,0.9026591259976356,0.900795172275958,nan,nan,11.195745389174176,2.3876545429229736,2.8293354511260986
00389_snr+5,5.0,4.368017232941141,7.787772654218652,0.7245428104577427,0.8036963983903157,24.020184752701095,30.1659019691788,11.657731608470721,1.325421690940857,1.1897952556610107
00390_snr+5,5.0,4.91834749054373,5.800288252362846,0.8898018232385174,0.849828843927274,nan,nan,17.139223499172726,1.4831500053405762,1.9727349281311035
00391_snr+5,5.0,4.651318167834113,12.917518096586706,0.9519128773122166,0.9070617699261113,15.051069748075282,31.359352726763742,12.100235727455757,1.50119948387146,1.2498173713684082
00392_snr+5,5.0,4.432448593222849,15.530081577785284,0.9226562794859198,0.9324155667224098,6.565417045573282,25.2016442265292,7.281446254481359,2.1805338859558105,1.5997684001922607
00393_snr+5,5.0,4.953394541558469,8.770454901654412,0.8461774861034975,0.8491350952342239,nan,nan,14.311654179102689,1.6147425174713135,1.4152326583862305
00394_snr+5,5.0,4.3817822981369385,6.751954286278271,0.821526226653522,0.8485097310266128,19.547490191757504,35.822738622583344,16.39079210904508,1.5830612182617188,1.3275811672210693
00395_snr+5,5.0,4.708795510723804,5.916368456341479,0.9953154163378103,0.8439705551267876,-3.164930558320627,36.00688987364836,11.221980736951428,1.4612245559692383,1.2330117225646973
00396_snr+5,5.0,4.632599567160331,2.3734358600448924,0.8779709673355176,0.734464456428755,9.07903519582441,34.62814837693521,13.446779121151467,1.143958568572998,1.1357532739639282
00397_snr+5,5.0,3.993554357818482,4.171753901747604,0.8665197792558076,0.8125726240382353,20.354965398319983,30.427706475238743,11.1237054545965,1.1930415630340576,1.1781278848648071
00398_snr+5,5.0,4.3413513089357005,8.657832995229251,0.909772003719319,0.8641733765669496,12.022093725928482,28.02005142349257,9.925697047774236,1.7781338691711426,1.449570655822754
00399_snr+5,5.0,4.869314649691951,3.2574692743872053,0.7893557588208787,0.5238558424189168,4.601236351103247,25.19307518204954,21.250424562399058,1.0575848817825317,1.089097499847412
00400_snr+5,5.0,4.76704670560471,8.554439433140308,0.8720236475875047,0.9071620949954,3.3304343997518577,33.13932360830963,9.939443465310033,1.846678614616394,1.2761708498001099
00401_snr+5,5.0,4.163806534238082,12.052559658143032,0.957568708560762,0.962027327671456,15.978397954074957,27.24523797974949,7.872501615423022,2.5238516330718994,1.42403244972229
00402_snr+5,5.0,4.960802965713143,11.342403140077696,0.8454957639793768,0.8474696355763224,nan,nan,16.7263854628647,1.241154670715332,1.1543805599212646
00403_snr+5,5.0,3.8863153574769385,4.8354514008241996,0.9208536483836569,0.8286266471726936,18.529104116888767,36.49689006818565,13.51550966050209,1.4391460418701172,1.4908157587051392
00404_snr+5,5.0,3.399463848128189,3.830622682613848,0.8818126744394809,0.7221022653368018,40.91894220721387,47.29157136762951,17.902789909727,1.0992974042892456,1.3170756101608276
00405_snr+5,5.0,2.348527904436862,3.4161917452738413,0.743683756449696,0.7353818387184916,33.621258642058415,37.010532120357894,11.99099576349116,1.1922035217285156,1.1814085245132446
00406_snr+5,5.0,3.64439924585467,15.6160927827448,0.9501214422908538,0.9755976890115619,6.285876862770527,11.617167763882325,9.424777021392096,3.0530052185058594,2.231022357940674
00407_snr+5,5.0,3.875889623715862,7.319128994894198,0.9755761458680381,0.9766826268085113,37.264391230103804,42.456420379951005,6.689852232949971,2.812786817550659,1.6190998554229736
00408_snr+5,5.0,5.016052156831416,8.843460963284164,0.7561350745841251,0.7743534178488664,nan,nan,16.319399885293855,1.5183340311050415,1.126604676246643
00409_snr+5,5.0,4.449226942970426,3.3254036431080443,0.8543888063575145,0.7575657533854969,5.826807311080119,32.13487256341833,20.03228181364756,1.227317452430725,1.2449636459350586
00410_snr+5,5.0,4.998525547987275,6.139799635839294,0.806691272803688,0.8063242121966624,-3.2526193881661785,13.146128861287355,14.770963101017754,1.5250129699707031,1.5602498054504395
00411_snr+5,5.0,3.989411680242715,5.907084806640591,0.8892251415874962,0.943017622124644,-6.924747537723096,9.300564839112294,11.280576374592592,1.674461007118225,1.2523510456085205
00412_snr+5,5.0,3.8583370076651247,2.8888813400832856,0.840309296571683,0.7676839861231666,28.725003317338587,32.43311904313419,12.227815072815824,1.315103530883789,1.332434058189392
00413_snr+5,5.0,1.4177449142965157,17.386045338709046,0.9935942407655304,0.9925296422999749,13.663291550882057,37.46632847239423,7.5179622938745485,2.3742055892944336,1.6116597652435303
00414_snr+5,5.0,4.506496119708013,2.776678600574604,0.9240782834216849,0.7416351563192137,-4.766066388602856,0.0,16.670646924822872,1.485909104347229,1.725995421409607
00415_snr+5,5.0,2.174171118144394,3.618655807860131,0.965337482758833,0.9648397543019523,30.964513261596327,32.75289692372363,7.972611531736684,1.4634051322937012,1.66790771484375
00416_snr+5,5.0,4.891743972464971,10.603989958747025,0.8569571861641642,0.8814300934728136,2.2910365951873772,23.695232685511407,13.379512567168883,1.647090196609497,1.3623958826065063
00417_snr+5,5.0,4.906078778072338,6.610159797813112,0.8325377471877409,0.8277928326490629,5.484212555180742,23.421691462662004,15.807864441502591,1.85514235496521,1.6243317127227783
00418_snr+5,5.0,4.215272358439314,4.648481156113024,0.8505992489121412,0.7941341943943896,16.962854821199166,26.17358211017972,13.038995800894579,1.2294371128082275,1.162890911102295
00419_snr+5,5.0,4.650312102429197,5.1812228188933425,0.9243662468982095,0.8935460183405312,19.810102807791296,20.307559003691722,9.667307568770385,1.4150972366333008,1.4355289936065674
00420_snr+5,5.0,4.702927623558331,3.4996329589091397,0.8417034877961669,0.7913279279418105,nan,nan,17.402602152175564,1.2250909805297852,1.1778885126113892
00421_snr+5,5.0,4.637432952782774,3.720085468193716,0.8073016356454297,0.672961639590391,12.364110814395222,29.390440116481614,19.74257768055165,1.1095224618911743,1.1464897394180298
00422_snr+5,5.0,5.035951333783118,5.232965872335434,0.7813801670474549,0.789725376926541,nan,nan,14.815764386954305,1.4606654644012451,1.1385507583618164
00423_snr+5,5.0,4.99586295732618,7.573090993684874,0.6701953137330503,0.7195389107068497,nan,nan,15.325210579232476,1.2263216972351074,1.2073025703430176
00424_snr+5,5.0,4.968927353039288,7.314441403708702,0.7852367780431994,0.8108393322850922,nan,nan,15.0366904885002,1.3044945001602173,1.1667611598968506
00425_snr+5,5.0,4.644047471982668,4.194970825815252,0.8157186500546644,0.7174248494751881,24.99032643310247,27.25259036044664,12.905238815250303,1.188762903213501,1.3480312824249268
00426_snr+5,5.0,4.386258163766241,9.423775538226032,0.8988006240127081,0.9219868289862587,-2.5823433459238676,29.401780053234386,10.510268728181085,1.4755812883377075,1.373810052871704
00427_snr+5,5.0,4.11459034711019,11.537490640690915,0.8866306244067228,0.9184614208190572,26.853969054968715,34.085078475051354,11.1606550769966,2.027148723602295,1.5002961158752441
00428_snr+5,5.0,3.463240730171811,22.88107542259201,0.9999980917045075,0.9914023363439045,0.6434263616453013,34.26337238396344,9.022784522411037,3.7739949226379395,4.031921863555908
00429_snr+5,5.0,4.394871184964683,6.342350246224104,0.906901520912873,0.9217530845805323,23.24540928504712,31.32608297840877,9.786712012997054,1.6218554973602295,1.523118019104004
00430_snr+5,5.0,3.8398984713025053,8.73778935890427,0.7051556391247144,0.7220758105159922,15.965480943307506,30.735793237571425,14.474072550809536,1.213316798210144,1.1441993713378906
00431_snr+5,5.0,2.967851223761346,10.751688260025071,0.7895038794958252,0.8687168757756631,11.17613374207721,30.79978935235364,11.135878904520087,2.2055001258850098,1.1751494407653809
00432_snr+5,5.0,4.276586163454761,4.952073810095477,0.8356075590678043,0.7518499811966506,27.87814117518535,35.22454978568034,16.611574679733714,1.193873405456543,1.061929702758789
00433_snr+5,5.0,4.429833684303587,6.0587437008539125,0.8622213430997615,0.7268151583854421,-5.901018274187075,14.576609052348864,16.46483837655398,1.2527766227722168,1.169997215270996
00434_snr+5,5.0,4.556803561675096,8.9275334145894,0.9189091875872576,0.9371846455505201,26.554608266819702,33.05979356437238,15.326621851634966,1.4206618070602417,1.2993677854537964
00435_snr+5,5.0,4.303558832906696,4.460015059199326,0.7869664367005879,0.6940470011200427,18.1821890151734,34.28759640679209,17.180180408089118,1.116727590560913,1.0645312070846558
00436_snr+5,5.0,3.828348402641745,8.776669964938446,0.8428658961054452,0.8856074473625883,-2.3334351733756766,29.39502457129231,16.982868677164106,1.3929418325424194,1.1094564199447632
00437_snr+5,5.0,4.26939965715558,1.2196423515008457,0.8701580120884366,0.7293158280767998,3.3131207862710808,28.98676801038413,15.83050445770438,1.1929532289505005,1.1774320602416992
00438_snr+5,5.0,3.3000418884008074,5.007903013186098,0.878211233753726,0.8750483847780702,34.430238122298306,36.81389509384711,13.505238152822269,1.3203099966049194,1.1923227310180664
00439_snr+5,5.0,4.238041245576411,12.237359208360566,0.8945730127200554,0.9490158436079699,-6.122528154793898,32.89280058349581,11.142082631062959,1.89625084400177,1.2417733669281006
00440_snr+5,5.0,4.651863878680143,10.62919894871058,0.7682286267479803,0.7785288201343326,21.239464951743635,31.0708311741992,14.316066627978236,1.1673839092254639,1.0762228965759277
00441_snr+5,5.0,3.653401258722572,11.654778170113973,0.807187948548325,0.7897694774563727,18.859445906318644,42.085562389082796,16.007178637617418,1.1209540367126465,1.111005187034607
00442_snr+5,5.0,3.748731480511954,3.763805772140692,0.8965011272459894,0.85318801034836,31.832659578209594,37.263613312588916,14.75917098250157,1.2725753784179688,1.22370445728302
00443_snr+5,5.0,4.601082301144893,6.188323919810327,0.8732277597765895,0.6905878645099032,12.908954459013577,27.0393486376741,16.07553981154273,1.2267653942108154,1.3083324432373047
00444_snr+5,5.0,4.004812383094948,9.712748639230734,0.9790739062508841,0.9608064570558825,8.636184782359717,36.49619738250739,12.141578814986007,2.179548978805542,1.8523027896881104
00445_snr+5,5.0,4.5975396548773535,11.04189045963639,0.7915685732279713,0.8523475512319371,-1.2493133316436398,29.14281989164184,14.686538559451945,1.5616265535354614,1.0498054027557373
00446_snr+5,5.0,4.99530356726951,7.3131949453396725,0.9184786205807042,0.9087982814451807,nan,nan,10.384494289707291,1.4301010370254517,1.414750576019287
00447_snr+5,5.0,4.924536609121526,10.27920170519698,0.8868639457203986,0.8929319538739715,nan,nan,10.70883507361672,1.9559643268585205,1.7590785026550293
00448_snr+5,5.0,3.8516377810720845,8.938849585578051,0.8128107379984523,0.822798299440763,nan,nan,12.844301720666603,1.6136200428009033,1.281224012374878
00449_snr+5,5.0,4.962322365053933,6.090347021864754,0.8595698710108208,0.8725559120310596,nan,nan,15.71187501286422,1.2717376947402954,1.1763193607330322
00450_snr+10,10.0,9.573183864488513,5.758082504577367,0.941155404753631,0.688371388512534,0.21918966112183086,23.007611068498708,15.669529434764199,1.1173502206802368,1.6003953218460083
00451_snr+10,10.0,8.550186470018511,9.706012339198477,0.9163873780176125,0.9369147822635758,24.33837091874091,26.157987488306414,13.818850107587053,1.5786725282669067,1.9606893062591553
00452_snr+10,10.0,9.865964414188594,14.451175864663892,0.8820684750136522,0.9143480566445841,38.930847289413826,69.51801935961798,11.844125136584124,1.6718939542770386,1.175206184387207
00453_snr+10,10.0,9.043759382571325,12.399373992956066,0.8928097535404934,0.9086809468524643,17.20469833412769,21.48887527766396,10.27709557597593,1.694365382194519,1.587568759918213
00454_snr+10,10.0,9.276620644470842,13.914686641462604,0.7727493207602075,0.8734471911578158,-6.655930427059165,23.99611086758689,13.507508018290961,2.0786404609680176,1.2842000722885132
00455_snr+10,10.0,9.534852135763721,12.650668613921606,0.9368080464989889,0.9479572419551201,21.988293454409842,34.37661083094558,8.860591470092702,2.030881643295288,1.932192087173462
00456_snr+10,10.0,9.097769165827495,14.579484668378367,0.8875378118452566,0.8902779929850326,4.8648183348851886,26.784181037508624,10.867449541360184,1.9810463190078735,1.7810062170028687
00457_snr+10,10.0,8.509449466465298,14.066824072611151,0.9294637219552859,0.9187996986492645,16.445404748262913,31.03968147566748,15.4943822250519,1.3228003978729248,1.2259141206741333
00458_snr+10,10.0,9.641827014645273,11.794121401706228,0.9516787402379413,0.9241794754465296,0.40702516187007165,13.911698417123988,6.828708977285623,2.1504178047180176,2.008042812347412
00459_snr+10,10.0,9.68123215976059,8.966105278926719,0.9984469965180931,0.9542770449545185,-9.202719232121146,25.483816661069344,11.911872453755032,2.412827491760254,2.2048065662384033
00460_snr+10,10.0,9.973895754945708,11.264518589616234,0.864863918042721,0.8689825869149685,2.0825358128574365,8.728026748453178,12.490261851697381,1.5082952976226807,1.4110264778137207
00461_snr+10,10.0,9.981850279405776,15.15525926004835,0.852359570174184,0.9054893747588386,nan,nan,14.120433002136672,1.8492631912231445,1.5812325477600098
00462_snr+10,10.0,9.384535897313267,12.509602916420448,0.9278976190002078,0.8860992902880646,-2.0862594159219623,21.011713969273856,12.23410940683641,1.979358434677124,1.7426031827926636
00463_snr+10,10.0,8.627063222905882,7.069537940221875,0.8745079591355355,0.8820149455430717,19.60797505528076,24.07794565843059,12.309163851516288,1.3263425827026367,1.299443006515503
00464_snr+10,10.0,9.229687159832064,12.115430821588507,0.8743000584219576,0.8984832171197231,12.598286442214466,22.998230261562966,12.575837210254596,1.8444535732269287,1.3050003051757812
00465_snr+10,10.0,8.105777786100738,8.84929983876638,0.86772483270991,0.841068212076266,2.8305806080557594,25.841381346841622,17.620402469778654,1.3728972673416138,1.6772582530975342
00466_snr+10,10.0,8.670514034566818,11.736711953854543,0.8860070433560178,0.8779006209894927,18.732981575019757,25.736282226179515,12.751874072001037,1.356137752532959,1.3198901414871216
00467_snr+10,10.0,9.77735886878882,16.682431635852996,0.933794666719856,0.9483114300305879,-0.5005202021526809,25.210605939392956,15.324094252058789,2.0239017009735107,1.9929215908050537
00468_snr+10,10.0,8.869654634126054,6.384073671577219,0.9343924502967276,0.8587140941244749,14.186139365761672,26.119870236738123,10.497128358108005,1.4551392793655396,1.5143439769744873
00469_snr+10,10.0,9.98293719217655,7.0857875895723685,0.8944461520197757,0.9114235094213435,nan,nan,16.56608328670675,1.7321685552597046,1.3105950355529785
00470_snr+10,10.0,9.475390394339362,14.200187648895241,0.8999635563862121,0.9254594444118376,-3.1573395849064627,22.595823492428227,12.74052265988734,1.8965635299682617,1.3688229322433472
00471_snr+10,10.0,9.417412094235027,10.999704140484162,0.9366238461513329,0.9361739351813617,8.896903078628133,20.161510990933937,8.2368630460293,1.6309679746627808,1.6421723365783691
00472_snr+10,10.0,8.285087998382748,14.751398628848019,0.9157470944291967,0.9491542456355079,5.173696355280865,25.594941662577458,10.62151449159543,2.291083812713623,1.1185121536254883
00473_snr+10,10.0,9.289494489461521,7.178322131491664,0.8955169636356999,0.7961052304154558,16.26980738525212,24.545593340297344,13.500161184331551,1.1848702430725098,1.2108047008514404
00474_snr+10,10.0,9.030241614016148,8.477463493940784,0.9675306174909238,0.9184506214680496,12.310129509595676,27.57671063126299,6.923269305210849,1.7138237953186035,1.508773922920227
00475_snr+10,10.0,9.778315126402283,9.728082943980121,0.8745052053594612,0.832859105077412,3.137773496266604,22.677048884472136,9.137482430922354,1.4310389757156372,1.2233786582946777
00476_snr+10,10.0,9.81394272846494,11.402124979362991,0.8351053058617265,0.8253304938959232,9.78230884193765,18.740309094090634,14.699434439574395,1.150476098060608,1.1715065240859985
00477_snr+10,10.0,9.078004455904857,18.993287772732725,0.991824689857027,0.9937032314826649,2.1085529242224146,29.711504678801216,8.310600508907775,3.131756544113159,2.2352070808410645
00478_snr+10,10.0,9.882770407268769,8.111512634145404,0.9433860452359442,0.8202892925014953,-2.85178762879776,17.063407312879065,9.723148086959034,1.465497374534607,1.6065123081207275
00479_snr+10,10.0,9.557927477954179,12.27717995545305,0.9121069484735181,0.8641055447336297,-2.293907068653395,21.171371305988277,14.989901545006287,1.579875111579895,1.3331708908081055
00480_snr+10,10.0,8.269507338393627,15.002353902061236,0.9617668959532799,0.9608386923052689,18.257649356182657,28.493021538896794,12.159876826882943,1.9251244068145752,1.5338327884674072
00481_snr+10,10.0,9.966599348788334,10.378897655651905,0.9717520520227793,0.963479724144805,nan,nan,8.630075759955654,3.102440357208252,2.8816237449645996
00482_snr+10,10.0,9.963976546670963,9.14561409860357,0.8642017512836737,0.8554017061903335,nan,nan,16.462038478906376,1.6143240928649902,1.3070411682128906
00483_snr+10,10.0,9.172890270735039,7.59589112468821,0.9909057207998896,0.8938868764604738,0.32341477898230875,28.764067671811283,12.05234250200261,1.8421154022216797,1.9399640560150146
00484_snr+10,10.0,9.478850347500504,10.557597181299357,0.8869685948036384,0.8758030120216918,13.79648438290838,21.804507438974312,14.782535615391957,1.3085508346557617,1.2402284145355225
00485_snr+10,10.0,9.35233180439531,12.859586847526385,0.9051079327684797,0.897890311899842,2.9598159489951725,23.851134741725364,11.177365839565494,1.5791089534759521,1.2227146625518799
00486_snr+10,10.0,9.870697344215186,12.156322953518474,0.8990054846149153,0.9259772278893399,10.54380456689586,28.000810534483662,15.66274393246314,1.4895328283309937,1.3911304473876953
00487_snr+10,10.0,9.991153164069171,16.618714208198796,0.9363802276366664,0.9198832423584913,nan,nan,15.119071017506773,2.591946840286255,2.2546727657318115
00488_snr+10,10.0,8.620790550958674,10.418945891542709,0.8952117785377829,0.8674484864390941,18.31697012844286,27.098319144306707,11.925471706750583,1.4841489791870117,1.425464391708374
00489_snr+10,10.0,9.050035031221807,13.29637248739581,0.9138520182027434,0.9410819715778846,1.2203829446090548,25.176275208958753,14.305072796619802,1.7070262432098389,1.252713918685913
00490_snr+10,10.0,8.3844086278372,15.355395445173578,0.9490643279005916,0.9586180475562306,-1.814011564531637,30.888204208132144,8.820673678414822,2.7098586559295654,1.8339933156967163
00491_snr+10,10.0,9.819542904733503,18.61360097258109,0.954646609098921,0.973579107414319,-2.9684317174148056,24.2515151029089,9.361110146540927,3.282341241836548,2.6863317489624023
00492_snr+10,10.0,8.007593965689283,14.197322950832865,0.942274215114425,0.9567975274571286,3.3017650381001373,31.448257780874425,8.093878528684819,2.5995395183563232,1.4510623216629028
00493_snr+10,10.0,9.986567763562613,11.769301496273227,0.88269062619921,0.8983335231563014,nan,nan,13.975510268117459,1.5206654071807861,1.4699043035507202
00494_snr+10,10.0,8.596254360268677,10.845358645985481,0.9487680854963179,0.9066139193810555,0.11955805259202588,28.32574079715002,12.338690110596271,1.7644660472869873,1.5831366777420044
00495_snr+10,10.0,8.89023580898434,6.161440976245683,0.904951206290764,0.6274711410750106,15.31291794777488,23.345238189369788,14.491643970957664,1.1159611940383911,1.213355302810669
00496_snr+10,10.0,9.944624196507094,13.093415619227303,0.9784747703173,0.9806489492540371,nan,nan,10.397274832661848,3.1103625297546387,3.2906062602996826
00497_snr+10,10.0,9.44760888715925,11.96224807404456,0.9031353504642503,0.919299845225846,-8.816049090166286,23.09671837743199,15.264330467278212,1.6650055646896362,1.2636932134628296
00498_snr+10,10.0,9.186626014610917,11.38981173457372,0.9296913305152491,0.9233468688719597,14.464303672102476,26.835256961791018,12.997440508087942,1.5522725582122803,1.380360722541809
00499_snr+10,10.0,9.95795352252566,6.89021047984908,0.8946040079234889,0.6774937488332796,-5.932811605266624,0.1811768057747579,9.126109281646777,1.0903375148773193,1.4170140027999878
00500_snr+10,10.0,9.373860285044412,9.25836157165976,0.9908936499536963,0.9071628991251526,5.597305430383516,39.32736800976596,14.88807002038138,2.4170124530792236,2.3689310550689697
00501_snr+10,10.0,9.852331154007091,15.697980100346944,0.9060013928103194,0.930397471672804,10.56342303881844,16.62690993611633,10.079117476644237,1.8895905017852783,1.5105714797973633
00502_snr+10,10.0,9.771092722266467,15.145567652921539,0.9757714783613708,0.9560217608444509,-7.572006790149041,20.561865064929606,13.688720335416143,2.3158748149871826,2.8800623416900635
00503_snr+10,10.0,9.276277829475843,7.005150220426206,0.8826085914856882,0.8492586830393172,-5.022945534323323,25.85588218739797,13.012160756705368,1.6374337673187256,1.1307026147842407
00504_snr+10,10.0,9.328508605061879,11.241375140407595,0.8496332939043637,0.8836018225101046,3.3110036812502996,28.120069759889933,14.396682047697002,1.6592257022857666,1.100114107131958
00505_snr+10,10.0,9.221222525688864,11.297027470393708,0.9608257459432377,0.9356442939671964,12.74510468602295,22.640925827801503,10.343971888442724,1.9124858379364014,1.9236340522766113
00506_snr+10,10.0,9.981594363656093,9.552714777711042,0.809485021804344,0.857151484810704,nan,nan,13.188252463743856,1.6029797792434692,1.254387378692627
00507_snr+10,10.0,9.293390538472137,14.300547455937195,0.9167569599764464,0.9081686537155358,5.548914249818506,29.262830485569108,12.358720992688898,1.712033748626709,1.179443359375
00508_snr+10,10.0,9.672833233603937,11.418772902443601,0.9707280381093291,0.9326467164377727,-1.512811343966505,17.433938118331625,12.933233655449175,1.8576736450195312,1.6226708889007568
00509_snr+10,10.0,8.99357885340195,13.464742902732429,0.8672118782088719,0.8859876908368141,15.251908074068572,26.950993361233458,14.3331584566609,1.7423338890075684,1.1756151914596558
00510_snr+10,10.0,9.635470961983101,11.325750616284688,0.9470861377860004,0.9240598817819948,-4.731914963135603,26.248866392026834,13.87360442376007,1.692451000213623,1.2842938899993896
00511_snr+10,10.0,8.462390662224541,10.02478362213257,0.9090072391571572,0.8520837367981161,1.143589551311945,37.61580385309039,11.98935857829846,1.6223042011260986,1.4808924198150635
00512_snr+10,10.0,9.122514385544411,12.959616119629615,0.8999938668241797,0.9205273878390756,2.925070929374518,26.10992762915943,11.75115276484449,1.6906439065933228,1.312961459159851
00513_snr+10,10.0,9.300095885829352,12.91152363768145,0.893678504087038,0.9083155344695274,-5.7733261274602174,25.93985525244073,11.904343308268766,1.9069514274597168,1.5211925506591797
00514_snr+10,10.0,9.078737696203952,10.507511285632047,0.976359344163026,0.9122586793833157,14.078076542461487,17.68467879373406,7.834471981723227,1.8317201137542725,1.6203047037124634
00515_snr+10,10.0,9.278206560152995,14.399033704557816,0.8284712130707218,0.8542755853786556,13.581789422937028,19.14602837110821,12.959054783131917,1.8374872207641602,1.3805922269821167
00516_snr+10,10.0,9.23968266772971,14.648808031464227,0.9063465985355167,0.9189219133091825,7.442890632662004,24.99010105843924,16.213415217550732,1.6571755409240723,1.1913437843322754
00517_snr+10,10.0,9.99774859705097,14.711608834429521,0.8264097744016041,0.8566741779807056,nan,nan,15.385560995823653,1.869327425956726,1.3409701585769653
00518_snr+10,10.0,9.752487716753514,13.62464183996103,0.912263480236594,0.9220483513010657,25.515048186220135,28.917110604380426,11.068738312699683,2.2871172428131104,1.966355323791504
00519_snr+10,10.0,10.014291673604156,12.082839384439758,0.8978930019222412,0.9048157499749747,nan,nan,13.113738992843913,1.864626169204712,2.258618116378784
00520_snr+10,10.0,8.907906451482067,15.172811805920697,0.960349103425245,0.9610567549330414,3.3880477229338357,32.2334935471867,8.158017725283015,2.6099157333374023,1.8492201566696167
00521_snr+10,10.0,97.52440491256893,14.4936404257595,0.9999999999999992,0.9450738289088709,nan,nan,8.504196809034028,3.3494794368743896,4.643888473510742
00522_snr+10,10.0,8.39548306406058,7.1982699070912926,0.8523282497937119,0.6871294814453869,19.000696013599093,21.32629443761282,10.352522623840724,1.272678256034851,1.4807960987091064
00523_snr+10,10.0,9.259917292701132,6.1557386105799825,0.9207397914895633,0.8591035047536314,13.94870727324112,25.889971576427335,15.918419272906892,1.4978954792022705,1.601433515548706
00524_snr+10,10.0,9.268665276077432,13.597325019266504,0.9356547571337418,0.9486650891916865,6.683065366937092,23.90917328736379,12.801730538061927,2.2841367721557617,1.8669278621673584
00525_snr+10,10.0,9.45369784606014,13.93518750993573,0.8504385905349752,0.8722852305497775,20.820525643781046,29.475318404081964,15.315619260394834,1.413101315498352,1.1093389987945557
00526_snr+10,10.0,8.96540039693496,16.006001568946992,0.8436325690058919,0.8954215103547607,-7.658629176715131,17.050386967377232,12.749347413572524,2.1751649379730225,1.6998462677001953
00527_snr+10,10.0,9.91190520434297,9.78690549933152,0.9667469086973522,0.9632115841085901,4.035520239810972,10.756156657148706,10.361700063104566,1.8182077407836914,1.8346542119979858
00528_snr+10,10.0,9.956717152927713,10.490608373212636,0.9289460629176056,0.9125148755362592,nan,nan,16.11442746461109,2.034858226776123,2.5681052207946777
00529_snr+10,10.0,8.122724888412753,11.237464527259892,0.9012920459520489,0.9172901521592982,36.06798322617671,39.40755943158645,14.538234300232421,1.2772419452667236,1.1054059267044067
00530_snr+10,10.0,8.715073886591577,15.865785083953297,0.9825615960168568,0.981015375725246,23.231134360243146,30.76322754828319,11.016628316733536,2.6380202770233154,2.7678232192993164
00531_snr+10,10.0,8.39265445749538,7.968328369244748,0.9390058663997849,0.9032311613816875,4.355233342755092,13.998303649528982,10.473634040250365,1.4352712631225586,1.4848175048828125
00532_snr+10,10.0,9.501851773677943,15.20351687185568,0.9396258269194179,0.9710698252939572,-0.20853900960585536,31.210487022182747,9.707783020749691,2.707057476043701,1.6215331554412842
00533_snr+10,10.0,9.988921632566983,11.95528542402765,0.9616294909923271,0.9536064937311102,nan,nan,14.088584232903816,1.8210103511810303,1.3847427368164062
00534_snr+10,10.0,10.006336212947229,14.279193404238804,0.9322785652540809,0.9666118246849108,nan,nan,13.266654901922015,2.586136817932129,1.722485899925232
00535_snr+10,10.0,9.743406255314309,9.9395802067054,0.8999747241745526,0.7846590964226376,1.3603670612970233,21.76379171489326,12.96181830603235,1.4592397212982178,1.5543482303619385
00536_snr+10,10.0,9.671725824125986,13.030399940341015,0.9902529509569763,0.9508888458428104,-2.961660663490263,30.973315699838373,13.04377561991119,2.3427467346191406,2.9607722759246826
00537_snr+10,10.0,10.058131638541987,9.429363997590542,0.9792380833309487,0.9326953769963007,nan,nan,16.795371287809594,2.0622012615203857,2.4138946533203125
00538_snr+10,10.0,9.925264615325698,12.61295957833777,0.8708240282610153,0.9116410989945689,8.904928805010774,17.437411779744345,12.678457998248806,2.0082287788391113,2.0600152015686035
00539_snr+10,10.0,7.584114290542747,10.754171731093859,0.8854311977308593,0.8413763804363704,-7.914129351985922,23.984295280491544,11.895659199279061,1.6952073574066162,1.359968662261963
00540_snr+10,10.0,8.734316223359848,10.73656522857991,0.9325095756095672,0.888874284433943,-4.79934243526197,23.32769342834521,12.936279614542661,2.0005505084991455,2.2531685829162598
00541_snr+10,10.0,9.266141746166207,11.3523205333128,0.9289732981184015,0.9154018599616572,22.758238554587493,27.93054658675585,12.037435867594006,1.53648841381073,1.5975100994110107
00542_snr+10,10.0,6.509028130651622,5.635953098412151,0.8893897784614504,0.7217914817771838,20.845467084149895,39.15498607907876,13.22333949407585,1.1514768600463867,1.198718786239624
00543_snr+10,10.0,9.925274984363657,17.13548011179717,0.8926239106164171,0.9108761169913778,nan,nan,18.457440539957442,2.7479350566864014,2.176420211791992
00544_snr+10,10.0,9.976451997145874,13.14385428343645,0.9772963291282348,0.9798863070660347,nan,nan,11.690777286041051,2.140141487121582,1.8512136936187744
00545_snr+10,10.0,9.980931431743317,11.772827705599486,0.9221565337549521,0.9332016468467679,nan,nan,14.693297789565738,1.8706963062286377,1.5960023403167725
00546_snr+10,10.0,7.105775337409225,15.026453035730169,0.9374656709554302,0.9467567764637269,11.246968893352843,33.49096733207303,12.90029774223231,2.2310097217559814,1.2993417978286743
00547_snr+10,10.0,9.001220848828686,9.327544474414688,0.9022949264490429,0.8864597360727146,24.774125953204997,28.805452866877104,11.499018681380562,1.4189585447311401,1.3342931270599365
00548_snr+10,10.0,9.088430925722768,12.13423116714366,0.9761037695282081,0.9590372509714237,24.01163539829476,24.753297935628794,8.307629528859275,2.961491346359253,2.88727068901062
00549_snr+10,10.0,9.566177668914694,10.418924416837502,0.969650189010381,0.8602998853428858,12.183442184921693,30.139621627052726,14.354030758182727,1.8427029848098755,3.295060396194458
00550_snr+10,10.0,9.54705107497511,17.802764269764914,0.9001714029925322,0.9378005529463185,12.827008693330493,20.0392285013535,11.257355839909478,1.743310809135437,1.3564236164093018
00551_snr+10,10.0,9.943259446006373,14.19740450328479,0.9121339738405788,0.9285809161752836,nan,nan,14.146460129088506,1.956526279449463,1.6720552444458008
00552_snr+10,10.0,9.973224080956964,14.3687597543175,0.8324974049836846,0.8362865620093743,nan,nan,12.419733113524078,1.3401216268539429,1.1678086519241333
00553_snr+10,10.0,9.915188385201512,9.495864342205003,0.8613706241349423,0.8631076534500131,23.83385544515196,25.004414994922882,11.44285058552443,1.3819180727005005,1.2876096963882446
00554_snr+10,10.0,9.486920648600641,13.15301386667077,0.8511247009474613,0.8827612409532573,-10.097677972671981,22.599416028540595,16.446879724776466,1.6341540813446045,1.3176957368850708
00555_snr+10,10.0,7.615851111433488,9.75567178726245,0.8968485387924262,0.8972711056109764,25.07460875316297,34.03007864934615,14.441396917864493,1.5099574327468872,1.145453691482544
00556_snr+10,10.0,10.008247945790687,10.939345786337075,0.9350992640822567,0.9436023895698645,nan,nan,11.722839646188536,1.7052628993988037,1.4198966026306152
00557_snr+10,10.0,9.374912623616128,12.792526485716087,0.9225773974126082,0.9473129989027463,-4.562085669000586,19.4853104539864,14.560782858413154,1.7320690155029297,1.4728107452392578
00558_snr+10,10.0,9.656046790402073,12.102251701709427,0.8228051621449555,0.880703542827945,8.701126346285541,18.947666302941983,13.022697293476034,1.3980412483215332,1.1790058612823486
00559_snr+10,10.0,9.046219857066985,16.536265339545615,0.9414614254506032,0.9679023444371677,-1.629426493591672,22.315731389483958,9.133263259641932,2.693037748336792,1.7941925525665283
00560_snr+10,10.0,10.001317987709033,11.632350014326914,0.9753108930522457,0.9762181189205955,nan,nan,9.651233401215555,2.428004026412964,2.1163101196289062
00561_snr+10,10.0,9.566242608504187,5.243566595873742,0.9389330540359874,0.841607470507592,0.1917416849651056,26.43759345940945,14.311844859700848,1.3324203491210938,1.1888470649719238
00562_snr+10,10.0,8.63732067633595,14.63733829622881,0.8234715947850125,0.8631851593431281,-6.120883474733615,21.937958852064448,15.96976966439904,1.9878334999084473,1.5912818908691406
00563_snr+10,10.0,9.462391287779626,8.339467107095082,0.878914373871579,0.7635990881545546,3.4630951765489506,22.945614570949196,13.944904761443723,1.188033103942871,1.2857643365859985
00564_snr+10,10.0,9.561176616722806,12.072824044031664,0.975352255408764,0.9556031422697029,-6.458552893029129,-0.0011792280676949062,9.729595104258658,2.5169482231140137,1.6278934478759766
00565_snr+10,10.0,8.828570799936086,13.558816270426954,0.8427507345053686,0.8606181291244687,9.397134930663608,27.76481999213676,12.33884277771016,1.5142290592193604,1.211647391319275
00566_snr+10,10.0,9.927181781955595,12.707310898183469,0.736722653360268,0.803770733679855,nan,nan,13.65896839111002,1.5108721256256104,1.1787029504776
00567_snr+10,10.0,9.586086327179569,12.053200811776856,0.9473494564397883,0.9416389372428281,34.131438060328605,36.723771397952035,10.846553875279596,2.1593780517578125,1.9903819561004639
00568_snr+10,10.0,9.305181788595995,13.970184559749082,0.9295276146867522,0.9297765524633245,17.54690223437246,25.6528333202565,10.533988272175112,1.803920865058899,1.7498352527618408
00569_snr+10,10.0,8.944475958542368,15.053027272495934,0.999990272500425,0.9869225145967518,8.716851148962414,31.771727427023745,9.838523113971945,2.5559372901916504,3.9971354007720947
00570_snr+10,10.0,9.216577860127604,1.7149917564786303,0.9365956690743211,0.8095495562638356,-0.7895811310457439,27.252222829371526,13.046023644247462,1.3727092742919922,1.213218092918396
00571_snr+10,10.0,9.257396961507405,16.029318303581128,0.8981815403428748,0.9447287069315602,0.754990503019199,22.129275746020426,10.947329414326925,2.382509231567383,1.6373393535614014
00572_snr+10,10.0,9.983947210223509,14.560754320869682,0.928560169560028,0.9480550782427659,nan,nan,9.976000304264831,2.0415451526641846,1.415762186050415
00573_snr+10,10.0,9.965861739518026,10.703263935867914,0.8902882441449734,0.8836442854878962,nan,nan,12.794127327289656,1.3286381959915161,1.3646005392074585
00574_snr+10,10.0,9.95678548011348,14.401012463869069,0.7205381251420839,0.7952389215253549,14.912535262520787,24.662011160483015,13.127360654464079,1.372424602508545,1.133899450302124
00575_snr+10,10.0,9.968773313391823,19.22351754511555,0.8684018908482604,0.8688883993276241,nan,nan,12.264842424960392,2.483520746231079,2.0006613731384277
00576_snr+10,10.0,9.408173982983339,15.608430609840699,0.9582927564562886,0.9684722214337358,0.289256348810377,26.444245000298793,10.59209263928934,2.0439960956573486,1.4602558612823486
00577_snr+10,10.0,9.79733583622368,13.59862087162565,0.9332379509102904,0.8679632948848194,7.049188312757425,23.898200453072317,13.2321211178517,1.7522106170654297,1.5646140575408936
00578_snr+10,10.0,9.527733965680161,14.845710439751423,0.8936993470448834,0.9279309952068997,-4.097203172906097,19.607090186085724,14.131135467357797,1.8732094764709473,1.279179573059082
00579_snr+10,10.0,8.698794936267891,11.228969854585312,0.8912167046026517,0.8553921375202683,13.574245898616685,28.79982266756054,14.985196898948962,1.2375856637954712,1.1734919548034668
00580_snr+10,10.0,9.950592172868744,15.093960574300496,0.9695587816515684,0.964830111243419,nan,nan,12.60609412312519,2.5759427547454834,2.3588008880615234
00581_snr+10,10.0,9.837349015223836,7.319566365843732,0.840999988232477,0.7061756068195133,4.930452336514312,27.055291301978322,13.358390613970288,1.22675621509552,1.1947109699249268
00582_snr+10,10.0,9.977757297178483,16.391439879300144,0.9353213987780654,0.9266300008708126,nan,nan,9.029155016932714,2.2730793952941895,1.8448190689086914
00583_snr+10,10.0,9.806131992383765,8.743256258962806,0.912026610273493,0.8670310290305037,4.41881908537016,24.738981914794653,14.795011698749784,1.4419747591018677,1.2017627954483032
00584_snr+10,10.0,9.350383946057667,9.458540334582946,0.8984104800460503,0.9068741483945549,4.961865173088585,20.282320940092333,14.97483205410382,1.7553980350494385,1.6093406677246094
00585_snr+10,10.0,9.791825606301103,5.97641578668982,0.9426546469836506,0.7360664886689418,-0.9334396104184627,12.868720204708005,13.827509803465603,1.2507195472717285,1.390036940574646
00586_snr+10,10.0,8.859948293593758,13.549560599982327,0.8361624088414404,0.8393892439286633,8.448104424735284,22.733675335807554,9.440289657176962,1.7670282125473022,1.3717780113220215
00587_snr+10,10.0,9.588834009674732,12.367295890934518,0.8318666604627264,0.830396386146962,6.361805411804245,28.29883746669519,15.127293259654007,1.3026747703552246,1.1807689666748047
00588_snr+10,10.0,9.33294990180521,16.760504218836278,0.9158684489880231,0.9612814353177974,-4.917597302776416,27.545384414455405,13.113548196272992,2.34464168548584,1.5370762348175049
00589_snr+10,10.0,9.955987205555228,18.28754894453446,0.9541557178362573,0.9730509668669739,nan,nan,11.77914013924907,2.118833541870117,1.5292587280273438
00590_snr+10,10.0,9.878318252023298,7.507547961334874,0.9082227214290401,0.7169745778860307,8.17964072812967,15.583138688628551,13.95968105371611,1.2642825841903687,1.7092856168746948
00591_snr+10,10.0,9.261824531984221,12.420147896960572,0.8373847260072405,0.851262201367552,7.961914824754208,30.144957507796853,11.400282837558422,1.5459002256393433,1.4360538721084595
00592_snr+10,10.0,9.421868443284335,13.336675582161766,0.9372745578276976,0.9392235272186261,28.36058305699136,29.616532145988256,8.912053426202695,2.1131904125213623,1.6099207401275635
00593_snr+10,10.0,9.462375055351725,15.275247036778897,0.9640450693326053,0.9730369939556113,-5.608148528094084,24.94621904333298,9.940877258317625,2.3587801456451416,2.004889726638794
00594_snr+10,10.0,9.978827223105963,9.663790678990214,0.9020779673893743,0.8746880123808121,19.94861984099442,23.707561186886355,14.914448710706711,2.3001585006713867,2.6291110515594482
00595_snr+10,10.0,9.203184931080324,20.467119172092282,0.9855049975860487,0.988145595865309,6.299973283733134,31.510402884316644,9.492085858176068,3.4168965816497803,2.184483528137207
00596_snr+10,10.0,8.399495997272945,8.810441484065553,0.8560712684999976,0.892039934648823,27.31352883611942,29.130162214204283,11.494324458148151,1.6215507984161377,1.512589931488037
00597_snr+10,10.0,8.107493196450875,5.819206408318058,0.9086265701356163,0.830384410344305,-3.3525719156222755,34.158888018220644,14.66364614803577,1.45758056640625,1.3313204050064087
00598_snr+10,10.0,9.4798098315074,10.028080666186565,0.9208324465041712,0.9176549405379053,24.45192429468169,27.80068773447192,10.683190892595908,1.3249597549438477,1.3782527446746826
00599_snr+10,10.0,8.874520712362502,8.0949342779818,0.8376071057511892,0.7014191311111742,0.8548945180815547,21.784131805067545,18.657352574205255,1.2673256397247314,1.2044237852096558
