id,snr_db,sisdr_noisy,sisdr_enh,stoi_noisy,stoi_enh,pause_resid_db,pause_resid_db_noisy,speech_lsd_db,pesq_enh,pesq_noisy
00000_snr-5,-5.0,-6.050548182058839,-3.9473991367348287,0.8367707545400914,0.7179840420307702,39.843998902508886,44.70934338717314,22.80455576190754,1.2032452821731567,1.387115716934204
00001_snr-5,-5.0,-5.070439647877202,-3.857532698420249,0.7211205922735272,0.6084612111523469,nan,nan,29.349567169109832,1.0926949977874756,1.047074794769287
00002_snr-5,-5.0,-6.320000471455734,-11.213438379349753,0.8690641054133231,0.6437441632277328,7.76532731057719,24.92509477120381,30.536552369226303,1.0874584913253784,1.1859756708145142
00003_snr-5,-5.0,-5.84597314050182,-14.068230511923549,0.6296379484381658,0.47051133851281557,21.886170899103302,32.3390572654379,27.168775004045354,1.044157862663269,1.0513668060302734
00004_snr-5,-5.0,-5.037695175966562,-0.5039067283542097,0.8176554157623133,0.6866404582198267,16.181400294717857,39.62188654556524,23.777440069757777,1.1415646076202393,1.4040312767028809
00005_snr-5,-5.0,-5.423223940557107,0.9480066016165798,0.5947395354385446,0.5307728594597803,29.489951462256883,38.73099664034092,17.279740205773575,1.0461177825927734,1.0599335432052612
00006_snr-5,-5.0,-6.074347969273305,-5.240097968939236,0.7746169554963671,0.6420445340450213,18.85185153670522,40.17966500125317,28.068122902423067,1.0598565340042114,1.1427713632583618
00007_snr-5,-5.0,-6.2573618468466305,-21.107011349959617,0.6582136125882482,0.45478037774247093,20.777651166854497,41.38798315434648,26.686689240593655,1.0501524209976196,1.0789083242416382
00008_snr-5,-5.0,-4.973088783243822,-2.687158951240678,0.6819675216843508,0.46094007544048426,16.015879678869606,38.08632285650878,27.888095737149676,1.0353682041168213,1.0949047803878784
00009_snr-5,-5.0,-6.365221520858846,-6.574388031411048,0.8177560606941928,0.5421738470491746,4.280100745973859,41.98865078250855,21.215890224621262,1.0561059713363647,1.0943057537078857
00010_snr-5,-5.0,-5.811128766434379,-5.304286866464414,0.638271678899934,0.49434807302923506,15.385025745849166,42.175507425609396,26.90256762332861,1.0386667251586914,1.041823148727417
00011_snr-5,-5.0,-5.625983691231945,-18.96874707534859,0.5334552871839353,0.3337719098373472,20.791342185688087,34.357897768042605,25.22120738805217,1.9946959018707275,1.101860523223877
00012_snr-5,-5.0,-6.450401531454055,-4.6717217789161,0.6025660677649927,0.4903588065054307,24.164450858331517,42.393623826490696,22.84993045698758,1.0382695198059082,1.0497055053710938
00013_snr-5,-5.0,-4.777352708299811,-9.435422613646288,0.4438688015333131,0.3731934177447383,nan,nan,24.626737444269747,1.0512739419937134,1.0702627897262573
00014_snr-5,-5.0,-5.229531521526578,-6.78994971972142,0.7371759328771191,0.5255177805779657,11.171427036770144,33.79345025237343,26.814277765957293,1.0535833835601807,1.1082446575164795
00015_snr-5,-5.0,-5.356390368871082,-0.407348149046454,0.8465438452844346,0.6785502157474415,25.123574130478914,42.72517711801464,24.392711182799808,1.0732409954071045,1.0704141855239868
00016_snr-5,-5.0,-6.005529132046989,-6.783715323951806,0.5622218899452391,0.35362782154356787,26.01041727214232,38.60321467913326,24.431393315249636,1.2858134508132935,1.047783613204956
00017_snr-5,-5.0,-5.881710929340224,-5.134748784245912,0.5350784710251858,0.46895459941404355,11.889092059557505,44.56334596922635,21.609012194453122,1.0672764778137207,1.0453044176101685
00018_snr-5,-5.0,-5.468904874607774,-0.3968348937915856,0.663084419802249,0.6055638341425358,16.074142114214418,35.82463100041722,15.799938675255326,1.0665093660354614,1.0690419673919678
00019_snr-5,-5.0,-5.1103657108360245,-7.408593506329114,0.5274917707640775,0.4336688438869313,20.031356312316653,38.666377660567434,24.650149089853628,1.0466772317886353,1.0718412399291992
00020_snr-5,-5.0,-5.248945471976589,-24.67084330094556,0.8027176344220724,0.46528337149966137,24.022983199922123,27.915057222986782,29.133832856613367,2.0864133834838867,1.2436517477035522
00021_snr-5,-5.0,-5.5623419902810145,-7.58820482798162,0.8513365721261472,0.6749661666261123,9.480976642975834,15.804298138001283,23.18447842134017,1.1224805116653442,1.5202741622924805
00022_snr-5,-5.0,-5.539835541488997,-1.0518312157220753,0.7690714259207942,0.6918646721034851,32.179139075328614,41.14857460917296,26.722337526988568,1.543393611907959,1.2731256484985352
00023_snr-5,-5.0,-5.388742454272929,-3.6697159077909314,0.6525701967607718,0.4610399833037745,20.83986046653613,40.755744766412924,28.182093329870774,1.0460889339447021,1.0589152574539185
00024_snr-5,-5.0,-5.374868419925396,-9.840446692411478,0.6435521224348992,0.5308512271671945,20.694291600697902,34.530426220361036,23.23333448038443,1.0330073833465576,1.045608401298523
00025_snr-5,-5.0,-5.841623447415907,-4.475610597588418,0.6635987474128542,0.5766318141703419,5.716881519902457,43.432055517225265,20.535738984395202,1.0718703269958496,1.0382686853408813
00026_snr-5,-5.0,-5.906248826637047,-5.716523996397859,0.9415832473415489,0.8048958749823008,41.349142732415075,44.25710671837871,23.840951981340265,1.1767076253890991,1.4008573293685913
00027_snr-5,-5.0,-5.147168970092524,-16.86125675302533,0.549611821244896,0.3879666217285709,27.168593446171215,35.563032374112964,24.966098910046263,1.0687286853790283,1.028411626815796
00028_snr-5,-5.0,-5.507291180050167,-2.2935073918073448,0.794900523690066,0.6221975553388586,1.5103920418138834,36.31874945749535,29.15719366485266,1.1016470193862915,1.1030718088150024
00029_snr-5,-5.0,-4.8920525709397165,1.8521500058777822,0.6753239406051059,0.6483770263594997,nan,nan,16.946928649808854,1.1332541704177856,1.0441081523895264
00030_snr-5,-5.0,-5.1032017046367,-0.22848358130396998,0.8899563382960909,0.6964442066600912,nan,nan,24.007951838968445,1.0834559202194214,1.2456226348876953
00031_snr-5,-5.0,-7.13361401455924,-5.6209882451389825,0.5688210484677471,0.3674942675354932,38.824556422502596,43.40747188406257,20.158547836565223,1.1126898527145386,1.0849578380584717
00032_snr-5,-5.0,-5.970227275856431,-6.602017485668151,0.8273111988604759,0.6126678757606793,18.400179314275636,42.93728036628475,26.119547285033967,1.080346941947937,1.0845810174942017
00033_snr-5,-5.0,-5.04454165936949,-0.6185217615742538,0.5197545076114007,0.488613987432326,nan,nan,17.098451844312297,1.0506230592727661,1.0582841634750366
00034_snr-5,-5.0,-6.213307732598397,1.3124863247503504,0.761674694749516,0.6622968245008505,9.628367931884437,44.77386508595549,24.19261780384662,1.1004736423492432,1.0525014400482178
00035_snr-5,-5.0,-5.175866507676291,-6.240586192741255,0.7452414126836503,0.6107529511686438,40.90682099825919,41.154387089248544,14.801370675314912,1.0804003477096558,1.1038445234298706
00036_snr-5,-5.0,-5.073958240219075,-1.1060934199320276,0.47911491800294703,0.40779674183607706,nan,nan,16.109747075482748,1.0615757703781128,1.0346837043762207
00037_snr-5,-5.0,-6.516404159527466,5.307907436030977,0.8327868748073892,0.8483022790383258,26.198723036616354,41.22519622618359,8.978454548627353,1.2791990041732788,1.103332281112671
00038_snr-5,-5.0,-5.399228843656852,-10.05308397835935,0.7983578241344715,0.6320116129039414,20.712982634545458,37.044466979337855,25.672897277563507,1.046648383140564,1.1007647514343262
00039_snr-5,-5.0,-5.139185948487913,-2.488319031012954,0.8523898649608354,0.755826288463336,3.6784992635353304,32.23784301112517,25.19455860220566,1.1830079555511475,1.311154842376709
00040_snr-5,-5.0,-5.5295813603921875,6.310544311994919,0.8807497327082268,0.7748561808511826,20.664309396719403,48.784277295721594,22.37708883852625,1.2468442916870117,1.3853371143341064
00041_snr-5,-5.0,-6.220257950820721,-0.3907369981722047,0.7310622876730825,0.7331267548571125,24.4788107175836,39.449780190581144,12.964889770292782,1.465638279914856,1.3411282300949097
00042_snr-5,-5.0,-6.856291000262139,3.2203891853262467,0.5906619474605687,0.4713271655807683,8.506198546701226,41.108842543856916,15.535100540577162,1.1583855152130127,1.0437195301055908
00043_snr-5,-5.0,-5.541699454603978,-12.79502419071761,0.5582329243440757,0.393870639955773,17.906962648625804,39.12796246263127,25.953025088742994,1.0665427446365356,1.0534772872924805
00044_snr-5,-5.0,-6.824234636702843,4.279886139491305,0.4531383703589911,0.42185497432786845,23.855727849379594,52.71629412008235,13.789876266004601,1.082604169845581,1.044822096824646
00045_snr-5,-5.0,-6.334694473663784,-2.685953373446457,0.7953471105750668,0.6707865079733699,19.25789675227979,37.04916167015526,20.00954898480774,1.111833930015564,1.1070536375045776
00046_snr-5,-5.0,-5.581081972889221,-10.041849666107028,0.5706082799393768,0.3641220137825887,15.538412641316866,44.60390842343699,27.15523489500018,1.0254141092300415,1.035876989364624
00047_snr-5,-5.0,-5.097502158200333,0.6716333007391634,0.5267907096530784,0.39714189119965254,24.002584341108573,38.76759495443639,20.55720358857561,1.2034696340560913,1.0372997522354126
00048_snr-5,-5.0,-5.209390823116196,-16.065820208878172,0.5553777169425741,0.3662610973989928,35.8758399900819,47.08390570181014,24.670131223702892,1.0684967041015625,1.0415316820144653
00049_snr-5,-5.0,-5.490308814188078,-8.534113300324096,0.5051525224623731,0.3235871116825548,8.095747820794887,30.839150494007708,28.21344550587957,1.0930883884429932,1.0420804023742676
00050_snr-5,-5.0,-5.8906801769943264,-9.20416614731107,0.8465505711707301,0.5659332398524745,29.687569693675947,44.43099254308355,28.098990061660345,1.0834639072418213,1.3577468395233154
00051_snr-5,-5.0,-5.509366593561697,-13.013301454666147,0.5808070492345448,0.4409549659797101,21.09835953958679,39.25999111220487,25.003169568713446,1.0372241735458374,1.045376181602478
00052_snr-5,-5.0,-5.49213982231077,-8.979691299326495,0.8936767142285297,0.7021669709218556,43.677183957666834,44.707342936899224,27.074720676059886,1.1296756267547607,1.4268720149993896
00053_snr-5,-5.0,-6.054243319785622,-4.552671269354628,0.5891891248372602,0.5362148400895245,29.77649735587384,44.52153613449784,22.528192009587343,1.0443198680877686,1.0539075136184692
00054_snr-5,-5.0,-6.262764350818739,-4.336128850057378,0.6726654337025958,0.5794446873757181,4.555192602662977,41.41168422558553,29.94733927336903,1.068449854850769,1.0771019458770752
00055_snr-5,-5.0,-6.132507416620213,-9.670237589953537,0.643453042272001,0.5309532977204937,12.051079130941023,40.20707806022451,30.193039461974376,1.7830662727355957,1.0517971515655518
00056_snr-5,-5.0,-5.19217130393876,-10.79190579984142,0.6716809815966979,0.4967136506991993,20.714227226770564,41.53687797552073,23.86403771655198,1.0399388074874878,1.0918762683868408
00057_snr-5,-5.0,-5.303979488265225,1.1082604440183799,0.9257462857607466,0.8904926091341774,6.8231464040996395,19.28727528859808,14.842900219115966,1.0486081838607788,1.042741060256958
00058_snr-5,-5.0,-5.014515434602956,3.7907835453725705,0.3596424098161544,0.5416292693751038,nan,nan,19.665184513787086,1.1915311813354492,1.151836633682251
00059_snr-5,-5.0,-6.996102271741112,1.2398161713958897,0.5563205749919417,0.4047290168444536,25.731793024730152,43.42432953395705,15.71174955842085,1.2115896940231323,1.141396164894104
00060_snr-5,-5.0,-5.3910293797322995,-3.7483674851931137,0.9316832130989307,0.7862303464382285,19.492128270685296,42.916860860047336,24.679874508042875,1.2036687135696411,1.2391223907470703
00061_snr-5,-5.0,-6.31475165504458,-5.965627509049536,0.6263810079740187,0.47366048701559427,25.3719982437822,42.52400654180931,22.344428246312965,1.1557416915893555,1.0701959133148193
00062_snr-5,-5.0,-5.664167306634487,-9.874127129595301,0.7472765493071851,0.5653598073489965,33.436569455086975,44.842621485337915,27.943964031280252,1.039115071296692,1.0544376373291016
00063_snr-5,-5.0,-5.074810915099298,-6.686942773737419,0.6675123258982065,0.46876307590558797,nan,nan,16.221878485021275,1.0586265325546265,1.0422017574310303
00064_snr-5,-5.0,-5.405701770383441,-0.882764652860978,0.8561261203784111,0.7036671951612431,23.117830764658898,51.835427658157485,25.426119185683195,1.168439269065857,1.7818124294281006
00065_snr-5,-5.0,-5.691912635066403,-13.793483456967238,0.8359371452823522,0.6237258715979734,11.2424993192613,41.787453051600735,27.281691642928735,1.0311945676803589,1.063647747039795
00066_snr-5,-5.0,-5.694113151551743,-6.199482715503394,0.588732624407259,0.5097869170120239,20.199891699060906,41.47898695737861,25.849902581023688,1.0410945415496826,1.2904921770095825
00067_snr-5,-5.0,-6.458520411412099,-1.402841667235639,0.6862992195425056,0.6192766983716604,19.295140141866828,38.91900444744718,20.012290710918034,1.0778186321258545,1.0505808591842651
00068_snr-5,-5.0,-5.577459886219806,-14.879917498244936,0.7463088165448484,0.5436120127604689,28.462797791086537,32.48225514947866,28.856795598104778,2.2456536293029785,1.2235631942749023
00069_snr-5,-5.0,-5.780855137297031,-19.84815385365197,0.56404087789864,0.41752951519906156,26.056195868484334,45.09754555199194,26.995540265839477,1.4005210399627686,1.0915629863739014
00070_snr-5,-5.0,-5.629063259807481,-5.549277225316972,0.5630035838245407,0.4394517810192346,23.116095551284243,47.650640723910975,21.253705125697497,1.0350327491760254,1.0848075151443481
00071_snr-5,-5.0,-5.730246901699294,-7.316630133562539,0.7468295587841939,0.6622499822126839,40.311419958844,42.287602504984406,16.7585807739554,1.104703664779663,1.1230028867721558
00072_snr-5,-5.0,-5.030281964284795,-3.4915858557082764,0.6553080406302364,0.3974044019671995,nan,nan,17.287405473436184,1.0891234874725342,1.1167982816696167
00073_snr-5,-5.0,-5.7623916354100055,-11.50227155698569,0.9297491534992334,0.6357434783660594,48.52555978934141,49.16545334189017,22.588698882457322,1.1018472909927368,2.4172070026397705
00074_snr-5,-5.0,-6.137770699406737,-14.297910400070638,0.8088142508233958,0.5749805032918048,30.42610893687785,44.54705006841702,27.830290412006303,1.0684455633163452,1.0962618589401245
00075_snr-5,-5.0,-5.728839159216369,9.419788681596712,0.9569114467019624,0.9180032077655962,22.368250599206256,41.138570385293264,11.191716165723266,1.52540123462677,1.594497561454773
00076_snr-5,-5.0,-6.228964278834898,-9.508917584832815,0.7075184692456271,0.4569072222888116,14.84163467450766,21.632966622710367,17.584651942341914,1.0678621530532837,1.125076413154602
00077_snr-5,-5.0,104.31342102708072,0.926440949356635,0.9999999999999998,0.7217898326923929,-7.224398336483303,0.0,21.441554517288633,1.2566757202148438,4.643888473510742
00078_snr-5,-5.0,-6.191398173457397,2.7652417596464085,0.8428305176580705,0.7194268543113255,29.433205159160888,39.810141047009154,13.760355591123925,1.2047901153564453,1.0446265935897827
00079_snr-5,-5.0,-5.77297683411087,-5.87295156680314,0.8887184028157411,0.8611416133141512,39.967024249284336,41.932008523448914,19.068085050714775,1.2166789770126343,1.3526310920715332
00080_snr-5,-5.0,-5.763487030959079,-3.974100807041311,0.7192885366582001,0.5433162320592323,10.538028936701169,41.1022396066151,24.91179837131897,1.0444324016571045,1.0543370246887207
00081_snr-5,-5.0,-6.324727143304873,-11.724476330133637,0.6381514222598793,0.47694245230027227,29.6684656666889,45.359807546527264,18.504389748459417,1.026459813117981,1.0253139734268188
00082_snr-5,-5.0,-6.268588598708864,-10.369832650572551,0.8728513940134215,0.6091138925154871,13.451766220438483,43.68781826883638,27.290236492146388,1.0853756666183472,1.3635940551757812
00083_snr-5,-5.0,-5.6672781355731106,4.0218779576430235,0.6747591951604641,0.6671091498510103,2.9901857137644203,38.562508521076055,21.14424757215703,1.123664140701294,1.1474854946136475
00084_snr-5,-5.0,-4.98769460894183,6.164955540793314,0.8129775744489156,0.7006725648769616,nan,nan,13.87418182529857,1.167202353477478,1.1271543502807617
00085_snr-5,-5.0,-5.975525941055926,-3.2657741923967687,0.7048119505110565,0.736790863935548,40.55770880724326,50.13424169314399,13.361172801711366,1.1153960227966309,1.0698531866073608
00086_snr-5,-5.0,-5.236923379061599,-17.129206742374535,0.674659521422755,0.2993972623641333,22.002902789879585,42.52897432333506,24.01275437562773,1.617523193359375,1.0325543880462646
00087_snr-5,-5.0,-7.1576630005061705,-3.4309814859486614,0.6124914579780054,0.6015534213440143,30.440409415194345,44.9600003150973,15.554174531887579,1.0988106727600098,1.0872678756713867
00088_snr-5,-5.0,-5.687650629179066,-10.774289949920718,0.7735056958485715,0.392060260542326,19.54715855712132,45.819439140078174,28.0076474977901,1.0240156650543213,1.0361634492874146
00089_snr-5,-5.0,-5.6311115708624175,-18.36956585680499,0.5651665517806331,0.39688328096562897,26.122203575259377,36.42995740631504,25.29579281756756,1.8727164268493652,1.0437766313552856
00090_snr-5,-5.0,-5.55880313389188,-7.166888347949033,0.5812238832571341,0.47838132960995317,24.239288739890185,41.01726403078342,26.475655367108246,1.0941046476364136,1.0868713855743408
00091_snr-5,-5.0,-4.995323131259411,-3.9699353994580004,0.6120648120521408,0.5179152473272637,nan,nan,20.89123674536861,1.0324859619140625,1.0283470153808594
00092_snr-5,-5.0,-5.006234748413635,-0.11224387248495005,0.825935202838787,0.7567425678780308,6.202555187111266,27.260207510387428,16.335758147948084,1.4225313663482666,1.552506685256958
00093_snr-5,-5.0,-5.23791257398484,-10.846337431019377,0.7427089577416808,0.521055751051489,29.137926233481718,35.550989577003314,27.521889404138395,1.0703036785125732,1.1802468299865723
00094_snr-5,-5.0,103.24065347456809,11.823328166797424,0.9999999999999988,0.9556328977049686,nan,nan,20.00779774838154,3.2292375564575195,4.643888473510742
00095_snr-5,-5.0,-5.275184326403344,-1.4515159829754523,0.5286929514135466,0.523754636615926,16.010153741285762,35.82986522419179,21.602098886762114,1.0533093214035034,1.0460357666015625
00096_snr-5,-5.0,-5.607233198669612,-13.004582373612841,0.6848098656047095,0.4809125493967618,31.15638828808285,42.785014561638484,28.628382332006662,1.0442874431610107,1.0418155193328857
00097_snr-5,-5.0,-5.366335906493377,-1.8104834715836773,0.6139622463242492,0.5348894024878665,16.254265733485312,38.361274836328214,22.93683145753404,1.030898094177246,1.0292257070541382
00098_snr-5,-5.0,-5.112240079006804,-5.973184851227425,0.6204525393925916,0.5068809953119553,-4.415940158585649,41.24726176690362,22.96247026418862,1.0299348831176758,1.0428707599639893
00099_snr-5,-5.0,-6.043549698924778,-5.373913045722331,0.6241594612410089,0.5035472245147136,21.335811116462075,42.54421607577038,23.788805870378958,1.0371568202972412,1.028041124343872
00100_snr-5,-5.0,-6.393797557007135,-0.5302545740636174,0.7550801134582037,0.6149560339551255,9.933500270329251,44.725584482136185,18.881486669058138,1.1434530019760132,1.1171027421951294
00101_snr-5,-5.0,-6.737118154921137,-12.813425905114986,0.6483868829345494,0.5210625483955211,33.971398862983264,46.70458687003831,16.276506573108108,1.0465061664581299,1.0635713338851929
00102_snr-5,-5.0,-7.227858339541207,-4.485978210713222,0.6410297406716717,0.5858204574066747,33.640361519840425,44.05657361889478,17.090051229627377,1.4135246276855469,1.2994590997695923
00103_snr-5,-5.0,-5.233444307440282,-8.576924122369512,0.7703158206479098,0.6166264979961924,31.156570096320824,33.50301972043633,25.67273986247076,1.2380894422531128,1.0988496541976929
00104_snr-5,-5.0,-5.002939032596459,-5.50560041696553,0.5106135711221274,0.42878755394221935,nan,nan,24.959956155638608,1.0590150356292725,1.054855465888977
00105_snr-5,-5.0,-5.09523446668684,-2.359672118513437,0.5474037900709984,0.5457051383824814,6.300177412214229,34.86276179129352,22.494657814666706,1.0658098459243774,1.0345697402954102
00106_snr-5,-5.0,-4.984956358437071,-5.870939770093607,0.6951238315642458,0.6180616758085492,nan,nan,18.55349832185952,1.0754530429840088,1.0775152444839478
00107_snr-5,-5.0,-6.716201649313125,0.7904885171430577,0.8281370778453592,0.7857249810022066,22.35578927984904,40.54632543655149,13.675680623433298,1.4494903087615967,2.017159938812256
00108_snr-5,-5.0,-5.726754898386027,-4.68677630844981,0.5696537935738967,0.5239724913787563,29.03155498743812,44.331999063309084,23.018575019521712,1.0632765293121338,1.0890743732452393
00109_snr-5,-5.0,-5.135362828765022,9.057936260490981,0.9666861680821917,0.9507405227302427,10.992046532262371,43.667760891040466,11.046556625166515,2.844313144683838,2.051478147506714
00110_snr-5,-5.0,-5.005197860181688,0.8123348917555926,0.7076990959943149,0.5505120998729334,nan,nan,20.806564657499194,1.0754666328430176,1.1007517576217651
00111_snr-5,-5.0,-5.82792647487325,-27.437502707163198,0.8058126228059755,0.46094316704409555,37.04779783938197,42.45870892180938,25.176654289757305,1.0192254781723022,1.0390281677246094
00112_snr-5,-5.0,-5.643613052221275,-7.153936125738264,0.721713418323128,0.6552615250820235,1.9620403868929002,24.044891474846434,26.45391253263981,1.1401900053024292,1.2189552783966064
00113_snr-5,-5.0,-6.555536126478364,-10.871326066829475,0.7064812050625495,0.4600983909174623,42.59675490597496,46.96660774180468,19.639001546507295,1.0414752960205078,1.0668833255767822
00114_snr-5,-5.0,-5.242545584230006,-4.650945564252552,0.7260544715754341,0.5628428193473032,26.610082277658993,49.4990661630963,26.182732943856124,1.044979214668274,1.1037073135375977
00115_snr-5,-5.0,-5.110554839505504,-3.782690380773413,0.6486218656161195,0.5721052264992245,9.13471934960978,26.407580935070175,22.078656675956356,1.0511393547058105,1.1300030946731567
00116_snr-5,-5.0,-5.9970198157839425,1.585225975494617,0.7955520417447686,0.7806900207758218,10.08596430659847,41.16527974850229,15.640377014206672,1.1970864534378052,1.7131675481796265
00117_snr-5,-5.0,-5.881847758519957,-7.680648052547542,0.6592652821039714,0.5341869407479477,25.04500558153113,41.3609051875051,24.408107057205957,1.0320161581039429,1.0398858785629272
00118_snr-5,-5.0,-5.319691248095543,-8.432351550731788,0.6356233060932258,0.47751760423400635,15.172025390414417,38.452921209476315,24.35079773522675,1.031716227531433,1.0344794988632202
00119_snr-5,-5.0,-5.27527292216396,-9.201481168002607,0.6157011088056943,0.48349586843003367,8.556578713822079,36.558047959649116,27.268245551473928,1.6752393245697021,1.0671175718307495
00120_snr-5,-5.0,-5.083318190594892,-14.481109509744082,0.5651697523274146,0.4221530696094212,23.74995810893845,34.84409070060546,26.175985569595486,1.1121821403503418,1.0941002368927002
00121_snr-5,-5.0,-5.3590579099217,-2.92142385969431,0.8018693064164244,0.6467213841628011,5.552133533690958,38.325859733725764,28.94143717402546,1.0750768184661865,1.1182219982147217
00122_snr-5,-5.0,-5.247159726762435,-2.4562144617829516,0.6739395243473547,0.45963584098592764,9.97238661036454,44.0188751063613,26.126051212267726,1.0317914485931396,1.0308177471160889
00123_snr-5,-5.0,-6.567899661554851,2.9311840196615364,0.6610082465989936,0.611161182404846,24.343030459031333,39.20026424973214,19.96525744588699,1.1111029386520386,1.0635422468185425
00124_snr-5,-5.0,-5.658730790037739,-14.442136848997153,0.7615461900711181,0.36102986183438696,21.933039322050174,27.44018400565324,22.405710896187266,1.12641441822052,1.0939874649047852
00125_snr-5,-5.0,-5.947067387359018,-17.123043806392456,0.6531954056932245,0.39251212201041513,25.686813213928797,41.756267688768446,23.345418487488764,1.1399686336517334,1.0535593032836914
00126_snr-5,-5.0,-8.88815565704147,-2.8607241583995444,0.6256269792600531,0.584402803043827,44.18458587602599,53.205769804747256,19.760705179286482,1.407026767730713,1.2630586624145508
00127_snr-5,-5.0,-5.00567449487593,-7.047464684961701,0.8760753280475503,0.7800961974300977,nan,nan,20.35586031095104,1.4360212087631226,1.107751488685608
00128_snr-5,-5.0,-5.630826118310699,-0.329284911405032,0.8410789472656435,0.6378856042300075,-0.7845204862143187,35.8507855203928,21.605758077594867,1.0974719524383545,1.08387291431427
00129_snr-5,-5.0,-5.077839909190728,-12.982861430827949,0.7272594025521679,0.5373962356140075,13.005256475019433,16.66454682282064,22.769628510205152,1.0421239137649536,1.0866471529006958
00130_snr-5,-5.0,-5.7212591983906,-1.4240255228444068,0.7958792975791275,0.6664295638983805,9.727784790110416,42.64611859770554,24.775339774609293,1.102486491203308,1.0343122482299805
00131_snr-5,-5.0,-5.09772258386155,-3.6243928246690835,0.44345444892024743,0.4178927579948014,1.816087933282404,35.22289573483234,24.13110535452845,1.0645443201065063,1.0428686141967773
00132_snr-5,-5.0,-4.882034987909601,0.16907283232361428,0.4433684123994481,0.5013486819065555,nan,nan,24.226296201790582,1.0641851425170898,1.0554585456848145
00133_snr-5,-5.0,-5.751382532809793,-4.9654898494156265,0.5368993180263886,0.4476003374348499,15.257063665711454,42.858153369816485,23.8207608199724,1.0696011781692505,1.0740286111831665
00134_snr-5,-5.0,-5.504037868419931,-3.384408094640702,0.8165961990307774,0.7073809095930209,19.65991000523842,38.968642111886425,25.65923028056415,1.6099778413772583,1.505082130432129
00135_snr-5,-5.0,-5.522784917706144,-22.71736449785638,0.6333809366292722,0.22712185857472797,34.979449394391644,43.701721929280055,27.376031358177677,1.028745412826538,1.0681567192077637
00136_snr-5,-5.0,-5.056242648847707,-3.564535275475051,0.5628671446409665,0.47695551768722433,16.345837549440432,41.552543970712605,22.18532936329688,1.0309151411056519,1.0340023040771484
00137_snr-5,-5.0,-6.013800739122215,-9.341888281994128,0.6297387372947352,0.39259137271160327,40.566229042770374,45.99800659730608,24.669360063855404,1.0623170137405396,1.0851435661315918
00138_snr-5,-5.0,-6.410877917969478,-7.388711939716756,0.6126576415280532,0.4546062936992023,49.418317718707584,55.525029107297996,21.462377952883134,1.0497937202453613,1.1398413181304932
00139_snr-5,-5.0,-5.916140030051819,3.0271629834348457,0.9136647971766106,0.8341966732924493,31.09564824479722,51.82084511263963,16.12492944331206,1.3056163787841797,1.8581748008728027
00140_snr-5,-5.0,-6.0066458956310935,-11.646710033612713,0.9068291443338039,0.6898328484173332,38.86821392369283,39.130705804431756,27.544248896620147,1.1375218629837036,1.5700581073760986
00141_snr-5,-5.0,-5.924024226380027,-7.445436288675614,0.5123517137234956,0.39976563992549646,16.501635676789096,44.82000402836996,19.825561717411354,1.0385733842849731,1.0245153903961182
00142_snr-5,-5.0,-5.650462216227925,-13.392290611261446,0.6479334745833727,0.45894843915565353,31.53063678631023,36.30743841824338,22.607528559774444,1.2789016962051392,1.0401623249053955
00143_snr-5,-5.0,-6.1639541699051055,-9.924673912623804,0.543620426593789,0.3033629588304175,26.554709354475943,39.9324807912009,19.83617142311301,1.056869387626648,1.047960877418518
00144_snr-5,-5.0,-5.6512468670969005,-1.3862309957561634,0.7551321939618567,0.6513838881981201,9.521950407357574,38.934003071126746,22.80693604128181,1.0595052242279053,1.0393471717834473
00145_snr-5,-5.0,-5.5387799819983075,-17.66014643889616,0.717917690821139,0.4516563026113858,33.499603677480735,42.84724922373806,28.73266214739521,2.045760154724121,1.0670067071914673
00146_snr-5,-5.0,-5.953311283756138,-2.950895572935632,0.7967680569227685,0.7399123054668848,31.372093158052362,43.23203179189044,17.286245178572372,1.1026321649551392,1.152359962463379
00147_snr-5,-5.0,-5.2842544216838725,-3.0303719208672235,0.7716174402101447,0.5921290724555462,6.293906978541717,40.11739930056862,23.55918146033412,1.072506308555603,1.1321827173233032
00148_snr-5,-5.0,-5.579174729691278,-0.906321622055742,0.82360500532353,0.758267457134764,38.09424528321114,40.73854040206495,16.078318470901962,1.5922400951385498,1.2742966413497925
00149_snr-5,-5.0,-6.09103467803291,-8.077447317299892,0.49810400574815455,0.46960443732714185,39.14815789179385,49.49468487644428,13.946572577520215,1.0468692779541016,1.051641583442688
00150_snr+0,0.0,-0.7005111544277789,-5.284784679032255,0.785770244500555,0.6123004638861518,40.00389399877177,43.821481520782996,28.45787866547238,1.2361042499542236,1.184276819229126
00151_snr+0,0.0,-0.12286652338989301,6.360365488852762,0.6099454062845467,0.6850876228084185,-10.08847626382546,32.92460249369434,13.640889099190465,1.0974479913711548,1.0597141981124878
00152_snr+0,0.0,0.0849874643707596,2.353582258407517,0.8558442013872,0.6674897927751122,nan,nan,23.35023628058722,1.1800686120986938,1.4097946882247925
00153_snr+0,0.0,-0.13547029210863354,0.4500919882930593,0.6897077631507186,0.5587880758557376,8.425836139460012,33.068825147931605,22.31799371756678,1.0649760961532593,1.025000810623169
00154_snr+0,0.0,-0.22460608766639006,-0.18079686930121164,0.8967141547892322,0.8857453662227028,30.813599995065935,30.87430437360596,15.527651297033339,1.1072087287902832,1.1301045417785645
00155_snr+0,0.0,-0.14958415176439946,3.1789770028583657,0.9463058640422392,0.8060425400223312,15.347268738421462,37.17300054809766,25.40710947190576,1.162585735321045,1.1471229791641235
00156_snr+0,0.0,-0.07021681872725447,0.7647536991426376,0.7193889166297283,0.6321743058734601,nan,nan,21.803423135697273,1.036262035369873,1.2087023258209229
00157_snr+0,0.0,-0.6212515811088654,1.1827687814616676,0.8283217807852515,0.6348294013793262,7.1124894981585935,32.54174327068474,15.840781929741448,1.1051775217056274,1.0916225910186768
00158_snr+0,0.0,-0.6105493711912986,-0.8184545520486736,0.6772186843080717,0.5955437613632835,9.012976927761544,33.20825720870991,27.70448534122904,1.518261432647705,1.1286715269088745
00159_snr+0,0.0,0.008614293120911514,-3.790101277842366,0.6473015561011458,0.5285696743447535,nan,nan,26.084533085157016,1.0466562509536743,1.0809893608093262
00160_snr+0,0.0,-1.0709633382957149,-2.1566943619449086,0.7332249114213937,0.5358620361591445,14.83944278822866,36.53255462360673,26.724024597348876,1.085470199584961,1.0895272493362427
00161_snr+0,0.0,-0.16984186517370006,-3.1227957386127785,0.8404005752765575,0.7193851063157614,4.14868731231393,24.249657055754437,24.231946632234724,1.078087568283081,1.1003444194793701
00162_snr+0,0.0,-1.489533464561338,2.589165182715588,0.6123297381544339,0.6598267304187517,21.05945975300241,34.36197119111442,13.494871899742588,1.1683259010314941,1.0791634321212769
00163_snr+0,0.0,-0.03045243514902787,-0.1182661109475453,0.7364125014148851,0.6858334544021011,nan,nan,24.957094680146565,1.1348075866699219,1.1367666721343994
00164_snr+0,0.0,-1.1951634249986283,-0.5240895434251193,0.7445054680862245,0.6532249091925771,4.02977760843867,34.11957319527208,25.632629413499014,1.104642629623413,1.1928244829177856
00165_snr+0,0.0,-1.763568406616407,4.009244158776947,0.7897433727888877,0.741469077480266,29.587252819322703,43.950878798653676,16.182216789529562,1.2268472909927368,1.1609618663787842
00166_snr+0,0.0,-0.6034667152864697,2.9093616622094407,0.8367244178411839,0.750158880290868,-11.855120011876078,26.94359633455031,17.710678811483795,1.2266501188278198,1.465557336807251
00167_snr+0,0.0,-1.1633043007962465,-0.9957590725157263,0.7648015448307347,0.7027935107337373,6.949981020306756,35.53216318297726,28.110170575006368,1.0917153358459473,1.1099649667739868
00168_snr+0,0.0,-0.4699607912145718,0.7556126203790124,0.9357573715699911,0.7807006250711237,22.650766378206093,32.314727588245674,25.58331894473816,1.0757765769958496,1.1132159233093262
00169_snr+0,0.0,-0.8537120325801952,-8.050576990962462,0.7074158526180602,0.522341448995087,28.678120558222147,42.23924692470561,28.802542390916937,1.03529953956604,1.058652639389038
00170_snr+0,0.0,-0.3646356155118218,-0.32088585244283985,0.854049817437197,0.7046838318622658,-6.322692088947086,30.433710920722717,28.157023531856225,1.1074758768081665,1.354539155960083
00171_snr+0,0.0,-2.191576944437565,-6.975686880610363,0.717242846966266,0.4973450554577179,33.1126472292625,38.91729419405363,23.537362387429717,1.133518099784851,1.1393754482269287
00172_snr+0,0.0,-1.5900808431545266,-5.178194133464936,0.7886159165828847,0.6433862625887283,35.09025415164985,36.33572071372201,19.38313480161944,1.092833399772644,1.2204493284225464
00173_snr+0,0.0,-0.04764939215602031,-0.6788402230510092,0.6932346997668678,0.5305404413306117,nan,nan,22.563259777259695,1.049194574356079,1.0686341524124146
00174_snr+0,0.0,-0.7682702397349178,-3.3178468659022107,0.755336599489967,0.5817605029420269,9.867980382315398,37.84447767485848,25.623559351083017,1.0471770763397217,1.057740330696106
00175_snr+0,0.0,-0.8893337773334192,-2.5509153562836713,0.8869529804190268,0.7725429437131668,28.7434090596517,32.03188402367712,22.393774163084938,1.2216565608978271,1.5103864669799805
00176_snr+0,0.0,-0.6024608695628199,-7.256725546285149,0.7066320873307547,0.5854284416425735,26.677831100627625,33.23522459775431,28.42132266701272,1.2043299674987793,1.0838006734848022
00177_snr+0,0.0,-0.715666232443345,-1.1030652220069745,0.7121957441767498,0.6577701325237456,11.917983008125928,30.08147796273592,23.589484869619497,1.0729246139526367,1.0913554430007935
00178_snr+0,0.0,-0.43606130120697034,2.457003526739681,0.8149071859247958,0.8185918615834216,27.300711505497706,29.751752517891322,19.04330604579509,1.319535255432129,1.5538758039474487
00179_snr+0,0.0,0.03125795025926559,0.21566369706526173,0.7537681542109774,0.6544621264275494,nan,nan,25.879524182833773,1.1449179649353027,1.4474267959594727
00180_snr+0,0.0,-0.49138609914433307,-4.984326677275558,0.8709407385735795,0.6802729490485204,26.917306048529607,31.8206724746137,26.40708417847826,1.0921385288238525,1.1204603910446167
00181_snr+0,0.0,-0.9190089173689141,3.56291312588736,0.6718170689044249,0.6522630036346699,9.204439962837368,34.58819296792584,21.83091598853715,1.229588270187378,1.0857471227645874
00182_snr+0,0.0,-1.9153157175901334,-2.009772172445717,0.9508362186613599,0.939697560827124,31.28550442361613,31.836557011099153,9.427470189066675,1.604445457458496,1.6024000644683838
00183_snr+0,0.0,-0.7034747755402613,-10.675232932026464,0.7053181531791214,0.551229639349507,5.645002552328774,38.16848346249061,23.664292926007203,1.0363268852233887,1.0313496589660645
00184_snr+0,0.0,-0.3920070546872276,4.867479716609165,0.699616349678876,0.7360844835938835,8.188981293762575,35.961711741725615,16.940123797350246,1.1549875736236572,1.22939133644104
00185_snr+0,0.0,-0.8534745810256543,-0.08627367889473361,0.8941407904196952,0.7783028578411221,31.679192858042104,33.625270109143415,18.84327865320621,1.1523451805114746,1.184546947479248
00186_snr+0,0.0,-0.3981302578982622,-3.3342171159012866,0.8945534925601286,0.7338797576529813,8.526285320579497,29.21940263152347,27.375942354785835,1.3596034049987793,1.1330655813217163
00187_snr+0,0.0,0.06287104930277529,-2.9316229749398466,0.8359500396659907,0.6349451435536974,nan,nan,29.245994523328488,1.0667824745178223,1.085170030593872
00188_snr+0,0.0,-1.2404252704420196,10.858378116316665,0.8068157866409391,0.8424059152653118,6.996933437533132,47.79119740875335,14.30457867689125,1.307212471961975,1.0293949842453003
00189_snr+0,0.0,-0.2876723433224308,1.5939663875901002,0.9426474699793134,0.7824070961450865,-0.8261566621977727,30.69180846327438,24.859720722547685,1.2725416421890259,1.5359797477722168
00190_snr+0,0.0,-1.0098608223050944,-0.7570438023834478,0.8820474846483337,0.8593345965361601,34.51838143428407,38.65360885774969,18.97526223851892,1.0775312185287476,1.103055477142334
00191_snr+0,0.0,-0.8095341882979596,-1.4596466508838535,0.7251904698750656,0.4990017052174435,16.590432139125987,34.57375701609507,27.481647961721073,1.0874077081680298,1.0312132835388184
00192_snr+0,0.0,-0.3933914208024212,-2.325296439058548,0.608099050233049,0.5182374618610388,10.757352585425917,34.85163469394809,25.93779503045354,1.1015875339508057,1.1039661169052124
00193_snr+0,0.0,-0.9956634885849353,-2.8811801720484294,0.766221758938592,0.6553316254249156,4.761294963019709,35.84046466880847,28.53414319133672,1.060380458831787,1.1005375385284424
00194_snr+0,0.0,-1.0360011457387268,-8.968097117165621,0.6973463266143108,0.5672799842830709,17.59219737220317,36.92772771689066,28.430731131410774,1.0831669569015503,1.0944901704788208
00195_snr+0,0.0,-1.3231344828739071,0.19604516248610687,0.6683128745058123,0.5910460736294672,-0.5980496489876098,42.12903785968201,18.152887563187278,1.155225396156311,1.20674467086792
00196_snr+0,0.0,-1.271903995845046,-5.424961058192109,0.8712724802620262,0.6713302219331904,34.30119275809326,38.14421815194171,27.336046274479372,1.2614531517028809,1.2535786628723145
00197_snr+0,0.0,-0.5654551318154175,0.9647948672677553,0.9758666897703513,0.7442779865070964,21.85164985483588,39.91778689874463,27.693962014964953,1.2654430866241455,1.7305232286453247
00198_snr+0,0.0,-0.44777400348658636,-5.62667485998534,0.7463131664199698,0.5542839049839304,23.629499712503165,31.697608372791816,25.36182804599545,1.4750930070877075,1.0851155519485474
00199_snr+0,0.0,0.05400727145467393,-5.40930357852801,0.7886965452214495,0.6022729406241417,4.71574800735368,35.08188053505699,28.81257275905909,1.1039190292358398,1.2206473350524902
00200_snr+0,0.0,-0.48846316127679723,-4.1765208633099045,0.7687989298578387,0.6481810210065531,0.8523893713559961,30.169541724794367,25.745111225224374,1.0652515888214111,1.0641828775405884
00201_snr+0,0.0,-0.5640347025702526,-1.0573207683462031,0.7443846506246031,0.6032696410401749,1.5233191346482198,39.475500199395405,26.206088713987914,1.0813785791397095,1.1257843971252441
00202_snr+0,0.0,-0.44298667424721716,0.647758800998781,0.8201175167514804,0.6793438122721996,16.205617714030577,32.20668808814516,21.5018092806632,1.175310492515564,1.2489733695983887
00203_snr+0,0.0,-0.9054388567213516,-0.8443019574930649,0.8308389074938922,0.6397211210782879,25.596650401269642,38.74955014778124,26.11275519268989,1.1811962127685547,1.0719610452651978
00204_snr+0,0.0,-0.02061439823108841,-1.9250947942374872,0.6666756400977101,0.5572509505517602,nan,nan,25.768061691525748,1.0479084253311157,1.0822606086730957
00205_snr+0,0.0,-0.22373490987665987,-2.494916941363256,0.8096153261885612,0.6971278071464022,1.0681592312518435,31.89993982315876,31.09244805595603,1.1020632982254028,1.133836030960083
00206_snr+0,0.0,-0.6297503699633269,0.7618382044335721,0.8106879610807957,0.6094421058062888,28.528948240044166,32.51157293228218,15.776278330261418,1.1078344583511353,1.1179742813110352
00207_snr+0,0.0,0.05028733644094938,2.998145368233021,0.8588670930793877,0.8627934296412538,nan,nan,16.81570675648176,1.6227976083755493,1.6386990547180176
00208_snr+0,0.0,-1.1091838924839075,-0.034880584927011675,0.7123829606172599,0.526847242889267,5.749963508352078,33.20375195391254,26.861580283097638,1.078980803489685,1.1221656799316406
00209_snr+0,0.0,-0.08526530109946334,6.958547152019589,0.6631485522586011,0.5698627695954331,7.27125245426794,28.10453958576115,18.001784701044382,1.1285096406936646,1.0335544347763062
00210_snr+0,0.0,-0.08242563764553915,7.990718126778123,0.9749450319520581,0.9246563761991723,nan,nan,17.736463951103246,2.077575206756592,1.729224443435669
00211_snr+0,0.0,-1.4526428196132268,3.915438703459732,0.7716657530375968,0.7997392936982701,-2.4000581492876782,30.528785615109616,13.223150119138019,1.2372905015945435,1.1210637092590332
00212_snr+0,0.0,-0.3895869908538777,-3.896174098337542,0.710977718687287,0.3076193756502107,7.693986634045473,38.26291638650063,18.835199085104744,1.0425291061401367,1.095832109451294
00213_snr+0,0.0,-0.08539335182620339,6.630772546270384,0.6990762534578883,0.7319555002977792,nan,nan,17.315310653088666,1.2792046070098877,1.1372121572494507
00214_snr+0,0.0,-0.09236375577179894,-2.5219412536103913,0.7904728958623317,0.6297751353223627,0.8760476059336487,19.027477383157937,26.54323194452925,1.049919605255127,1.0683833360671997
00215_snr+0,0.0,-0.9860472031643532,-1.9909021676973637,0.8520643625684279,0.7281649397736074,32.67284244253217,37.82947328112098,26.303242843659177,1.1192494630813599,1.3479503393173218
00216_snr+0,0.0,0.13079778564572458,0.23101455561373493,0.881352706065906,0.7073895278192842,nan,nan,17.14085731424336,1.1005010604858398,1.3517134189605713
00217_snr+0,0.0,-0.7468307217972914,-1.405457307465686,0.7777631006100774,0.7033187993276769,19.179110123738766,21.524386119300225,14.952118765153191,1.2076573371887207,1.4048231840133667
00218_snr+0,0.0,-0.5515980360300559,-1.0089663355261838,0.6759670866997574,0.5608903089772432,8.119543515793145,32.29230639466056,24.50556657103171,1.0696111917495728,1.0881376266479492
00219_snr+0,0.0,-0.044156633930402846,1.507452040537369,0.8303085265707265,0.7292689351138019,nan,nan,26.604855017480382,1.1996512413024902,1.3511922359466553
00220_snr+0,0.0,-0.6284450929758678,-6.156088768525456,0.8408554453082429,0.6986450178944006,37.342026347194064,41.08769005538541,25.806075483344404,1.4030423164367676,1.3808479309082031
00221_snr+0,0.0,-0.35729250652932376,-1.7000512956759217,0.802286608098739,0.6556428681035875,12.469919204299448,34.12248892459103,24.40989587446214,1.0558404922485352,1.0451668500900269
00222_snr+0,0.0,-0.713889531519062,-0.1470048405450022,0.6736309853060536,0.544194432243978,11.273936196041364,35.677236331155335,22.71329707962698,1.0546973943710327,1.0330311059951782
00223_snr+0,0.0,-1.1473561128740204,-2.2907201615452126,0.6160407424516204,0.4949537670044669,11.425176828111873,38.31207661810751,28.05730975730531,1.064493179321289,1.036681890487671
00224_snr+0,0.0,0.005336009420235821,-1.7654884916581999,0.8292817091859482,0.6999488709411135,nan,nan,21.588915867536205,1.1988804340362549,1.3465867042541504
00225_snr+0,0.0,-0.6137550412149021,4.508331444561652,0.9060054729601639,0.9272500302396445,11.37661170272143,32.55118099882642,10.132938014838604,1.2495018243789673,1.1941395998001099
00226_snr+0,0.0,-0.5487488751864874,-2.2035049345783078,0.925919560804312,0.7827326623071125,20.900841482644662,36.481981037988724,26.23588081452684,1.071729063987732,1.1114380359649658
00227_snr+0,0.0,-0.7747490197414831,3.949294305391697,0.6706402075288566,0.5996714243331182,22.585126002853126,30.112123097646588,17.930801458390526,1.0840871334075928,1.1011364459991455
00228_snr+0,0.0,-1.1949631466097335,-2.4454677575197348,0.9135043141223038,0.7935693006183941,30.084110904065547,43.78361137335595,30.401473438606367,1.3226358890533447,2.0910935401916504
00229_snr+0,0.0,-0.7919968586223942,-0.4847322137212752,0.6501217127923675,0.5870124588282104,4.028360578390248,30.090788883908722,18.338159252468035,1.1204510927200317,1.0869303941726685
00230_snr+0,0.0,-0.02273460804460174,3.5871734707205682,0.8234750300583104,0.7643294138292218,-2.9762395185114725,29.338573257887806,17.002919457647756,1.0965851545333862,1.0868219137191772
00231_snr+0,0.0,-0.08109063674383865,1.6153667949451282,0.6557727222912867,0.6544275859308983,nan,nan,22.53965253094603,1.143645167350769,1.1161860227584839
00232_snr+0,0.0,0.07145029354809435,-2.818578082059516,0.6973916377913956,0.5940647977358802,nan,nan,28.733019038602734,1.1186429262161255,1.1460905075073242
00233_snr+0,0.0,-1.0563917031941443,-3.3299591434996527,0.9568331829681017,0.8252556943972967,10.751422499647745,16.387366060338916,12.967485030141281,1.0500586032867432,1.113990068435669
00234_snr+0,0.0,-0.008014421919785117,1.1899952349853944,0.6701191174811558,0.5888110200285392,nan,nan,19.491393014818645,1.4200403690338135,1.2092056274414062
00235_snr+0,0.0,-0.4716278232926884,-2.863113317474804,0.8146875846657944,0.6466058168274333,23.473290137660598,32.297995705514396,29.146139764774126,1.1064858436584473,1.1200900077819824
00236_snr+0,0.0,-0.8159687572843501,-3.925248297515294,0.6544456278718142,0.5619328383351249,6.999536082052124,32.23258109173042,27.966034279287122,1.1062721014022827,1.1087104082107544
00237_snr+0,0.0,-0.6368883331828913,-9.090225280218432,0.7158487207272557,0.5443941511124618,20.288865020339976,33.38207013728527,28.569265515505652,1.1062231063842773,1.0837281942367554
00238_snr+0,0.0,0.9794814383062425,20.077711686047973,0.9810003656468791,0.9606195413536016,-4.111984349794834,38.12613684346707,14.341398749368524,3.4259281158447266,4.389843463897705
00239_snr+0,0.0,-0.3620423464906075,-2.411245458608457,0.7412734567918188,0.6975543993906116,6.984060314734714,36.072166331801185,25.834291875564137,1.0718786716461182,1.1361026763916016
00240_snr+0,0.0,-0.13323255949386342,4.876836146817154,0.9376037707299016,0.7666333710072951,-7.088553752121969,0.0,18.665934355819786,1.2579550743103027,1.8928401470184326
00241_snr+0,0.0,-0.5283587575009778,-1.7739729727610152,0.7016281351506545,0.6035150503983369,1.8721925190896278,35.77756266630024,23.524139887359894,1.0514910221099854,1.039307951927185
00242_snr+0,0.0,-0.6007536588392794,-1.0138158568739595,0.7263763823209475,0.5617933680454518,-2.4771821863698507,31.491137174597092,24.239518164867356,1.0749222040176392,1.069553017616272
00243_snr+0,0.0,-0.7149355628545895,-2.982502452447475,0.8676402747057265,0.6674314967447812,13.365539570845383,41.89156327643396,29.797346435593635,1.0517184734344482,1.0646026134490967
00244_snr+0,0.0,-0.1647489001698141,-0.07309475650791408,0.7864436928884792,0.49473761601819427,21.694883077225228,31.68570218894816,20.38308337634939,1.1401349306106567,1.1361829042434692
00245_snr+0,0.0,-1.9432395091191714,1.6154292851303365,0.7755937334013937,0.6024804874339356,31.29516143342419,39.053469683248906,24.740604240272628,1.287013053894043,1.2032067775726318
00246_snr+0,0.0,-0.8258143737310596,5.3457203076760385,0.6338780226602929,0.6755557170699535,2.7970848413439278,31.00094983103206,25.670048543700844,1.2189671993255615,1.1602665185928345
00247_snr+0,0.0,-0.8858181900606823,5.459790787673354,0.9149538248227185,0.8323069162804506,6.545926650383121,39.283588706325666,23.481951735969194,1.245438575744629,1.171006679534912
00248_snr+0,0.0,-0.03666282173773283,-3.411159096128122,0.8740528412265516,0.6590992583190206,nan,nan,31.128505597842942,1.073439359664917,1.1793818473815918
00249_snr+0,0.0,-0.025816934455795415,1.5931645115407491,0.7101606439678811,0.6871537251190466,nan,nan,22.495650996980306,1.1083574295043945,1.0506391525268555
00250_snr+0,0.0,-0.44990552586675053,0.38545366026439076,0.6720022508596037,0.5822796081634805,1.32971199846203,41.15868945216262,19.719582505431863,1.0631035566329956,1.0652496814727783
00251_snr+0,0.0,-0.600957415760318,-1.8120818544035893,0.7667085383846738,0.6513532801577446,9.849048702423488,41.074048594656254,18.426426659756626,1.1294358968734741,1.0681747198104858
00252_snr+0,0.0,-0.41805793147472264,1.9220609120385432,0.7012336150467762,0.541980481069871,11.64589444900399,33.02300482608223,21.367717086279487,1.0645153522491455,1.116300106048584
00253_snr+0,0.0,0.1423255465172425,5.515518064237288,0.8915606922616339,0.7590034754138306,nan,nan,22.860095279805304,1.2299476861953735,1.191913366317749
00254_snr+0,0.0,-0.7923383024787141,8.433935288264895,0.9055268771547466,0.8545870286773348,5.856044410507824,30.898831273733226,20.13308851776206,1.3353639841079712,1.3334463834762573
00255_snr+0,0.0,-0.8328886477079382,-5.389037952786145,0.8916323209324191,0.720660442639306,17.880326417039466,26.219697906613412,28.181947024555193,1.1964774131774902,1.593042016029358
00256_snr+0,0.0,-0.006639244815522062,8.14277699738396,0.9847784553467295,0.9366056356832851,nan,nan,10.819733786560898,2.461217164993286,4.206490993499756
00257_snr+0,0.0,-0.09828408060217966,-2.013746878492994,0.5585781696192851,0.49928020070378987,-3.1698456326212066,28.135701223136206,26.761840598422992,1.100642442703247,1.1414308547973633
00258_snr+0,0.0,-0.6252308321347335,-1.3797855005491542,0.5781793869723146,0.5668988424615368,4.6606812394195645,34.000070553947516,23.952360633400886,1.0785986185073853,1.0624700784683228
00259_snr+0,0.0,-0.2768333490743005,-2.510473422136687,0.9503957842262875,0.7233756352798493,8.574265992683353,34.27962802755734,29.570022879046505,1.1578305959701538,2.7664742469787598
00260_snr+0,0.0,-1.5570901480860577,3.5500710408231844,0.9681645851223472,0.883299348459395,14.428556402691013,41.97291490028454,12.081263957425444,2.463240146636963,2.3705027103424072
00261_snr+0,0.0,-0.6973649764174483,-0.3283156439794479,0.7383450936285868,0.5922238485613364,1.453891032792804,33.97131016801789,20.988870762688453,1.076884388923645,1.0719505548477173
00262_snr+0,0.0,-0.055185746992284304,1.2194064859318934,0.8257859618562388,0.783075647965328,21.905887290182804,33.328317639180966,20.203776777580263,1.0758469104766846,1.0861955881118774
00263_snr+0,0.0,-1.6612514425926324,-1.7764610513363506,0.7733988012161378,0.7492458328651094,38.5242206724938,38.63672542695164,9.457516530894848,1.293465495109558,1.2623838186264038
00264_snr+0,0.0,-0.6659249636871002,2.645715513777373,0.7374621746923057,0.7632059147204511,27.529150473844265,30.212495281448355,13.378928124574712,1.2565110921859741,1.1339198350906372
00265_snr+0,0.0,-0.028092342330446024,0.42578490300262756,0.4769544186261729,0.44490192383145843,nan,nan,22.342594044157927,1.0612249374389648,1.0530139207839966
00266_snr+0,0.0,-0.023621186678182502,-4.173745942200135,0.6483251114668767,0.4559833608369037,nan,nan,17.51944004952935,1.0405826568603516,1.0663546323776245
00267_snr+0,0.0,-0.7417244764712572,-4.345135449428851,0.6622027188890626,0.5124086249982148,15.549335913040572,33.18039206635373,25.282788473750138,1.0559817552566528,1.0701895952224731
00268_snr+0,0.0,-0.3116766067916777,-1.104109024829295,0.8028308101395588,0.6299768494073142,4.726807263146055,30.03593910022458,28.1922830846668,1.075108528137207,1.211701512336731
00269_snr+0,0.0,-1.4017179366069308,4.833299081388962,0.6355480746251464,0.6914212669822954,16.43775000916732,45.368775277062184,16.34340643345556,1.144386887550354,1.0856579542160034
00270_snr+0,0.0,-1.8552978426650832,2.8471929084193537,0.9360730066193564,0.9050058900770293,30.724464395753945,37.134598458797036,11.010958769677181,1.346724033355713,1.3747210502624512
00271_snr+0,0.0,-0.6040561328159483,-4.533804440269621,0.7948037533563883,0.6508647304867933,20.239006826986525,30.195911734599118,20.549033332343654,1.0426108837127686,1.0520014762878418
00272_snr+0,0.0,-0.6549034853420849,9.413438036077245,0.9251107846032359,0.953198473238121,-4.992535494917731,33.53370953758824,12.149042958518832,2.222879409790039,1.705163598060608
00273_snr+0,0.0,-0.0839099923687138,2.9015089110884946,0.6829829552705227,0.6634161672500695,27.67704882035609,34.517909367462345,18.503857223414915,1.0619046688079834,1.0464012622833252
00274_snr+0,0.0,-0.3336543134869737,0.08932826477699563,0.7960257773670899,0.7034561535744284,12.392466108629666,32.640712440733026,24.080537019827133,1.1104683876037598,1.0852818489074707
00275_snr+0,0.0,-0.9643802263009505,4.961640100355808,0.77037509419464,0.7736327970546435,17.59917832831923,38.78125852072237,15.355286722663001,1.2917486429214478,1.1837552785873413
00276_snr+0,0.0,-0.09980768533944044,-0.3067560280203978,0.8251382850356291,0.6558510419802911,10.751150364942932,28.20595586651081,25.93045423573924,1.1324152946472168,1.3212437629699707
00277_snr+0,0.0,-0.42930225514992143,-10.662822262498214,0.7187204277492246,0.43014961602433627,35.414462198263145,39.006901986786275,27.66214116611283,1.0456233024597168,1.0817598104476929
00278_snr+0,0.0,-0.5118536895862825,-6.460973001556347,0.9208951741390001,0.684599396110656,6.877075389347777,32.31058005325221,27.755226090968854,1.0576359033584595,1.1049386262893677
00279_snr+0,0.0,0.04812033791285423,3.8626716049835035,0.6206724897512138,0.6260871698982128,nan,nan,17.022003442815674,1.1586920022964478,1.0554656982421875
00280_snr+0,0.0,-1.1836772519272083,0.5021622176664111,0.8367114388603941,0.6803057111012113,10.404691681383781,38.55201615308098,26.835519507144053,1.0876879692077637,1.069679617881775
00281_snr+0,0.0,-0.12860752745492315,0.6021180874310246,0.8479228971500259,0.7534224066052801,0.6024717086131886,35.12736994538754,22.79617118835077,1.140116572380066,1.1385221481323242
00282_snr+0,0.0,-0.2836213312398522,-3.905551940459829,0.9126688935014415,0.7276865253154422,31.64664854856237,31.897925433356775,26.635788713535163,1.081758737564087,1.235124945640564
00283_snr+0,0.0,-1.269565430667474,-3.8486234788869416,0.9902051396858822,0.9526540427726231,35.37807421143922,36.96472988098248,12.176245346690667,2.128371477127075,2.5837442874908447
00284_snr+0,0.0,-0.8315096327914663,7.080390541145364,0.9879057048483182,0.910823004247824,5.932985024252679,41.6132400446366,14.743508583735661,2.2090673446655273,2.306910514831543
00285_snr+0,0.0,-0.03823439725799717,-1.9066148036658253,0.5871396941472881,0.48395450670636014,6.531762893769906,33.96188565102927,23.905798325935308,1.185720682144165,1.1242659091949463
00286_snr+0,0.0,-0.0387580975851299,6.005692383293415,0.8277822884637713,0.7879227408576197,nan,nan,24.904940997988025,1.1963679790496826,1.1073074340820312
00287_snr+0,0.0,-0.8647614159808247,3.6911958795498045,0.8349727396134077,0.7999197914139466,18.207288802388177,42.57244127930727,15.70719478241476,1.1491872072219849,1.1067907810211182
00288_snr+0,0.0,-0.01904347028787749,2.28553104979633,0.6926816834444369,0.7761593604228272,nan,nan,17.38938328844608,1.1687657833099365,1.0783406496047974
00289_snr+0,0.0,-0.5272008888272588,-5.410300013832675,0.7143720291735296,0.4993341364773917,19.72631105991883,34.741460222365006,23.714465760436127,1.039066195487976,1.0686944723129272
00290_snr+0,0.0,-0.01231496061858531,-2.1630845656212676,0.7360854955302301,0.5857808988382386,-8.957828097736739,16.866741004005494,26.764229160983856,1.072100043296814,1.1365532875061035
00291_snr+0,0.0,-2.0737868124428975,-1.635701528425417,0.9600517709095165,0.9245656208421895,40.391211373786916,42.33992690077859,12.827770223948665,1.129943609237671,1.1553056240081787
00292_snr+0,0.0,-0.6428139096471674,3.2921379190821245,0.9317021132505668,0.8314331463322276,10.203520492131483,39.94087141467436,14.30981434331533,1.3751938343048096,1.4115378856658936
00293_snr+0,0.0,-0.6092396735352618,-6.318045335251313,0.8031995532002751,0.6615196768435853,23.017599037624205,30.098836782800756,28.84000965271369,1.0927133560180664,1.3581876754760742
00294_snr+0,0.0,0.023581792693248803,-1.9875402351888416,0.8734793785678111,0.7276951521654871,nan,nan,28.990403510750873,1.0971564054489136,1.1017823219299316
00295_snr+0,0.0,-0.8459143730629999,1.383985824890762,0.9526098938969906,0.7971035210530011,21.84098511196367,40.50177453973315,27.808873328052073,1.2399976253509521,2.699633836746216
00296_snr+0,0.0,-0.5062999669308897,-0.9202805335373556,0.8970571646891554,0.8167726438014054,0.9286721130964566,34.84198220220023,26.90081654556803,1.165350079536438,1.0748484134674072
00297_snr+0,0.0,-0.005055747951374322,1.5514197109448704,0.8695282665091904,0.7551868957410873,nan,nan,19.870634051201566,1.173748254776001,1.259434461593628
00298_snr+0,0.0,-1.1325766012693408,0.4560160382979353,0.7573402362361306,0.6245120651726854,18.566994839736196,37.6449903330664,14.164123484843513,1.0833702087402344,1.044231653213501
00299_snr+0,0.0,-0.3962858505540043,0.17747927508446418,0.9278287635361809,0.7171097163544662,9.94574239270279,30.76010417470034,28.30667084029606,1.1601102352142334,1.0811396837234497
00300_snr+5,5.0,4.527270956379573,4.04909301582169,0.8198205560236125,0.7444585522380159,22.69687055537803,39.76778676404376,24.95630101728094,1.188979148864746,1.340219497680664
00301_snr+5,5.0,4.9675475151860145,-0.9244687219429677,0.8395638913555572,0.6858182649231803,nan,nan,29.700261163556117,1.130353331565857,1.4910105466842651
00302_snr+5,5.0,4.56937903236427,2.4357742108167115,0.8926936505211658,0.7473955060562585,14.639543616828487,25.26519630868856,22.783618115477427,1.0915786027908325,1.1469361782073975
00303_snr+5,5.0,4.075194172741695,-3.0457537358871543,0.7885658068946084,0.6056491355468119,15.416120251125854,30.567845876650228,24.985470547322265,1.064219355583191,1.1242488622665405
00304_snr+5,5.0,4.187773400558903,9.66943354205818,0.774749378919368,0.8941264264350718,9.430135080961616,23.9582540923005,12.482405990376424,1.456587553024292,1.1297231912612915
00305_snr+5,5.0,5.117236100466221,10.147490937274345,0.7696223204285064,0.8311787512067857,nan,nan,15.953392286744027,1.5933866500854492,1.1223394870758057
00306_snr+5,5.0,4.2990754947420555,0.9986905240664876,0.8473804727197163,0.6414556917057761,31.87531215453482,34.49812239171787,17.36597020823778,1.0822398662567139,1.1134004592895508
00307_snr+5,5.0,4.273001777234674,-0.5771215334139436,0.961337337693465,0.7770304902771596,21.051374915880633,26.72401743059316,28.26046087448853,1.1143258810043335,1.3524634838104248
00308_snr+5,5.0,3.690799079437028,0.9936530105222536,0.766625731220061,0.6851020097508779,3.6355913955604278,32.763253840426756,24.312870595503735,1.1569985151290894,1.1411058902740479
00309_snr+5,5.0,4.207814857257145,-1.1202672957756996,0.7695952133184374,0.6411894231452785,12.658320027306527,29.741463262110535,24.216449617213605,1.1124675273895264,1.1460546255111694
00310_snr+5,5.0,4.491484177614956,8.853038638680983,0.96036455832889,0.8736081291369809,19.655275201789063,30.68304109218831,18.823469793033308,1.4880542755126953,2.005502700805664
00311_snr+5,5.0,2.4678452950728635,2.421332044742427,0.9870186960633793,0.9845580032138856,33.237032290057506,33.31713902008686,7.677342863331297,2.6374988555908203,3.15952467918396
00312_snr+5,5.0,3.9376947212414897,1.9202551644207657,0.9152125647331584,0.8147597772450075,27.567095345556716,31.44055844690396,23.442189392821756,1.1674593687057495,1.2925390005111694
00313_snr+5,5.0,4.492358794889283,5.97107083037574,0.9260048140378463,0.8313849266551322,-1.4931701120170602,34.757699713269645,21.184998037931383,1.2992112636566162,1.2944509983062744
00314_snr+5,5.0,3.3351933247681416,-1.4736702531745935,0.856689130775482,0.698942206664584,32.52395655286553,39.82679772824035,30.16972023999044,1.3510921001434326,1.3730016946792603
00315_snr+5,5.0,4.833222054523308,-1.9746018898773792,0.8632012745766338,0.707772376271016,-0.18607284053913065,28.747659037728702,28.742526891110217,1.5789952278137207,1.3459655046463013
00316_snr+5,5.0,4.688220714669262,-2.5639791735352615,0.8598078103645403,0.6847892980665483,14.547953846903408,25.414892747041456,26.618347808926316,2.2310714721679688,1.1464855670928955
00317_snr+5,5.0,4.296866388032888,-0.47984497868494025,0.8921104125416488,0.7209054237617377,27.81822043804265,35.821367075121564,26.15144501833005,1.1291487216949463,1.1494566202163696
00318_snr+5,5.0,4.9913858240364615,7.3389480924445465,0.8493331348612794,0.8569923897832676,nan,nan,13.969880221619997,1.5403320789337158,1.2706493139266968
00319_snr+5,5.0,94.79458069197656,35.69790573562655,0.9999999999999999,0.9994758308714727,-5.8402218965156205,0.0,8.519371466553741,4.365467071533203,4.643888473510742
00320_snr+5,5.0,4.046174485420004,-6.319994547719949,0.7834308286828635,0.5741896384152756,2.7378672432236644,27.84118518843451,29.644234307354658,1.0890406370162964,1.0583972930908203
00321_snr+5,5.0,3.9064926076670794,3.7980414403104246,0.854400483858957,0.8612263942644593,21.307283287191833,24.680196051959506,16.160104481692507,1.1071940660476685,1.0996595621109009
00322_snr+5,5.0,4.9778416823548035,8.230259639993996,0.8464771645992207,0.8980411003261322,nan,nan,17.19366538197431,1.6266438961029053,1.806257963180542
00323_snr+5,5.0,4.15677914858114,5.045470855997842,0.8852314453811584,0.8369849858878197,8.10706964629569,24.93889521141149,18.13525548841271,1.31694495677948,1.4494919776916504
00324_snr+5,5.0,4.566352307151985,-3.7868348283602797,0.9091891523863418,0.6929906500566051,13.906798049479045,37.50918258932494,28.25468117225152,1.058247685432434,1.3544813394546509
00325_snr+5,5.0,4.743511887055912,8.329154237600155,0.8820059435753529,0.7926087506064148,-0.42840317539904166,27.388756786682443,16.9456913939112,1.381629467010498,1.290342092514038
00326_snr+5,5.0,3.809357639470994,4.076505953441012,0.8426218307274908,0.7201451725351005,6.780683200512704,29.397266091788815,28.469420109544828,1.1205246448516846,1.1186069250106812
00327_snr+5,5.0,4.9937981289936255,2.278416930290097,0.9790298374382168,0.798116564212582,nan,nan,28.911925240615606,1.4886398315429688,2.5676498413085938
00328_snr+5,5.0,4.123704296632498,18.286237508149647,0.8947700230056471,0.8744125925140833,-10.579466052610726,24.17068365358781,18.821607613344558,1.9504644870758057,1.3445484638214111
00329_snr+5,5.0,2.7684915035510183,15.989290783491072,0.9458207927913687,0.9181007263073188,1.517365208593267,41.44798012844616,13.74344575930142,2.2396774291992188,1.374219536781311
00330_snr+5,5.0,4.088620409477933,1.348018199436602,0.9073369747230727,0.8125478377817741,-0.7085899400498007,28.47052248425825,27.860717743444344,1.1689835786819458,1.185542345046997
00331_snr+5,5.0,4.966980008753488,4.686511712767972,0.9354438585677538,0.7333963323535501,nan,nan,22.488553437174513,1.2989567518234253,1.5635275840759277
00332_snr+5,5.0,3.9646237736666263,6.117837524392575,0.7413167947814729,0.7545579221583609,25.81027185506024,31.629919060749707,14.190460733917783,1.153639793395996,1.1832685470581055
00333_snr+5,5.0,4.6328914660725955,4.115174413466965,0.8398784988854605,0.8014256395901092,-4.9308276349977955,29.0204149813415,20.98953529680356,1.206109642982483,1.2018380165100098
00334_snr+5,5.0,4.353678627700603,4.5581665121166735,0.898419663075722,0.8927330990623842,0.5648386334048985,15.400281574787032,12.243893788762799,1.6120331287384033,1.6704597473144531
00335_snr+5,5.0,3.3455833711480762,3.769224784257151,0.8789541076084926,0.8813204372322536,23.07858407819556,23.770335936623827,12.783299864999293,1.2607260942459106,1.2907373905181885
00336_snr+5,5.0,4.894880079055649,4.520533733401161,0.8132621168958148,0.7518975941475129,0.9471663886720627,37.69391959066994,21.17062084352877,1.1743372678756714,1.2370154857635498
00337_snr+5,5.0,3.85949179836604,12.092775394071417,0.9999999999999998,0.9665493736834359,38.00860042245689,47.29327219886598,11.966416213662127,3.108994960784912,4.459099769592285
00338_snr+5,5.0,4.2233836341496325,7.782617938478049,0.9726975238459439,0.8046869579220947,11.840699489445004,36.20200429964372,11.591449734940774,1.614800214767456,2.4370288848876953
00339_snr+5,5.0,4.958576482653298,-0.6052493784477143,0.8666701419130783,0.6865031896019754,nan,nan,26.738317329425698,1.1081867218017578,1.3712109327316284
00340_snr+5,5.0,3.866443284261549,4.369784018336183,0.9094442679988187,0.771287652849305,7.585408386353203,30.626628294735795,21.98810544539057,1.2529534101486206,1.16038179397583
00341_snr+5,5.0,4.285342802063884,-7.7062010377760615,0.8342665232882629,0.573809796962666,3.2776199265349475,32.369272901929605,26.295243889080286,1.0499963760375977,1.101777195930481
00342_snr+5,5.0,4.952376257321344,7.821300683962521,0.8734518345673891,0.8395372587742302,nan,nan,16.84344563600501,1.461005687713623,1.5145412683486938
00343_snr+5,5.0,4.666923318926951,3.585179437733675,0.8399821823522517,0.700746262036223,-5.240962690380844,30.697921318588627,16.567782787602198,1.1996084451675415,1.2971737384796143
00344_snr+5,5.0,4.724639062071428,-1.8774269159556187,0.9195230678103756,0.6873447404326257,-13.320092820647204,11.315916109894744,32.65740046282156,1.1032925844192505,1.8442649841308594
00345_snr+5,5.0,4.465875068473971,-0.3624705269639703,0.8114057963055558,0.6894719071363914,11.99796512743304,30.631944503345274,26.783267123574593,1.1000319719314575,1.3238279819488525
00346_snr+5,5.0,4.121689159932739,-4.686654672130846,0.7666145546265751,0.6282987964897238,20.824472970269184,31.25755245925849,26.35538194306227,1.079754114151001,1.1132174730300903
00347_snr+5,5.0,4.942884972949168,8.332239603731775,0.8226204356653363,0.8668674411954773,nan,nan,17.596973863041594,1.6658930778503418,1.264631986618042
00348_snr+5,5.0,4.284203489503321,-5.192088017845235,0.858191428220208,0.6808720507466082,15.302638981612004,33.76022878547446,30.873464330588327,2.143561601638794,1.1155978441238403
00349_snr+5,5.0,4.047802684563619,10.225222646563253,0.7849293920276426,0.8497448428287157,-3.865731063664578,30.402762219503693,17.065128076670913,1.5630276203155518,1.1352407932281494
00350_snr+5,5.0,4.168647534453909,4.702263799466991,0.9142405221881746,0.8183252240710588,13.75882364266457,31.79220313038647,25.16857636119808,1.2335783243179321,1.2445166110992432
00351_snr+5,5.0,4.335773732675357,1.2762040784290642,0.9201265121304558,0.7717362626862079,22.307870288000764,29.770903935896055,26.347824996557843,1.7697699069976807,1.3984589576721191
00352_snr+5,5.0,105.42834363742597,32.4478238516289,1.0,0.9988466542623103,-5.859949518070287,0.0,9.68758692426331,4.20476770401001,4.643888473510742
00353_snr+5,5.0,4.4448184967893996,4.990547080900659,0.9280451144992349,0.8097754210583185,17.042334344794266,33.93323333398634,23.301795626774318,1.90171217918396,2.6437840461730957
00354_snr+5,5.0,3.4303268587843454,9.075421218211599,0.7241542410142354,0.7942947147127242,1.5417168028102015,32.628577614565536,14.559657280563819,1.4529701471328735,1.136998176574707
00355_snr+5,5.0,5.00788083341004,-1.1579301191130762,0.689192358068274,0.5994189787636351,nan,nan,24.675218673024304,1.1008507013320923,1.0991884469985962
00356_snr+5,5.0,4.70863066399062,3.103052043325852,0.9722373370135763,0.8591739243077061,6.264028164338404,7.7873191884450605,21.29607142555635,1.360309362411499,2.0599052906036377
00357_snr+5,5.0,4.900801729643842,3.9222320425636292,0.6985305164885246,0.7044524224928207,nan,nan,15.230406711208161,1.2608792781829834,1.1150010824203491
00358_snr+5,5.0,3.959741417493702,0.8414132987053756,0.7804699965258305,0.6730445372799396,8.234760327469369,30.782046129187115,28.378387421707465,1.2260198593139648,1.2763409614562988
00359_snr+5,5.0,4.3782130267644,3.3767141589876393,0.8541424844469939,0.7148576757183226,-5.165860193413411,18.337613331357858,19.74910219582734,1.209740161895752,1.2425428628921509
00360_snr+5,5.0,4.178212322092118,0.6267358517634342,0.7422082197996677,0.6141535545754457,12.34720286339385,33.956273090488345,24.870270864591088,1.0690257549285889,1.085881233215332
00361_snr+5,5.0,3.6605125701700825,4.5364918379620836,0.847635519471616,0.8517765294924092,15.953665971247277,23.014072924158206,12.991675482421174,1.5424375534057617,1.402706503868103
00362_snr+5,5.0,4.062704182157986,3.886696888055428,0.8246721778799984,0.7781525384603137,13.29169634442535,26.566380013836707,12.305271286180151,1.2211318016052246,1.1578245162963867
00363_snr+5,5.0,4.197664406567231,5.487591577686471,0.9024252747320429,0.7991476065755724,1.251809612263487,26.716204192393626,23.430295479783485,1.2899376153945923,1.317917823791504
00364_snr+5,5.0,3.5746442383055994,8.040995462014571,0.9594667014220845,0.920499178888415,34.24290764065614,38.02669838932943,11.424798349484812,2.3652877807617188,2.296980619430542
00365_snr+5,5.0,4.891928923291223,1.5522798545601237,0.8301251228673556,0.7778645806937866,nan,nan,25.231181209269508,1.512923240661621,1.214475154876709
00366_snr+5,5.0,4.97048784802055,6.381390144884586,0.8349116098682127,0.8226859725912775,-5.497605170136005,24.66620919880308,17.68999385122801,1.3264681100845337,1.3369532823562622
00367_snr+5,5.0,4.938162514824948,-1.6692468913399592,0.7600039043206205,0.5776149130590081,-0.3846750368287228,28.255049674587337,29.049281144162798,1.0478434562683105,1.1342337131500244
00368_snr+5,5.0,4.081937686169584,0.9320260751346179,0.8230613156220349,0.670867604984377,-3.974664590264277,23.989440184798546,29.820176296410384,1.1441504955291748,1.349705696105957
00369_snr+5,5.0,4.93103633925047,8.26629126296251,0.9158272088182933,0.9142903013131366,nan,nan,16.706267335375397,1.2793489694595337,1.1132028102874756
00370_snr+5,5.0,4.393613473878695,5.666001468296585,0.9485590018862735,0.9024087957181997,-9.767799604777434,25.548804089079677,18.666482993225344,1.3954215049743652,1.5101268291473389
00371_snr+5,5.0,4.396815323916378,1.3572100098001934,0.8828264726874301,0.7189432590093298,34.04755238601584,35.817794115939485,16.194578172332843,1.2044390439987183,1.5093498229980469
00372_snr+5,5.0,3.9257500032265065,-2.8744399526062048,0.7925908114802162,0.6277386700963272,24.9763627057691,32.58255126446036,26.99064124769406,1.0634433031082153,1.142963171005249
00373_snr+5,5.0,4.201130600565824,-7.515943972932768,0.9123526448484623,0.7434200715912119,6.948260264375729,27.57882225390145,30.54965068638164,1.0841975212097168,1.1864817142486572
00374_snr+5,5.0,4.374952799742997,11.557906254878347,0.7938080271701927,0.8721632356901823,-0.35477911458260936,36.792436094336736,14.767554841930103,1.6998279094696045,1.0471514463424683
00375_snr+5,5.0,4.987737932294469,6.081244348126148,0.8592571374692125,0.8436480122994237,nan,nan,16.125013196234725,1.1478755474090576,1.2007970809936523
00376_snr+5,5.0,4.972946728828753,11.986759299460912,0.6818965672528621,0.760107126905537,nan,nan,17.657285366212605,1.592827558517456,1.2379101514816284
00377_snr+5,5.0,4.741229183794199,-2.987829325685327,0.7794659935782634,0.6430055899808624,8.88998807042473,31.435096267168294,27.57837861082202,1.0806516408920288,1.201371669769287
00378_snr+5,5.0,4.547854549915169,-3.606888977165707,0.7821072342622809,0.6294890388811962,2.0060010916879247,28.70848302801079,23.712907459378314,1.0748467445373535,1.0652669668197632
00379_snr+5,5.0,3.6873373141420913,5.50010565390048,0.8448154719048175,0.7705866078745862,1.8888257007088907,27.446264377045463,20.865971697598553,1.2147722244262695,1.2251495122909546
00380_snr+5,5.0,2.5565893889665157,8.744934922047063,0.8886618569270646,0.937175564436166,36.94220949243001,45.701355281948615,10.478896445356288,1.4112231731414795,1.200056552886963
00381_snr+5,5.0,4.304408471048115,1.8123310297180126,0.9652223806712625,0.8893628242558956,4.2254959705229,13.536310927374796,10.69563799471833,1.4139002561569214,1.6252460479736328
00382_snr+5,5.0,4.905670038921059,-0.1826472901258977,0.8241528854555977,0.5958572791365174,20.67282865859948,30.575818024574115,27.126166365941298,1.1739581823349,2.095649003982544
00383_snr+5,5.0,4.9728369765249845,1.091077481213384,0.7747700335321749,0.60890949489809,nan,nan,26.26085363456786,1.1683471202850342,1.3683749437332153
00384_snr+5,5.0,4.226768101031402,0.8291854758066609,0.9413709464949328,0.777121188467455,21.728978808730886,24.838374395880173,23.9446876228503,1.2325828075408936,1.7470543384552002
00385_snr+5,5.0,3.9186207877749912,-4.236899666463852,0.9259685232872293,0.7611047769091392,13.494851475525627,40.2180586729153,26.65624659135274,1.108075499534607,1.4292820692062378
00386_snr+5,5.0,3.9750505117101875,11.005120709635632,0.9300663484056946,0.8511088543978598,5.782497278554421,28.61089711129104,18.456087869044122,1.4498004913330078,1.388759732246399
00387_snr+5,5.0,4.4648343070077665,2.304996731182641,0.8577940426765119,0.7363840325098963,-3.9462554384620874,25.25545102319469,26.125234059353073,1.2353770732879639,1.338247299194336
00388_snr+5,5.0,4.965379529333892,1.6201147268376626,0.9026591259976356,0.777625281361769,nan,nan,23.34404659673156,1.3112205266952515,2.8293354511260986
00389_snr+5,5.0,4.368017232941141,-0.9076402812547718,0.7245428104577427,0.6524002323443961,25.725676813835733,30.1659019691788,26.343910970676525,2.4418556690216064,1.1897952556610107
00390_snr+5,5.0,4.91834749054373,-2.44259591654243,0.8898018232385174,0.6666119375625298,nan,nan,28.734272786833227,1.2500313520431519,1.9727349281311035
00391_snr+5,5.0,4.651318167834113,0.9089384890628684,0.9519128773122166,0.797610802058262,8.987752734569241,31.359352726763742,27.652561525957402,1.1022573709487915,1.2498173713684082
00392_snr+5,5.0,4.432448593222849,5.954316264979252,0.9226562794859198,0.7491205206016425,7.825391815384156,25.2016442265292,21.254022418892152,1.2854617834091187,1.5997684001922607
00393_snr+5,5.0,4.953394541558469,6.353270172956337,0.8461774861034975,0.8179880128153516,nan,nan,15.776142497141375,1.473196029663086,1.4152326583862305
00394_snr+5,5.0,4.3817822981369385,8.383701234568466,0.821526226653522,0.8528316526702721,1.781057561657032,35.822738622583344,16.77836596643954,1.60028076171875,1.3275811672210693
00395_snr+5,5.0,4.708795510723804,4.4654157124757194,0.9953154163378103,0.8276142027621661,1.2336078336201697,36.00688987364836,18.047089566118192,1.2065916061401367,1.2330117225646973
00396_snr+5,5.0,4.632599567160331,1.2713304809946224,0.8779709673355176,0.8166564561316018,8.644443239035876,34.62814837693521,22.878216128426395,1.1262258291244507,1.1357532739639282
00397_snr+5,5.0,3.993554357818482,2.2295165256783087,0.8665197792558076,0.7350744605994529,14.618591789730635,30.427706475238743,24.95932923253073,1.1570700407028198,1.1781278848648071
00398_snr+5,5.0,4.3413513089357005,3.119424150300048,0.909772003719319,0.6702963558288575,9.324998858394364,28.02005142349257,28.734342633812574,1.2546353340148926,1.449570655822754
00399_snr+5,5.0,4.869314649691951,4.363459149385739,0.7893557588208787,0.517261540998845,4.43010975253309,25.19307518204954,17.43610475386887,1.0721540451049805,1.089097499847412
00400_snr+5,5.0,4.76704670560471,-1.647610849852144,0.8720236475875047,0.658864724433742,0.690309823158425,33.13932360830963,26.16668876249478,1.0945874452590942,1.2761708498001099
00401_snr+5,5.0,4.163806534238082,3.7471447067473833,0.957568708560762,0.8310745847894839,2.814569581684215,27.24523797974949,23.83501754458011,1.3404048681259155,1.42403244972229
00402_snr+5,5.0,4.960802965713143,11.114406129822383,0.8454957639793768,0.873022991207366,nan,nan,15.65468504500096,1.2468687295913696,1.1543805599212646
00403_snr+5,5.0,3.8863153574769385,-1.6305479455575134,0.9208536483836569,0.6755038029397411,15.060018061250398,36.49689006818565,30.8427098670663,1.0944944620132446,1.4908157587051392
00404_snr+5,5.0,3.399463848128189,0.670866769933065,0.8818126744394809,0.6967740050129672,45.4476364566629,47.29157136762951,17.618990101486048,1.1466622352600098,1.3170756101608276
00405_snr+5,5.0,2.348527904436862,2.669998599340385,0.743683756449696,0.7223759736609519,34.39499992543975,37.010532120357894,12.71154932956124,1.1774628162384033,1.1814085245132446
00406_snr+5,5.0,3.64439924585467,1.6575438610752107,0.9501214422908538,0.7617133592387478,4.860978877587209,11.617167763882325,26.020811668351342,1.361415147781372,2.231022357940674
00407_snr+5,5.0,3.875889623715862,6.850464074796133,0.9755761458680381,0.9738507868889147,36.50238272893419,42.456420379951005,8.271016219803583,2.9208908081054688,1.6190998554229736
00408_snr+5,5.0,5.016052156831416,3.6186476637946177,0.7561350745841251,0.7072877577681347,nan,nan,23.45699447238598,1.2171417474746704,1.126604676246643
00409_snr+5,5.0,4.449226942970426,4.748833371385052,0.8543888063575145,0.808235747891665,5.425184175207604,32.13487256341833,20.996059042456864,1.1913738250732422,1.2449636459350586
00410_snr+5,5.0,4.998525547987275,5.920931985647639,0.806691272803688,0.7537108596322584,-9.824709624667028,13.146128861287355,21.84218234391699,1.2784662246704102,1.5602498054504395
00411_snr+5,5.0,3.989411680242715,7.583942426458467,0.8892251415874962,0.9272345327473056,-8.523444836472361,9.300564839112294,11.959281054557161,1.6629846096038818,1.2523510456085205
00412_snr+5,5.0,3.8583370076651247,-0.749975174104275,0.840309296571683,0.7731270782495758,20.082941315082085,32.43311904313419,25.77598715458411,1.131252646446228,1.332434058189392
00413_snr+5,5.0,1.4177449142965157,8.508376002299968,0.9935942407655304,0.8399753172957347,13.037512323656129,37.46632847239423,9.419991061057154,1.8055557012557983,1.6116597652435303
00414_snr+5,5.0,4.506496119708013,7.219835671462568,0.9240782834216849,0.8569532215280483,-7.967253551628369,0.0,17.45486338451341,1.5057694911956787,1.725995421409607
00415_snr+5,5.0,2.174171118144394,8.933685039406843,0.965337482758833,0.965345219779638,25.64628863175777,32.75289692372363,10.41826906922723,1.5319076776504517,1.66790771484375
00416_snr+5,5.0,4.891743972464971,9.545471167817333,0.8569571861641642,0.8856797962133518,2.809507415382214,23.695232685511407,15.985800744908206,1.5605324506759644,1.3623958826065063
00417_snr+5,5.0,4.906078778072338,8.54215106170383,0.8325377471877409,0.8608739903977345,3.82018774979794,23.421691462662004,17.472197110145714,1.781181812286377,1.6243317127227783
00418_snr+5,5.0,4.215272358439314,-6.171085074983442,0.8505992489121412,0.6777128432605092,10.559864600716555,26.17358211017972,29.609291767811644,1.1051077842712402,1.162890911102295
00419_snr+5,5.0,4.650312102429197,-0.7374504531044423,0.9243662468982095,0.7713610342694415,6.696862118269383,20.307559003691722,24.880362393153245,1.115609884262085,1.4355289936065674
00420_snr+5,5.0,4.702927623558331,9.603620954528289,0.8417034877961669,0.8633784178291206,nan,nan,15.435180002615114,1.3377432823181152,1.1778885126113892
00421_snr+5,5.0,4.637432952782774,-10.1490908314814,0.8073016356454297,0.5896901785307995,15.03039928020512,29.390440116481614,29.802990549927557,1.040902018547058,1.1464897394180298
00422_snr+5,5.0,5.035951333783118,-3.2287169650289202,0.7813801670474549,0.6320656854297264,nan,nan,27.42487258320264,1.0949070453643799,1.1385507583618164
00423_snr+5,5.0,4.99586295732618,6.040527689434759,0.6701953137330503,0.6554054014619238,nan,nan,21.04003556031058,1.1616133451461792,1.2073025703430176
00424_snr+5,5.0,4.968927353039288,-1.328287271233504,0.7852367780431994,0.614768738986471,nan,nan,27.197642165163614,1.0809516906738281,1.1667611598968506
00425_snr+5,5.0,4.644047471982668,2.9801832552938268,0.8157186500546644,0.6830485223748828,22.118613760466957,27.25259036044664,18.995777239740274,1.1792566776275635,1.3480312824249268
00426_snr+5,5.0,4.386258163766241,6.332184688394724,0.8988006240127081,0.9031678363180915,11.414700361573333,29.401780053234386,11.312515005471562,1.3301475048065186,1.373810052871704
00427_snr+5,5.0,4.11459034711019,4.267590156145527,0.8866306244067228,0.7877495483617307,32.676801439854685,34.085078475051354,19.487820333801977,1.2898807525634766,1.5002961158752441
00428_snr+5,5.0,3.463240730171811,20.0742543090103,0.9999980917045075,0.9928464543559463,10.483042815962332,34.26337238396344,9.099900410502666,3.64994215965271,4.031921863555908
00429_snr+5,5.0,4.394871184964683,-0.5619758788563362,0.906901520912873,0.7335662468597186,30.1298507453454,31.32608297840877,25.515107218431222,1.7940447330474854,1.523118019104004
00430_snr+5,5.0,3.8398984713025053,-3.565478767793389,0.7051556391247144,0.5350838516449692,18.64833629663623,30.735793237571425,26.075990297039706,1.061039686203003,1.1441993713378906
00431_snr+5,5.0,2.967851223761346,10.70965744786293,0.7895038794958252,0.8510677268245636,12.692704469851318,30.79978935235364,10.781666986683273,2.00089430809021,1.1751494407653809
00432_snr+5,5.0,4.276586163454761,-4.334548130907214,0.8356075590678043,0.6220459180384137,31.394763448462946,35.22454978568034,23.458770178112275,1.0606070756912231,1.061929702758789
00433_snr+5,5.0,4.429833684303587,7.727830118404708,0.8622213430997615,0.7629510717424258,-5.637017542668264,14.576609052348864,21.345409263160136,1.1786253452301025,1.169997215270996
00434_snr+5,5.0,4.556803561675096,4.772701165310859,0.9189091875872576,0.8396288432836498,11.487598712726646,33.05979356437238,22.41135604661955,1.2224644422531128,1.2993677854537964
00435_snr+5,5.0,4.303558832906696,-0.5578772313569192,0.7869664367005879,0.6395677379126536,13.806472190161044,34.28759640679209,23.795033489486258,1.0508283376693726,1.0645312070846558
00436_snr+5,5.0,3.828348402641745,8.72821532650712,0.8428658961054452,0.8886961428171476,10.058359017652776,29.39502457129231,16.461427284513455,1.3629679679870605,1.1094564199447632
00437_snr+5,5.0,4.26939965715558,6.079059834389868,0.8701580120884366,0.8205105060293925,1.3949998596139082,28.98676801038413,15.553454484461602,1.2437775135040283,1.1774320602416992
00438_snr+5,5.0,3.3000418884008074,3.4279477460986136,0.878211233753726,0.7154525557979117,32.08378988201999,36.81389509384711,24.650326433629218,1.224676489830017,1.1923227310180664
00439_snr+5,5.0,4.238041245576411,-0.6070404979751753,0.8945730127200554,0.7358450765903519,2.826678548297328,32.89280058349581,23.616574086781576,1.121891975402832,1.2417733669281006
00440_snr+5,5.0,4.651863878680143,-3.499037733589322,0.7682286267479803,0.6405097731452831,20.220675792028633,31.0708311741992,26.391675523647276,1.0501461029052734,1.0762228965759277
00441_snr+5,5.0,3.653401258722572,10.178643961010973,0.807187948548325,0.822872737798009,30.9299536098635,42.085562389082796,16.874121352031676,1.1141854524612427,1.111005187034607
00442_snr+5,5.0,3.748731480511954,-0.6800464456235945,0.8965011272459894,0.7554068761869986,27.57221519190026,37.263613312588916,28.071254104088748,1.269720196723938,1.22370445728302
00443_snr+5,5.0,4.601082301144893,3.11456896279106,0.8732277597765895,0.627733141418298,11.937422533213963,27.0393486376741,25.380932708933596,1.0911540985107422,1.3083324432373047
00444_snr+5,5.0,4.004812383094948,8.201120810938397,0.9790739062508841,0.917456232668064,2.3357037629857738,36.49619738250739,11.904208892041996,2.18031644821167,1.8523027896881104
00445_snr+5,5.0,4.5975396548773535,1.7713122375793238,0.7915685732279713,0.7033338424231633,6.4762798571953475,29.14281989164184,24.60964509495702,1.129295825958252,1.0498054027557373
00446_snr+5,5.0,4.99530356726951,4.8369580657349305,0.9184786205807042,0.901261864586312,nan,nan,10.9474305835607,1.36994206905365,1.414750576019287
00447_snr+5,5.0,4.924536609121526,-0.576462515279645,0.8868639457203986,0.7522683216174091,nan,nan,27.726383262383905,1.1859118938446045,1.7590785026550293
00448_snr+5,5.0,3.8516377810720845,8.757117119529438,0.8128107379984523,0.8235739822250965,nan,nan,14.109825443906443,1.5792236328125,1.281224012374878
00449_snr+5,5.0,4.962322365053933,-1.5474514875654202,0.8595698710108208,0.6894308795342647,nan,nan,27.656484315472113,1.0908170938491821,1.1763193607330322
00450_snr+10,10.0,9.573183864488513,12.357642885475768,0.941155404753631,0.9320547596834434,-2.0845417937825768,23.007611068498708,13.521493378121685,1.9905542135238647,1.6003953218460083
00451_snr+10,10.0,8.550186470018511,10.35393225271733,0.9163873780176125,0.9233847039717435,20.49574200651797,26.157987488306414,13.882318675949804,1.8043949604034424,1.9606893062591553
00452_snr+10,10.0,9.865964414188594,12.787204583727599,0.8820684750136522,0.8717930898259871,38.3323772704766,69.51801935961798,15.585731587086839,1.4461839199066162,1.175206184387207
00453_snr+10,10.0,9.043759382571325,2.8355425369387435,0.8928097535404934,0.7300349810681713,5.208045617467031,21.48887527766396,24.58784236224818,1.2379506826400757,1.587568759918213
00454_snr+10,10.0,9.276620644470842,14.139680972377999,0.7727493207602075,0.8647614287095255,-8.000021320376945,23.99611086758689,14.486373663381569,2.076427936553955,1.2842000722885132
00455_snr+10,10.0,9.534852135763721,3.015202889474991,0.9368080464989889,0.8048329485053737,27.352699923049638,34.37661083094558,27.21461591427744,1.2157213687896729,1.932192087173462
00456_snr+10,10.0,9.097769165827495,2.2085218718054485,0.8875378118452566,0.7196348589189082,22.77661507598115,26.784181037508624,26.380835029970957,1.137459635734558,1.7810062170028687
00457_snr+10,10.0,8.509449466465298,11.515931875238298,0.9294637219552859,0.8724150691583842,17.405670291631452,31.03968147566748,20.540640539923277,1.2370291948318481,1.2259141206741333
00458_snr+10,10.0,9.641827014645273,12.967918117728434,0.9516787402379413,0.9472332308183095,7.113128441558594,13.911698417123988,7.468066649187185,1.797133207321167,2.008042812347412
00459_snr+10,10.0,9.68123215976059,2.6082890429106405,0.9984469965180931,0.8553542079615992,7.494234141527131,25.483816661069344,28.58686580588326,1.2223488092422485,2.2048065662384033
00460_snr+10,10.0,9.973895754945708,-1.5266027810317269,0.864863918042721,0.6879654004750902,-3.8650214270652823,8.728026748453178,28.223679441769665,1.0888903141021729,1.4110264778137207
00461_snr+10,10.0,9.981850279405776,12.746640104889428,0.852359570174184,0.7992104923202048,nan,nan,18.839369618540715,1.3574904203414917,1.5812325477600098
00462_snr+10,10.0,9.384535897313267,3.937476711035925,0.9278976190002078,0.7111763849750061,-2.9573737854720825,21.011713969273856,29.023777743598522,1.1712909936904907,1.7426031827926636
00463_snr+10,10.0,8.627063222905882,10.671537931696246,0.8745079591355355,0.8666113481559177,20.064561066995658,24.07794565843059,12.506372032781245,1.2791202068328857,1.299443006515503
00464_snr+10,10.0,9.229687159832064,0.027130303747536583,0.8743000584219576,0.6580630592091691,8.242748452601528,22.998230261562966,30.01445795125985,1.0980329513549805,1.3050003051757812
00465_snr+10,10.0,8.105777786100738,8.983304291475054,0.86772483270991,0.8483722721103694,17.67749122375485,25.841381346841622,15.538290529363458,1.318156361579895,1.6772582530975342
00466_snr+10,10.0,8.670514034566818,4.076504925751195,0.8860070433560178,0.7733963575265147,23.57248052107339,25.736282226179515,22.231177365237652,1.179244041442871,1.3198901414871216
00467_snr+10,10.0,9.77735886878882,15.245036760496122,0.933794666719856,0.9271425602980756,0.43204099910657356,25.210605939392956,18.084838949389937,1.7882601022720337,1.9929215908050537
00468_snr+10,10.0,8.869654634126054,5.404459462548981,0.9343924502967276,0.8673825889456055,18.282735285398577,26.119870236738123,14.710974729027878,1.2532830238342285,1.5143439769744873
00469_snr+10,10.0,9.98293719217655,-1.981572771943538,0.8944461520197757,0.6859889166405293,nan,nan,29.67575522039902,1.076549768447876,1.3105950355529785
00470_snr+10,10.0,9.475390394339362,1.116740316199814,0.8999635563862121,0.7394129907872589,-2.225142166860218,22.595823492428227,26.411760704519917,1.2761578559875488,1.3688229322433472
00471_snr+10,10.0,9.417412094235027,6.228884690145259,0.9366238461513329,0.8079395148900576,0.673962751577129,20.161510990933937,21.832205167388732,1.2298877239227295,1.6421723365783691
00472_snr+10,10.0,8.285087998382748,14.664527928061887,0.9157470944291967,0.942548987346854,1.549273594425435,25.594941662577458,10.969762557279125,2.1754369735717773,1.1185121536254883
00473_snr+10,10.0,9.289494489461521,1.9403423044621997,0.8955169636356999,0.7165078524822138,10.340850057864985,24.545593340297344,27.923169469804478,1.1338870525360107,1.2108047008514404
00474_snr+10,10.0,9.030241614016148,5.904383120237898,0.9675306174909238,0.8191128083097278,6.813519561207001,27.57671063126299,18.163108449383525,1.2371480464935303,1.508773922920227
00475_snr+10,10.0,9.778315126402283,3.178070510139218,0.8745052053594612,0.7101658617293864,1.6780709377755536,22.677048884472136,21.94423603042644,1.1092561483383179,1.2233786582946777
00476_snr+10,10.0,9.81394272846494,6.981688057292517,0.8351053058617265,0.7485682426294394,12.15559319262217,18.740309094090634,20.633031968088495,1.0947567224502563,1.1715065240859985
00477_snr+10,10.0,9.078004455904857,8.253062398529039,0.991824689857027,0.9131347881291259,3.928213297916115,29.711504678801216,17.339339913170058,1.8720753192901611,2.2352070808410645
00478_snr+10,10.0,9.882770407268769,6.570044258236482,0.9433860452359442,0.7671811315929596,3.48886971383404,17.063407312879065,17.265387229243693,1.23489248752594,1.6065123081207275
00479_snr+10,10.0,9.557927477954179,3.379176855704288,0.9121069484735181,0.7290415967462301,1.2542443015989142,21.171371305988277,30.191851415143013,1.12144136428833,1.3331708908081055
00480_snr+10,10.0,8.269507338393627,-0.3830811836162454,0.9617668959532799,0.8218130216937085,18.76124025497895,28.493021538896794,22.573717758327245,1.3368761539459229,1.5338327884674072
00481_snr+10,10.0,9.966599348788334,1.4088673515845007,0.9717520520227793,0.8071773477887324,nan,nan,27.92091365879969,1.2593507766723633,2.8816237449645996
00482_snr+10,10.0,9.963976546670963,3.273322181083408,0.8642017512836737,0.7340422311441283,nan,nan,21.587656568538684,1.197134256362915,1.3070411682128906
00483_snr+10,10.0,9.172890270735039,8.679573963043092,0.9909057207998896,0.9360596647365836,-0.7859970637093244,28.764067671811283,10.508295696521554,2.2477238178253174,1.9399640560150146
00484_snr+10,10.0,9.478850347500504,-0.6019721410489218,0.8869685948036384,0.7061612364328097,15.105478810560765,21.804507438974312,29.975460783705742,1.0914640426635742,1.2402284145355225
00485_snr+10,10.0,9.35233180439531,-4.3125922960985275,0.9051079327684797,0.6435419453638338,1.8330741700653101,23.851134741725364,25.39859974720286,1.08161461353302,1.2227146625518799
00486_snr+10,10.0,9.870697344215186,12.458738056062522,0.8990054846149153,0.9287508817123952,11.411568815974288,28.000810534483662,15.30496832797379,1.5668425559997559,1.3911304473876953
00487_snr+10,10.0,9.991153164069171,8.376614819918055,0.9363802276366664,0.814448541121133,nan,nan,25.76271595808744,1.430330514907837,2.2546727657318115
00488_snr+10,10.0,8.620790550958674,11.567437312163733,0.8952117785377829,0.906580976216792,19.72153935384822,27.098319144306707,16.163870686696782,1.4751884937286377,1.425464391708374
00489_snr+10,10.0,9.050035031221807,8.50677527684,0.9138520182027434,0.8822867149461335,10.164386791910655,25.176275208958753,17.511646637104306,1.4096481800079346,1.252713918685913
00490_snr+10,10.0,8.3844086278372,16.48004719220801,0.9490643279005916,0.9801262177944287,-3.6163232635612323,30.888204208132144,9.35656827984382,2.692720413208008,1.8339933156967163
00491_snr+10,10.0,9.819542904733503,2.1415333448573155,0.954646609098921,0.7492445206162716,0.6565835679633448,24.2515151029089,28.239011612256277,1.9871985912322998,2.6863317489624023
00492_snr+10,10.0,8.007593965689283,-0.0810885413204018,0.942274215114425,0.7865428891109905,1.9763016532612767,31.448257780874425,28.36656160545257,1.2363684177398682,1.4510623216629028
00493_snr+10,10.0,9.986567763562613,12.100775437754896,0.88269062619921,0.8973586071768715,nan,nan,17.54409443300556,1.483406662940979,1.4699043035507202
00494_snr+10,10.0,8.596254360268677,-0.4563568339002283,0.9487680854963179,0.7217375481660202,5.261698319614338,28.32574079715002,30.5953897124595,1.1696606874465942,1.5831366777420044
00495_snr+10,10.0,8.89023580898434,8.646008908366706,0.904951206290764,0.7835429437582775,16.770753369777076,23.345238189369788,12.306067155567506,1.2139644622802734,1.213355302810669
00496_snr+10,10.0,9.944624196507094,11.705243104842559,0.9784747703173,0.9726141604287938,nan,nan,13.870091490962906,2.578104257583618,3.2906062602996826
00497_snr+10,10.0,9.44760888715925,11.053599370902177,0.9031353504642503,0.8763278209108663,-8.630097677772358,23.09671837743199,16.951701191230804,1.4474586248397827,1.2636932134628296
00498_snr+10,10.0,9.186626014610917,0.9641534552941827,0.9296913305152491,0.7564371963703215,2.577918932246405,26.835256961791018,27.843063282140733,1.1740338802337646,1.380360722541809
00499_snr+10,10.0,9.95795352252566,7.3805195387795095,0.8946040079234889,0.7403641761235464,-6.937807940470581,0.1811768057747579,10.170720853463289,1.110749363899231,1.4170140027999878
00500_snr+10,10.0,9.373860285044412,18.660432179808375,0.9908936499536963,0.9753715580003499,3.680081647302935,39.32736800976596,13.990626496976114,2.5623080730438232,2.3689310550689697
00501_snr+10,10.0,9.852331154007091,0.8343519397428295,0.9060013928103194,0.7597816888992596,11.804497368966473,16.62690993611633,27.4373840643188,1.26395845413208,1.5105714797973633
00502_snr+10,10.0,9.771092722266467,-3.4623291358587944,0.9757714783613708,0.7650160256668788,-12.627220141333574,20.561865064929606,31.360297798277628,1.4093804359436035,2.8800623416900635
00503_snr+10,10.0,9.276277829475843,-0.269580709629917,0.8826085914856882,0.658560775788891,-1.1895595740931584,25.85588218739797,23.681612672587395,1.1000263690948486,1.1307026147842407
00504_snr+10,10.0,9.328508605061879,0.24926991636897103,0.8496332939043637,0.6763786774395292,4.289098208303343,28.120069759889933,24.86915786081266,1.0908187627792358,1.100114107131958
00505_snr+10,10.0,9.221222525688864,5.786435317267845,0.9608257459432377,0.9198094568758833,14.35759364348209,22.640925827801503,12.71257539519996,1.817091464996338,1.9236340522766113
00506_snr+10,10.0,9.981594363656093,-1.7094389691347722,0.809485021804344,0.6364299051930888,nan,nan,28.511342194408012,1.479245901107788,1.254387378692627
00507_snr+10,10.0,9.293390538472137,0.3127785490101077,0.9167569599764464,0.7547890448159158,20.038373786013697,29.262830485569108,24.16222790161379,1.1062430143356323,1.179443359375
00508_snr+10,10.0,9.672833233603937,13.193174219548458,0.9707280381093291,0.974132146343385,-3.7185192285476183,17.433938118331625,15.228716616676078,2.2298476696014404,1.6226708889007568
00509_snr+10,10.0,8.99357885340195,1.4623903637576616,0.8672118782088719,0.7058315094850606,17.39790765208156,26.950993361233458,29.93380033830297,1.1360810995101929,1.1756151914596558
00510_snr+10,10.0,9.635470961983101,5.833898027181716,0.9470861377860004,0.8409437249294373,-4.065526618591986,26.248866392026834,22.029357432810276,1.2692545652389526,1.2842938899993896
00511_snr+10,10.0,8.462390662224541,8.737802566774691,0.9090072391571572,0.8520984034632043,2.6564996815757986,37.61580385309039,22.32298104096046,1.3963881731033325,1.4808924198150635
00512_snr+10,10.0,9.122514385544411,0.8825438033208424,0.8999938668241797,0.7298269613780458,6.882262931806035,26.10992762915943,23.811739979322905,1.1342334747314453,1.312961459159851
00513_snr+10,10.0,9.300095885829352,10.870752547045866,0.893678504087038,0.8908904081432448,-5.866693591614846,25.93985525244073,13.059773044311324,1.6420040130615234,1.5211925506591797
00514_snr+10,10.0,9.078737696203952,9.457984818521947,0.976359344163026,0.8857216454740855,9.202461464086598,17.68467879373406,15.692174565304672,1.3970682621002197,1.6203047037124634
00515_snr+10,10.0,9.278206560152995,1.1045004690995555,0.8284712130707218,0.6760213881182375,8.780764132822812,19.14602837110821,27.395609297013866,1.1085577011108398,1.3805922269821167
00516_snr+10,10.0,9.23968266772971,0.33839031296029193,0.9063465985355167,0.779017895288562,6.729812613275502,24.99010105843924,31.439254565023177,1.1426289081573486,1.1913437843322754
00517_snr+10,10.0,9.99774859705097,-3.002575116254019,0.8264097744016041,0.6763286312199188,nan,nan,29.191747832759805,1.1032801866531372,1.3409701585769653
00518_snr+10,10.0,9.752487716753514,3.8547216323805826,0.912263480236594,0.7749945579348011,5.304594470248998,28.917110604380426,24.797038419660357,1.27284574508667,1.966355323791504
00519_snr+10,10.0,10.014291673604156,-2.0751297236336983,0.8978930019222412,0.7042690438312043,nan,nan,30.304617826356015,1.094921588897705,2.258618116378784
00520_snr+10,10.0,8.907906451482067,5.261756147775035,0.960349103425245,0.8581516741576946,-4.1397961394212235,32.2334935471867,23.9134189701577,2.025015354156494,1.8492201566696167
00521_snr+10,10.0,97.52440491256893,15.209050247869847,0.9999999999999992,0.982030381312146,nan,nan,11.200417424987993,3.305818796157837,4.643888473510742
00522_snr+10,10.0,8.39548306406058,9.561964620318303,0.8523282497937119,0.8458784747694187,11.534028563010217,21.32629443761282,8.392070339642073,1.5120112895965576,1.4807960987091064
00523_snr+10,10.0,9.259917292701132,1.2540393382844415,0.9207397914895633,0.7828585487709684,-4.507517476276183,25.889971576427335,28.063373101622684,1.2055554389953613,1.601433515548706
00524_snr+10,10.0,9.268665276077432,3.1509637308201093,0.9356547571337418,0.7980855744859263,6.734614155821507,23.90917328736379,28.2932507196951,1.2401808500289917,1.8669278621673584
00525_snr+10,10.0,9.45369784606014,-2.34837686584925,0.8504385905349752,0.707361934012941,14.563957735740301,29.475318404081964,24.386394433303142,1.0730735063552856,1.1093389987945557
00526_snr+10,10.0,8.96540039693496,14.158876035370598,0.8436325690058919,0.847884389826689,-11.31910934301475,17.050386967377232,18.724762651074442,1.7619915008544922,1.6998462677001953
00527_snr+10,10.0,9.91190520434297,8.93574789778439,0.9667469086973522,0.9278835367353445,0.7940042241015919,10.756156657148706,15.676363928866689,1.4914515018463135,1.8346542119979858
00528_snr+10,10.0,9.956717152927713,14.128313909241326,0.9289460629176056,0.9315554380706208,nan,nan,16.043292875781113,2.2338216304779053,2.5681052207946777
00529_snr+10,10.0,8.122724888412753,9.839086014048057,0.9012920459520489,0.8873329457942087,35.58480858695782,39.40755943158645,14.977914013548492,1.193943977355957,1.1054059267044067
00530_snr+10,10.0,8.715073886591577,18.837506364706393,0.9825615960168568,0.981644143915069,20.126573832091076,30.76322754828319,12.212490556399258,2.5262064933776855,2.7678232192993164
00531_snr+10,10.0,8.39265445749538,7.113115692046978,0.9390058663997849,0.8874583023625916,5.175072588160335,13.998303649528982,11.871899125793245,1.3876581192016602,1.4848175048828125
00532_snr+10,10.0,9.501851773677943,13.740346125675147,0.9396258269194179,0.9416270224026925,5.060716344659052,31.210487022182747,11.660690941727948,2.239772319793701,1.6215331554412842
00533_snr+10,10.0,9.988921632566983,4.522775372705521,0.9616294909923271,0.8409192824685076,nan,nan,24.11830431805251,1.2506035566329956,1.3847427368164062
00534_snr+10,10.0,10.006336212947229,10.411330374121452,0.9322785652540809,0.8944189647932094,nan,nan,16.215289790621085,2.022503137588501,1.722485899925232
00535_snr+10,10.0,9.743406255314309,7.9218456799904295,0.8999747241745526,0.7528978438511443,2.719802376778918,21.76379171489326,22.66039341642194,1.2485342025756836,1.5543482303619385
00536_snr+10,10.0,9.671725824125986,13.244524093660253,0.9902529509569763,0.9522312607876554,-3.9053395721099484,30.973315699838373,12.795127271302118,2.211554527282715,2.9607722759246826
00537_snr+10,10.0,10.058131638541987,10.81609356005706,0.9792380833309487,0.9435965551608163,nan,nan,17.75495997968022,1.8522555828094482,2.4138946533203125
00538_snr+10,10.0,9.925264615325698,8.042570546914545,0.8708240282610153,0.8529601780564993,-6.171078714988224,17.437411779744345,20.424002665958106,1.5448659658432007,2.0600152015686035
00539_snr+10,10.0,7.584114290542747,10.383656185288812,0.8854311977308593,0.8284146568194843,-0.02077509044238438,23.984295280491544,11.812761064494252,1.5232884883880615,1.359968662261963
00540_snr+10,10.0,8.734316223359848,10.7452114703682,0.9325095756095672,0.8942572767903297,-5.74406195950707,23.32769342834521,16.119664599647777,1.8540624380111694,2.2531685829162598
00541_snr+10,10.0,9.266141746166207,12.23049756552177,0.9289732981184015,0.9204268122502528,20.466690036263202,27.93054658675585,13.32723213104388,1.4894986152648926,1.5975100994110107
00542_snr+10,10.0,6.509028130651622,11.824212031597717,0.8893897784614504,0.9092647056742817,29.226728201849905,39.15498607907876,12.202425566462974,1.2901952266693115,1.198718786239624
00543_snr+10,10.0,9.925274984363657,16.273009491346183,0.8926239106164171,0.917587370679162,nan,nan,20.26297343187632,2.36940860748291,2.176420211791992
00544_snr+10,10.0,9.976451997145874,9.379215322936451,0.9772963291282348,0.9328743361512047,nan,nan,15.374908843740453,1.7409956455230713,1.8512136936187744
00545_snr+10,10.0,9.980931431743317,6.602281856154258,0.9221565337549521,0.8355635110488118,nan,nan,24.787386481534426,1.275098443031311,1.5960023403167725
00546_snr+10,10.0,7.105775337409225,14.766831044656056,0.9374656709554302,0.9458539762879085,11.293822058823137,33.49096733207303,11.493072453514563,1.9914361238479614,1.2993417978286743
00547_snr+10,10.0,9.001220848828686,0.6434956440070111,0.9022949264490429,0.699605480243812,20.584442635665038,28.805452866877104,26.93857062376951,1.104075312614441,1.3342931270599365
00548_snr+10,10.0,9.088430925722768,8.80203598619218,0.9761037695282081,0.9103588366072147,24.350331304974677,24.753297935628794,17.861986921130768,1.8438117504119873,2.88727068901062
00549_snr+10,10.0,9.566177668914694,2.2163572431319456,0.969650189010381,0.7888197897361128,10.189575682484124,30.139621627052726,28.261452487185537,1.3100388050079346,3.295060396194458
00550_snr+10,10.0,9.54705107497511,5.375382915364399,0.9001714029925322,0.7632912806419435,-2.6153847599702216,20.0392285013535,24.541960553592958,1.178680658340454,1.3564236164093018
00551_snr+10,10.0,9.943259446006373,1.0631088743799713,0.9121339738405788,0.7759754935501536,nan,nan,25.965932153729593,1.1514819860458374,1.6720552444458008
00552_snr+10,10.0,9.973224080956964,4.14733642253933,0.8324974049836846,0.7199638640664159,nan,nan,24.424153976630695,1.6233527660369873,1.1678086519241333
00553_snr+10,10.0,9.915188385201512,1.6080076536558998,0.8613706241349423,0.7046471208890694,24.474121983391605,25.004414994922882,28.987977498467878,1.0894657373428345,1.2876096963882446
00554_snr+10,10.0,9.486920648600641,-1.2911042233866081,0.8511247009474613,0.695822013755646,-3.3959795344522754,22.599416028540595,27.317251464913774,1.1285951137542725,1.3176957368850708
00555_snr+10,10.0,7.615851111433488,6.944054726174997,0.8968485387924262,0.8318646039428176,18.662680266448206,34.03007864934615,15.817132424947594,1.2691043615341187,1.145453691482544
00556_snr+10,10.0,10.008247945790687,0.10242968605345597,0.9350992640822567,0.7727407661784986,nan,nan,27.78954300564477,1.1230099201202393,1.4198966026306152
00557_snr+10,10.0,9.374912623616128,11.19235355133603,0.9225773974126082,0.8840073591262214,-9.36806290225142,19.4853104539864,20.290855764275985,1.471785306930542,1.4728107452392578
00558_snr+10,10.0,9.656046790402073,4.2094725730283775,0.8228051621449555,0.7561839854400633,0.9804681812915101,18.947666302941983,24.75655439502278,1.1554250717163086,1.1790058612823486
00559_snr+10,10.0,9.046219857066985,4.0510256500324875,0.9414614254506032,0.7751605173213474,-3.24525250082536,22.315731389483958,26.0255618901352,1.3788833618164062,1.7941925525665283
00560_snr+10,10.0,10.001317987709033,1.7394788100757739,0.9753108930522457,0.8331334179573138,nan,nan,25.860137454841105,1.1997073888778687,2.1163101196289062
00561_snr+10,10.0,9.566242608504187,8.690348859882143,0.9389330540359874,0.8940131609576101,-0.062665951644902,26.43759345940945,17.53606835917487,1.3761398792266846,1.1888470649719238
00562_snr+10,10.0,8.63732067633595,13.012591196987685,0.8234715947850125,0.8052735245710789,-7.770563440028618,21.937958852064448,23.861937447922177,1.519554615020752,1.5912818908691406
00563_snr+10,10.0,9.462391287779626,11.00812564300556,0.878914373871579,0.8646084835270063,-0.6211469970358587,22.945614570949196,12.700665211152614,1.33506441116333,1.2857643365859985
00564_snr+10,10.0,9.561176616722806,8.246345260759835,0.975352255408764,0.8450732708342055,-4.842256966862906,-0.0011792280676949062,18.49320262096986,1.4223220348358154,1.6278934478759766
00565_snr+10,10.0,8.828570799936086,1.9315532731385001,0.8427507345053686,0.6823832333574392,16.575834671993224,27.76481999213676,23.43560326791628,1.485676884651184,1.211647391319275
00566_snr+10,10.0,9.927181781955595,6.713886207239659,0.736722653360268,0.7121479794455298,nan,nan,23.2004227607425,1.2640671730041504,1.1787029504776
00567_snr+10,10.0,9.586086327179569,2.587483008847,0.9473494564397883,0.7670486842333133,27.522957588839088,36.723771397952035,29.268232945558665,1.1199506521224976,1.9903819561004639
00568_snr+10,10.0,9.305181788595995,16.419622045347715,0.9295276146867522,0.9362759955633998,13.94964566423615,25.6528333202565,12.45587105995021,1.9657219648361206,1.7498352527618408
00569_snr+10,10.0,8.944475958542368,17.456809047064368,0.999990272500425,0.9836984783919891,6.74479824706169,31.771727427023745,12.001222406140684,2.2364068031311035,3.9971354007720947
00570_snr+10,10.0,9.216577860127604,14.606807659068865,0.9365956690743211,0.9323283677994223,-3.7951330438055053,27.252222829371526,10.108908673306708,2.032888412475586,1.213218092918396
00571_snr+10,10.0,9.257396961507405,7.328678157272483,0.8981815403428748,0.8160244522508782,0.6542803767203058,22.129275746020426,22.538176056045373,1.412505865097046,1.6373393535614014
00572_snr+10,10.0,9.983947210223509,14.36326205075896,0.928560169560028,0.9248280857551399,nan,nan,15.937001776394883,1.8938624858856201,1.415762186050415
00573_snr+10,10.0,9.965861739518026,0.3335824712064214,0.8902882441449734,0.7535407143222237,nan,nan,26.624378688075016,1.1251342296600342,1.3646005392074585
00574_snr+10,10.0,9.95678548011348,-1.257331764279108,0.7205381251420839,0.5924364146680342,23.320828764393667,24.662011160483015,24.51467815906958,1.0672314167022705,1.133899450302124
00575_snr+10,10.0,9.968773313391823,22.586934580400282,0.8684018908482604,0.9080046002228922,nan,nan,14.459747428414152,2.8657052516937256,2.0006613731384277
00576_snr+10,10.0,9.408173982983339,1.1789270652786887,0.9582927564562886,0.7792065678107886,5.5577695420224025,26.444245000298793,26.942943777211596,1.1305396556854248,1.4602558612823486
00577_snr+10,10.0,9.79733583622368,-1.6528051093601495,0.9332379509102904,0.7371713237496347,8.155114715525741,23.898200453072317,27.347269109462943,1.09518301486969,1.5646140575408936
00578_snr+10,10.0,9.527733965680161,2.079647498568292,0.8936993470448834,0.7226435419132538,-3.859388997420432,19.607090186085724,30.101786673209823,1.4961577653884888,1.279179573059082
00579_snr+10,10.0,8.698794936267891,-0.7945779912270605,0.8912167046026517,0.7269386058724084,10.098619915491465,28.79982266756054,30.67776950350482,1.4895845651626587,1.1734919548034668
00580_snr+10,10.0,9.950592172868744,5.031677261177778,0.9695587816515684,0.8527791822547425,nan,nan,24.948678572374693,1.5007681846618652,2.3588008880615234
00581_snr+10,10.0,9.837349015223836,9.043131486357254,0.840999988232477,0.7745873295327264,1.9547179308294549,27.055291301978322,10.573470604512966,1.329322099685669,1.1947109699249268
00582_snr+10,10.0,9.977757297178483,14.152452119747148,0.9353213987780654,0.9347703780609733,nan,nan,10.065986838072622,2.161223888397217,1.8448190689086914
00583_snr+10,10.0,9.806131992383765,13.39126089413602,0.912026610273493,0.9326071312622563,14.413932747770868,24.738981914794653,11.933449781952842,1.8802107572555542,1.2017627954483032
00584_snr+10,10.0,9.350383946057667,-2.744371021009204,0.8984104800460503,0.7237379622471263,-7.825607580805981,20.282320940092333,30.081301530796225,1.1292202472686768,1.6093406677246094
00585_snr+10,10.0,9.791825606301103,7.625282244944319,0.9426546469836506,0.7882614328972211,-0.9318594170976368,12.868720204708005,13.384624532630362,1.338616967201233,1.390036940574646
00586_snr+10,10.0,8.859948293593758,11.573900221696334,0.8361624088414404,0.8651673622961751,15.252262697285348,22.733675335807554,9.79547533007264,1.6304564476013184,1.3717780113220215
00587_snr+10,10.0,9.588834009674732,-1.9866304806378303,0.8318666604627264,0.7256243120706104,11.594639090122074,28.29883746669519,26.901445336839924,1.0837867259979248,1.1807689666748047
00588_snr+10,10.0,9.33294990180521,16.149238974217933,0.9158684489880231,0.9637803744228765,-9.430084082980267,27.545384414455405,16.24058006096404,1.9775712490081787,1.5370762348175049
00589_snr+10,10.0,9.955987205555228,3.9472909301745522,0.9541557178362573,0.8128438464279547,nan,nan,24.326722283725385,1.240586519241333,1.5292587280273438
00590_snr+10,10.0,9.878318252023298,1.091304413161419,0.9082227214290401,0.6821459938291357,10.528057074337067,15.583138688628551,26.274191439124014,1.0913703441619873,1.7092856168746948
00591_snr+10,10.0,9.261824531984221,9.072854305918941,0.8373847260072405,0.7852655557222539,1.6187781826461478,30.144957507796853,16.015362772060776,1.3179165124893188,1.4360538721084595
00592_snr+10,10.0,9.421868443284335,1.7376856051066272,0.9372745578276976,0.8034449517475595,9.525809367249353,29.616532145988256,24.04518740853727,1.1845426559448242,1.6099207401275635
00593_snr+10,10.0,9.462375055351725,3.749629771189614,0.9640450693326053,0.8577660277177799,-5.458699237148348,24.94621904333298,25.235049644967958,1.8654985427856445,2.004889726638794
00594_snr+10,10.0,9.978827223105963,0.6167001767009592,0.9020779673893743,0.6905089427137702,-7.514828306849432,23.707561186886355,24.478479012054223,1.2668839693069458,2.6291110515594482
00595_snr+10,10.0,9.203184931080324,-0.32261194436671226,0.9855049975860487,0.7734392298880391,7.862469790831101,31.510402884316644,30.465673213758894,1.1960899829864502,2.184483528137207
00596_snr+10,10.0,8.399495997272945,8.769365869236218,0.8560712684999976,0.866649900525264,27.32140464298825,29.130162214204283,12.166983986458826,1.6021838188171387,1.512589931488037
00597_snr+10,10.0,8.107493196450875,5.426254565097831,0.9086265701356163,0.9317465888359103,4.415824527639939,34.158888018220644,15.118645272479895,1.7160611152648926,1.3313204050064087
00598_snr+10,10.0,9.4798098315074,9.431982922376429,0.9208324465041712,0.9163549320296754,22.337144056295276,27.80068773447192,13.403172052050099,1.3205459117889404,1.3782527446746826
00599_snr+10,10.0,8.874520712362502,7.117147558280431,0.8376071057511892,0.7372070439765216,-3.784896467852759,21.784131805067545,26.697748515522928,1.2171578407287598,1.2044237852096558
