id,snr_db,sisdr_noisy,sisdr_enh,stoi_noisy,stoi_enh,pause_resid_db,pause_resid_db_noisy,speech_lsd_db,pesq_enh,pesq_noisy
00000_snr-5,-5.0,-6.050548182058839,-5.958786648929745,0.8367707545400914,0.6971585446832634,39.344332414700695,44.70934338717314,23.058442198046645,1.1402469873428345,1.387115716934204
00001_snr-5,-5.0,-5.070439647877202,-6.187701410114847,0.7211205922735272,0.5740501958760225,nan,nan,28.867552941565695,1.0823113918304443,1.047074794769287
00002_snr-5,-5.0,-6.320000471455734,-12.642262802780536,0.8690641054133231,0.5539708597400725,8.28460030018596,24.92509477120381,32.73896917578241,1.0984266996383667,1.1859756708145142
00003_snr-5,-5.0,-5.84597314050182,-18.16388883959143,0.6296379484381658,0.440337977755075,23.066192623459877,32.3390572654379,27.8061643151034,1.0366790294647217,1.0513668060302734
00004_snr-5,-5.0,-5.037695175966562,-0.9607016622460103,0.8176554157623133,0.6846926535038255,21.47526610790226,39.62188654556524,26.264279507545208,1.2335478067398071,1.4040312767028809
00005_snr-5,-5.0,-5.423223940557107,-0.0018320550871833644,0.5947395354385446,0.5484478110419473,31.633622521213326,38.73099664034092,18.283875646566692,1.0416630506515503,1.0599335432052612
00006_snr-5,-5.0,-6.074347969273305,-4.670559846658446,0.7746169554963671,0.643488403237865,32.57343456056519,40.17966500125317,27.65061720317644,1.4643135070800781,1.1427713632583618
00007_snr-5,-5.0,-6.2573618468466305,-15.034539217715858,0.6582136125882482,0.4541146390408942,20.58469070964305,41.38798315434648,30.324875188230976,1.0610756874084473,1.0789083242416382
00008_snr-5,-5.0,-4.973088783243822,-4.176752397673736,0.6819675216843508,0.4757895507825116,14.348047682438398,38.08632285650878,30.042633019047514,1.0300321578979492,1.0949047803878784
00009_snr-5,-5.0,-6.365221520858846,-3.756326598118771,0.8177560606941928,0.6157893159221536,5.236219245895477,41.98865078250855,20.2877979458877,1.1016241312026978,1.0943057537078857
00010_snr-5,-5.0,-5.811128766434379,-2.340859380631404,0.638271678899934,0.5440668418204135,14.72412527750591,42.175507425609396,28.53160049877944,1.0549111366271973,1.041823148727417
00011_snr-5,-5.0,-5.625983691231945,-12.672147091963009,0.5334552871839353,0.3345333082886464,18.153705729526422,34.357897768042605,23.713221514607834,1.0614352226257324,1.101860523223877
00012_snr-5,-5.0,-6.450401531454055,-6.80271036951959,0.6025660677649927,0.5115855308936385,22.34696128163877,42.393623826490696,24.491928618938957,1.6568081378936768,1.0497055053710938
00013_snr-5,-5.0,-4.777352708299811,-12.835851201917645,0.4438688015333131,0.33715489634738777,nan,nan,28.21468115859735,2.24407696723938,1.0702627897262573
00014_snr-5,-5.0,-5.229531521526578,-6.431768105889024,0.7371759328771191,0.5700680210483116,-0.19681275669795428,33.79345025237343,30.07603395947695,1.0563706159591675,1.1082446575164795
00015_snr-5,-5.0,-5.356390368871082,-2.6750169566869393,0.8465438452844346,0.7091882314182487,29.307261199729385,42.72517711801464,18.161393285108243,1.1270896196365356,1.0704141855239868
00016_snr-5,-5.0,-6.005529132046989,-6.752230313306866,0.5622218899452391,0.37602014765412095,23.265461175401402,38.60321467913326,23.61064259071128,1.4837275743484497,1.047783613204956
00017_snr-5,-5.0,-5.881710929340224,-4.388577997833906,0.5350784710251858,0.419511516053898,13.522434737753645,44.56334596922635,21.46446039739179,1.0856887102127075,1.0453044176101685
00018_snr-5,-5.0,-5.468904874607774,-4.855429762910936,0.663084419802249,0.5254216055110623,18.009963989030325,35.82463100041722,16.16433982301539,1.0345957279205322,1.0690419673919678
00019_snr-5,-5.0,-5.1103657108360245,-6.772750784691093,0.5274917707640775,0.4694473444244414,26.3751320853994,38.666377660567434,26.040790669486018,1.1216235160827637,1.0718412399291992
00020_snr-5,-5.0,-5.248945471976589,-17.236166774674253,0.8027176344220724,0.46473246955920755,24.496734267761692,27.915057222986782,27.237418237058982,1.6120679378509521,1.2436517477035522
00021_snr-5,-5.0,-5.5623419902810145,-3.9403179569148667,0.8513365721261472,0.7461959577210721,12.595183717578585,15.804298138001283,19.368946755165343,1.2593955993652344,1.5202741622924805
00022_snr-5,-5.0,-5.539835541488997,0.010703683519375427,0.7690714259207942,0.7121152965227026,33.13140263914232,41.14857460917296,22.233885106294967,1.3931756019592285,1.2731256484985352
00023_snr-5,-5.0,-5.388742454272929,-2.5301502489754943,0.6525701967607718,0.45806961406955393,14.972040106113711,40.755744766412924,29.601880192478223,1.05864417552948,1.0589152574539185
00024_snr-5,-5.0,-5.374868419925396,-10.456643278186181,0.6435521224348992,0.5250264647358864,-1.9558497863084476,34.530426220361036,23.283916587527585,1.05130136013031,1.045608401298523
00025_snr-5,-5.0,-5.841623447415907,-7.401435776873867,0.6635987474128542,0.4947658670566039,8.396903426008466,43.432055517225265,21.892201006449387,1.0579910278320312,1.0382686853408813
00026_snr-5,-5.0,-5.906248826637047,-8.85967991846394,0.9415832473415489,0.8283495724925272,44.172136125827244,44.25710671837871,21.803864636405198,1.1774137020111084,1.4008573293685913
00027_snr-5,-5.0,-5.147168970092524,-22.144129611577487,0.549611821244896,0.4365094528377449,25.68841427123207,35.563032374112964,25.72994576645322,1.0302443504333496,1.028411626815796
00028_snr-5,-5.0,-5.507291180050167,-1.819002977329336,0.794900523690066,0.6152650488265603,1.148389888560038,36.31874945749535,32.211942862022006,1.1279058456420898,1.1030718088150024
00029_snr-5,-5.0,-4.8920525709397165,1.234341995931872,0.6753239406051059,0.6408602494905616,nan,nan,17.379725412208376,1.0964019298553467,1.0441081523895264
00030_snr-5,-5.0,-5.1032017046367,-1.7457944085797938,0.8899563382960909,0.6574925164979856,nan,nan,24.225348335894374,1.0699636936187744,1.2456226348876953
00031_snr-5,-5.0,-7.13361401455924,-11.064430012134668,0.5688210484677471,0.3125265416830982,38.91704557629775,43.40747188406257,19.48118866297925,1.090285062789917,1.0849578380584717
00032_snr-5,-5.0,-5.970227275856431,-35.53209845125462,0.8273111988604759,0.5513456454470576,9.031251317254867,42.93728036628475,31.817171065517933,1.037147879600525,1.0845810174942017
00033_snr-5,-5.0,-5.04454165936949,2.66211792272039,0.5197545076114007,0.5853307446165851,nan,nan,16.061603165910498,1.0729374885559082,1.0582841634750366
00034_snr-5,-5.0,-6.213307732598397,1.1721328081884388,0.761674694749516,0.6812251897585305,8.127646063441958,44.77386508595549,25.77420099041259,1.133487343788147,1.0525014400482178
00035_snr-5,-5.0,-5.175866507676291,-6.416671252085364,0.7452414126836503,0.6202829020535869,40.95758202381048,41.154387089248544,15.573940044939702,1.0868549346923828,1.1038445234298706
00036_snr-5,-5.0,-5.073958240219075,-4.306612830172792,0.47911491800294703,0.3419480543315047,nan,nan,17.555917623211222,1.1304333209991455,1.0346837043762207
00037_snr-5,-5.0,-6.516404159527466,4.235737463886762,0.8327868748073892,0.8444812153117459,26.45634255893592,41.22519622618359,8.746757317893872,1.220503807067871,1.103332281112671
00038_snr-5,-5.0,-5.399228843656852,-10.769083644543766,0.7983578241344715,0.6257949376084602,32.77314486215126,37.044466979337855,25.092437587561033,1.1990900039672852,1.1007647514343262
00039_snr-5,-5.0,-5.139185948487913,-1.7518775515488414,0.8523898649608354,0.7370501842734442,10.008850423781194,32.23784301112517,23.139402973762493,1.1889543533325195,1.311154842376709
00040_snr-5,-5.0,-5.5295813603921875,12.00812986491021,0.8807497327082268,0.846361269530761,23.502891476051133,48.784277295721594,16.319624278087662,1.4117146730422974,1.3853371143341064
00041_snr-5,-5.0,-6.220257950820721,-1.9208931525159185,0.7310622876730825,0.7343726995706001,22.725864522717814,39.449780190581144,12.033789393654136,1.4694103002548218,1.3411282300949097
00042_snr-5,-5.0,-6.856291000262139,3.6465853376948374,0.5906619474605687,0.5444382067024834,10.405997984301843,41.108842543856916,14.622564793044488,1.2099248170852661,1.0437195301055908
00043_snr-5,-5.0,-5.541699454603978,-8.086115487470222,0.5582329243440757,0.4002752431015493,-0.8750059358686536,39.12796246263127,28.166184618541333,1.0484280586242676,1.0534772872924805
00044_snr-5,-5.0,-6.824234636702843,4.40944108265963,0.4531383703589911,0.42546740346873074,17.988377756329733,52.71629412008235,14.478745399380598,1.0856680870056152,1.044822096824646
00045_snr-5,-5.0,-6.334694473663784,-0.9485747155042867,0.7953471105750668,0.6825511236953086,8.273775020895748,37.04916167015526,23.45797780087124,1.1286438703536987,1.1070536375045776
00046_snr-5,-5.0,-5.581081972889221,-7.724489847375907,0.5706082799393768,0.4170358739035735,25.219187409544375,44.60390842343699,25.12383498299468,1.2304999828338623,1.035876989364624
00047_snr-5,-5.0,-5.097502158200333,-0.36475624776884075,0.5267907096530784,0.40052173555136683,23.345001284920244,38.76759495443639,23.200039126170275,1.1420115232467651,1.0372997522354126
00048_snr-5,-5.0,-5.209390823116196,-15.848891540213634,0.5553777169425741,0.36654393179929823,34.09665870092851,47.08390570181014,27.4916716831045,1.1165883541107178,1.0415316820144653
00049_snr-5,-5.0,-5.490308814188078,-9.554188092163436,0.5051525224623731,0.2894941192677006,16.525339724659467,30.839150494007708,28.86728092465652,1.1504685878753662,1.0420804023742676
00050_snr-5,-5.0,-5.8906801769943264,-15.091438976561125,0.8465505711707301,0.5736877810593349,18.119127151593645,44.43099254308355,27.742090038826383,2.9767348766326904,1.3577468395233154
00051_snr-5,-5.0,-5.509366593561697,-11.8607503202018,0.5808070492345448,0.4048013289128493,21.28712737165754,39.25999111220487,26.634635610947495,1.0685244798660278,1.045376181602478
00052_snr-5,-5.0,-5.49213982231077,-2.830591199911117,0.8936767142285297,0.7101298894574092,20.07315447362081,44.707342936899224,24.878398505311754,1.0996915102005005,1.4268720149993896
00053_snr-5,-5.0,-6.054243319785622,-3.2377625697099646,0.5891891248372602,0.4908844758472241,18.368210324925343,44.52153613449784,20.249864606476482,1.0454448461532593,1.0539075136184692
00054_snr-5,-5.0,-6.262764350818739,-4.169739963700431,0.6726654337025958,0.5490654547416821,5.220655322131542,41.41168422558553,27.85836947260849,1.0708035230636597,1.0771019458770752
00055_snr-5,-5.0,-6.132507416620213,-5.8411493245358725,0.643453042272001,0.5410030257736163,3.1798868366046507,40.20707806022451,29.512147435193455,1.0672506093978882,1.0517971515655518
00056_snr-5,-5.0,-5.19217130393876,-11.11416669746263,0.6716809815966979,0.4806323407714926,19.90811901974887,41.53687797552073,26.362977045762552,2.82025146484375,1.0918762683868408
00057_snr-5,-5.0,-5.303979488265225,-5.314935474182672,0.9257462857607466,0.8534697585811551,6.572990805763733,19.28727528859808,15.338768602781558,1.0414541959762573,1.042741060256958
00058_snr-5,-5.0,-5.014515434602956,5.712814134175854,0.3596424098161544,0.5521467693856007,nan,nan,18.01077923046386,1.217822551727295,1.151836633682251
00059_snr-5,-5.0,-6.996102271741112,4.215658170005639,0.5563205749919417,0.469206897976883,20.40081408751702,43.42432953395705,15.751324359020556,1.2041442394256592,1.141396164894104
00060_snr-5,-5.0,-5.3910293797322995,-3.9966391718298007,0.9316832130989307,0.7846649774447062,-4.1121200536328235,42.916860860047336,22.360507592717713,1.129688024520874,1.2391223907470703
00061_snr-5,-5.0,-6.31475165504458,-3.835804970329188,0.6263810079740187,0.4559397258615629,13.924480388023833,42.52400654180931,22.9840740224824,1.1133031845092773,1.0701959133148193
00062_snr-5,-5.0,-5.664167306634487,-10.325197699641404,0.7472765493071851,0.5085491637753977,33.28773797642497,44.842621485337915,25.798080986336235,1.633188009262085,1.0544376373291016
00063_snr-5,-5.0,-5.074810915099298,-7.385857600271619,0.6675123258982065,0.45381005884169173,nan,nan,16.407989791085775,1.0554423332214355,1.0422017574310303
00064_snr-5,-5.0,-5.405701770383441,-6.239298100696028,0.8561261203784111,0.6621537147395224,45.195615376517175,51.835427658157485,24.67006152512491,2.337228298187256,1.7818124294281006
00065_snr-5,-5.0,-5.691912635066403,-8.146996487447169,0.8359371452823522,0.6197279065999362,10.043386065933202,41.787453051600735,26.53683277631034,1.0514124631881714,1.063647747039795
00066_snr-5,-5.0,-5.694113151551743,-5.558558861585058,0.588732624407259,0.5252076366022843,12.760900971243235,41.47898695737861,26.285556879932194,1.046038269996643,1.2904921770095825
00067_snr-5,-5.0,-6.458520411412099,-1.6651967653244117,0.6862992195425056,0.5678879103200954,18.2791159064691,38.91900444744718,19.996667582839265,1.0901490449905396,1.0505808591842651
00068_snr-5,-5.0,-5.577459886219806,-8.715354369042883,0.7463088165448484,0.5334312707119517,13.591605297614473,32.48225514947866,27.427592736583307,1.0596407651901245,1.2235631942749023
00069_snr-5,-5.0,-5.780855137297031,-15.36840652326742,0.56404087789864,0.4604948839004822,26.79255928159008,45.09754555199194,28.410672191080753,1.2997758388519287,1.0915629863739014
00070_snr-5,-5.0,-5.629063259807481,-4.211626442822275,0.5630035838245407,0.43761062490905756,10.083251926326561,47.650640723910975,22.43865735736497,1.0396703481674194,1.0848075151443481
00071_snr-5,-5.0,-5.730246901699294,-9.400966161893372,0.7468295587841939,0.6050395945267529,34.815048486845804,42.287602504984406,18.56339783422374,1.0745586156845093,1.1230028867721558
00072_snr-5,-5.0,-5.030281964284795,-24.331010904974185,0.6553080406302364,0.29195320217955956,nan,nan,18.15623549866704,1.5836117267608643,1.1167982816696167
00073_snr-5,-5.0,-5.7623916354100055,-11.92434840069943,0.9297491534992334,0.6685955043201618,48.29411683097288,49.16545334189017,20.84962391738066,1.1400909423828125,2.4172070026397705
00074_snr-5,-5.0,-6.137770699406737,-10.671096980199552,0.8088142508233958,0.5931752590271929,31.38357001089779,44.54705006841702,29.172209071688755,1.081282377243042,1.0962618589401245
00075_snr-5,-5.0,-5.728839159216369,10.191288281162494,0.9569114467019624,0.8915675478452135,16.737390121622933,41.138570385293264,11.021970861768871,1.48808753490448,1.594497561454773
00076_snr-5,-5.0,-6.228964278834898,-10.010770300825238,0.7075184692456271,0.5167023012774917,15.456730678592852,21.632966622710367,16.195457881241694,1.0823585987091064,1.125076413154602
00077_snr-5,-5.0,104.31342102708072,1.8010515208789954,0.9999999999999998,0.771166457073387,-8.73211698365397,0.0,18.951935661846832,1.601909875869751,4.643888473510742
00078_snr-5,-5.0,-6.191398173457397,1.5133340138361617,0.8428305176580705,0.724049427193836,26.51693895532069,39.810141047009154,13.347835547813375,1.092045783996582,1.0446265935897827
00079_snr-5,-5.0,-5.77297683411087,-5.9105119538886575,0.8887184028157411,0.8366988232088597,40.26066853231492,41.932008523448914,19.234582994425736,1.2067997455596924,1.3526310920715332
00080_snr-5,-5.0,-5.763487030959079,-5.697309409001443,0.7192885366582001,0.5359717610756491,5.043303089925058,41.1022396066151,25.02699938735974,1.042175054550171,1.0543370246887207
00081_snr-5,-5.0,-6.324727143304873,-13.508437008292105,0.6381514222598793,0.45003171442399437,29.45122309932976,45.359807546527264,18.00354889391783,1.0249409675598145,1.0253139734268188
00082_snr-5,-5.0,-6.268588598708864,-31.985634376065605,0.8728513940134215,0.5240333787029754,11.617747766835603,43.68781826883638,29.32462302640395,1.197479486465454,1.3635940551757812
00083_snr-5,-5.0,-5.6672781355731106,3.781303037321936,0.6747591951604641,0.6265790642870245,11.20982779333896,38.562508521076055,19.42615286876973,1.133539080619812,1.1474854946136475
00084_snr-5,-5.0,-4.98769460894183,5.366836536547918,0.8129775744489156,0.70549229976998,nan,nan,13.249913093201783,1.1657323837280273,1.1271543502807617
00085_snr-5,-5.0,-5.975525941055926,-6.807897785516134,0.7048119505110565,0.6609328990075269,47.278116282711984,50.13424169314399,13.654773388401376,1.0833348035812378,1.0698531866073608
00086_snr-5,-5.0,-5.236923379061599,-21.884178042568045,0.674659521422755,0.3207803510512396,15.274345514710335,42.52897432333506,23.129722062526017,1.4827260971069336,1.0325543880462646
00087_snr-5,-5.0,-7.1576630005061705,-4.013512317180025,0.6124914579780054,0.5909280680600297,36.003314522359155,44.9600003150973,15.596721867559399,1.0965332984924316,1.0872678756713867
00088_snr-5,-5.0,-5.687650629179066,-10.90037502468311,0.7735056958485715,0.5068644206385053,16.364093029309945,45.819439140078174,29.94608986815365,1.2731655836105347,1.0361634492874146
00089_snr-5,-5.0,-5.6311115708624175,-18.67909611488194,0.5651665517806331,0.3594702502408643,25.30440405293366,36.42995740631504,24.97043249810591,1.6616815328598022,1.0437766313552856
00090_snr-5,-5.0,-5.55880313389188,-13.061053063860532,0.5812238832571341,0.3489893216997105,-4.591228253674126,41.01726403078342,27.977763022819552,1.1988354921340942,1.0868713855743408
00091_snr-5,-5.0,-4.995323131259411,-3.5063487211665145,0.6120648120521408,0.4966976457128675,nan,nan,21.257272100312782,1.032172441482544,1.0283470153808594
00092_snr-5,-5.0,-5.006234748413635,-7.870335459735337,0.825935202838787,0.7797229630258389,13.692754420936925,27.260207510387428,19.002583985601593,1.2384870052337646,1.552506685256958
00093_snr-5,-5.0,-5.23791257398484,-10.958972310335318,0.7427089577416808,0.5478451297325283,27.314716556160977,35.550989577003314,28.299572707709956,1.079857349395752,1.1802468299865723
00094_snr-5,-5.0,103.24065347456809,10.927730165482687,0.9999999999999988,0.9403867429355349,nan,nan,17.736127643137664,3.3642919063568115,4.643888473510742
00095_snr-5,-5.0,-5.275184326403344,-2.475812926550563,0.5286929514135466,0.48113908987080517,19.532535699270607,35.82986522419179,19.241594323271247,1.0405865907669067,1.0460357666015625
00096_snr-5,-5.0,-5.607233198669612,-16.660756430733407,0.6848098656047095,0.47852124651255856,32.31385336243952,42.785014561638484,31.582263234470325,2.538862705230713,1.0418155193328857
00097_snr-5,-5.0,-5.366335906493377,-1.4204966251587527,0.6139622463242492,0.5126366194687688,17.04688567982824,38.361274836328214,23.72072923375287,1.0404205322265625,1.0292257070541382
00098_snr-5,-5.0,-5.112240079006804,-6.738288709868803,0.6204525393925916,0.488004576520828,-7.011149170888223,41.24726176690362,20.356104054323758,1.0301488637924194,1.0428707599639893
00099_snr-5,-5.0,-6.043549698924778,-4.093295073639796,0.6241594612410089,0.5209289003333308,19.201287135807288,42.54421607577038,25.97904930779614,1.041564702987671,1.028041124343872
00100_snr-5,-5.0,-6.393797557007135,-1.392863448844384,0.7550801134582037,0.6169282838632524,11.268457897225266,44.725584482136185,17.21530192204257,1.133032202720642,1.1171027421951294
00101_snr-5,-5.0,-6.737118154921137,-11.841076311785244,0.6483868829345494,0.4658570442510044,33.19378859041937,46.70458687003831,17.699817828880555,1.0446540117263794,1.0635713338851929
00102_snr-5,-5.0,-7.227858339541207,-3.4687763418444644,0.6410297406716717,0.5451332546493413,27.040797640667403,44.05657361889478,21.328671856019476,1.2224310636520386,1.2994590997695923
00103_snr-5,-5.0,-5.233444307440282,-7.55969236703518,0.7703158206479098,0.6515390102969402,31.2371572874693,33.50301972043633,23.01813380475826,1.5850446224212646,1.0988496541976929
00104_snr-5,-5.0,-5.002939032596459,-5.598476461356851,0.5106135711221274,0.4527016965191994,nan,nan,25.96739552224586,1.0646345615386963,1.054855465888977
00105_snr-5,-5.0,-5.09523446668684,-1.1120820608974267,0.5474037900709984,0.5810136928727547,10.078753819061623,34.86276179129352,21.71263412299276,1.076397180557251,1.0345697402954102
00106_snr-5,-5.0,-4.984956358437071,-3.4476002273595583,0.6951238315642458,0.6063845393439831,nan,nan,18.21768539045511,1.069687843322754,1.0775152444839478
00107_snr-5,-5.0,-6.716201649313125,-0.17128390790159778,0.8281370778453592,0.5479351734691776,6.590331723630147,40.54632543655149,19.552361314007683,1.2244013547897339,2.017159938812256
00108_snr-5,-5.0,-5.726754898386027,-5.790156789525033,0.5696537935738967,0.4894763331185651,26.921201900261952,44.331999063309084,22.673734758841245,1.0530908107757568,1.0890743732452393
00109_snr-5,-5.0,-5.135362828765022,8.42179629075264,0.9666861680821917,0.9218490456126284,14.512010823447648,43.667760891040466,12.549172974812372,1.7895911931991577,2.051478147506714
00110_snr-5,-5.0,-5.005197860181688,-0.14778893860644132,0.7076990959943149,0.5700850395612486,nan,nan,23.71301249025899,1.0812456607818604,1.1007517576217651
00111_snr-5,-5.0,-5.82792647487325,-27.07149294530098,0.8058126228059755,0.39475622380958963,38.876722712622296,42.45870892180938,24.33623442169771,1.0366226434707642,1.0390281677246094
00112_snr-5,-5.0,-5.643613052221275,-6.266102351680369,0.721713418323128,0.5756784906809667,-6.682877368686456,24.044891474846434,27.32371681822478,1.0985318422317505,1.2189552783966064
00113_snr-5,-5.0,-6.555536126478364,-13.51528145940372,0.7064812050625495,0.3633765526340047,42.03471283343029,46.96660774180468,21.046840336433956,1.0940979719161987,1.0668833255767822
00114_snr-5,-5.0,-5.242545584230006,-4.608877862654179,0.7260544715754341,0.5772103094599823,21.87211264141893,49.4990661630963,25.396194172320794,1.0603396892547607,1.1037073135375977
00115_snr-5,-5.0,-5.110554839505504,-3.6031865460316674,0.6486218656161195,0.5089718818682044,16.026194044250634,26.407580935070175,24.715330742375517,1.0331686735153198,1.1300030946731567
00116_snr-5,-5.0,-5.9970198157839425,-1.2931485345631626,0.7955520417447686,0.7732543317053664,15.130909488375387,41.16527974850229,16.15678956041254,1.1909089088439941,1.7131675481796265
00117_snr-5,-5.0,-5.881847758519957,-4.2982216675595355,0.6592652821039714,0.49341147007014813,20.202864396601917,41.3609051875051,24.415478056288407,1.0722458362579346,1.0398858785629272
00118_snr-5,-5.0,-5.319691248095543,-3.7804617627741512,0.6356233060932258,0.573970867761661,18.261659835880874,38.452921209476315,21.781045902631444,1.0445693731307983,1.0344794988632202
00119_snr-5,-5.0,-5.27527292216396,-8.151415826324367,0.6157011088056943,0.5216347082598408,11.433033252661636,36.558047959649116,29.16918884565529,2.930392026901245,1.0671175718307495
00120_snr-5,-5.0,-5.083318190594892,-11.941195914513301,0.5651697523274146,0.4694846571091555,5.6429356336004,34.84409070060546,27.165733694245557,1.0568113327026367,1.0941002368927002
00121_snr-5,-5.0,-5.3590579099217,-3.1621329740285615,0.8018693064164244,0.6609956926738006,5.537221837661744,38.325859733725764,31.735236166627796,1.0866336822509766,1.1182219982147217
00122_snr-5,-5.0,-5.247159726762435,-4.279963230109436,0.6739395243473547,0.47215304767765504,10.298383371969823,44.0188751063613,26.853302708738685,1.0351067781448364,1.0308177471160889
00123_snr-5,-5.0,-6.567899661554851,2.0926320340134126,0.6610082465989936,0.6186982118134524,25.381409263357668,39.20026424973214,18.93001024471911,1.1257160902023315,1.0635422468185425
00124_snr-5,-5.0,-5.658730790037739,-14.415924984216407,0.7615461900711181,0.39213802819560195,22.480188072526172,27.44018400565324,20.165072083634993,1.0519415140151978,1.0939874649047852
00125_snr-5,-5.0,-5.947067387359018,-10.265235463954978,0.6531954056932245,0.47441354066569247,22.943570988303335,41.756267688768446,20.877438902591294,1.0401878356933594,1.0535593032836914
00126_snr-5,-5.0,-8.88815565704147,-2.653060264052973,0.6256269792600531,0.5974540958992068,44.995119114788935,53.205769804747256,19.411581001717916,1.478102207183838,1.2630586624145508
00127_snr-5,-5.0,-5.00567449487593,-5.1345053942411525,0.8760753280475503,0.8599654749244382,nan,nan,12.479634001188176,1.1259616613388062,1.107751488685608
00128_snr-5,-5.0,-5.630826118310699,-1.8150498546474143,0.8410789472656435,0.7755685439230294,24.259690639581414,35.8507855203928,15.649472504530939,1.0960334539413452,1.08387291431427
00129_snr-5,-5.0,-5.077839909190728,-8.896405553784394,0.7272594025521679,0.6533883417127034,11.04668282424274,16.66454682282064,20.61232418791078,1.0639269351959229,1.0866471529006958
00130_snr-5,-5.0,-5.7212591983906,-3.055428845843907,0.7958792975791275,0.6447454103388808,6.354280216207444,42.64611859770554,26.102269356156675,1.7245547771453857,1.0343122482299805
00131_snr-5,-5.0,-5.09772258386155,-5.6591964746125765,0.44345444892024743,0.3722020176582409,2.61094946449921,35.22289573483234,25.207902963646205,1.055944800376892,1.0428686141967773
00132_snr-5,-5.0,-4.882034987909601,-1.3560387615196907,0.4433684123994481,0.482183672561405,nan,nan,24.648435929102536,1.0587785243988037,1.0554585456848145
00133_snr-5,-5.0,-5.751382532809793,-4.649069738242915,0.5368993180263886,0.47471006276010197,19.25923491337365,42.858153369816485,25.548934837464213,1.0769996643066406,1.0740286111831665
00134_snr-5,-5.0,-5.504037868419931,-1.3953381600383743,0.8165961990307774,0.7148580056965895,12.523722616477777,38.968642111886425,24.239517068122865,1.4541326761245728,1.505082130432129
00135_snr-5,-5.0,-5.522784917706144,-20.303445903430614,0.6333809366292722,0.25397974020377745,35.684702385652756,43.701721929280055,23.28291534810548,1.0304501056671143,1.0681567192077637
00136_snr-5,-5.0,-5.056242648847707,-3.9346597037455115,0.5628671446409665,0.5010605125851278,8.43610598759298,41.552543970712605,24.021404496189774,1.0395721197128296,1.0340023040771484
00137_snr-5,-5.0,-6.013800739122215,-9.47974491230934,0.6297387372947352,0.42764929324022366,38.69256710461222,45.99800659730608,29.39408507285602,1.1157994270324707,1.0851435661315918
00138_snr-5,-5.0,-6.410877917969478,-7.345721714846453,0.6126576415280532,0.37556388008824504,47.34987298247779,55.525029107297996,22.51938671253136,1.0380109548568726,1.1398413181304932
00139_snr-5,-5.0,-5.916140030051819,2.436498586396246,0.9136647971766106,0.8348215187682755,23.935031141749587,51.82084511263963,18.709788430750205,1.326282262802124,1.8581748008728027
00140_snr-5,-5.0,-6.0066458956310935,-11.969738067272168,0.9068291443338039,0.6485259675700896,11.640046749018133,39.130705804431756,31.423728816080548,1.950470209121704,1.5700581073760986
00141_snr-5,-5.0,-5.924024226380027,-8.459672439948724,0.5123517137234956,0.44178614337843053,25.298296341336027,44.82000402836996,18.740017000576113,1.0450224876403809,1.0245153903961182
00142_snr-5,-5.0,-5.650462216227925,-16.174280633644933,0.6479334745833727,0.36540734131078795,30.689174786513526,36.30743841824338,24.272282908581953,2.138580083847046,1.0401623249053955
00143_snr-5,-5.0,-6.1639541699051055,-11.863062095161556,0.543620426593789,0.20255789616256,18.52051902594893,39.9324807912009,18.734077377307763,1.04013991355896,1.047960877418518
00144_snr-5,-5.0,-5.6512468670969005,-2.019356629284083,0.7551321939618567,0.6347119354049149,14.333754926220168,38.934003071126746,22.174833738929635,1.0698163509368896,1.0393471717834473
00145_snr-5,-5.0,-5.5387799819983075,-17.736482443594824,0.717917690821139,0.4101681529634619,31.015787013681006,42.84724922373806,28.31021324450318,2.195012092590332,1.0670067071914673
00146_snr-5,-5.0,-5.953311283756138,-5.488432402439779,0.7967680569227685,0.7158181067877456,35.02271366151565,43.23203179189044,17.66838326549316,1.10860013961792,1.152359962463379
00147_snr-5,-5.0,-5.2842544216838725,-3.4365366411254685,0.7716174402101447,0.5886373043247934,6.481492518254523,40.11739930056862,24.694726648695166,1.1099097728729248,1.1321827173233032
00148_snr-5,-5.0,-5.579174729691278,4.749340280331522,0.82360500532353,0.7985074261261658,30.982412021553696,40.73854040206495,15.039882051952727,1.5642313957214355,1.2742966413497925
00149_snr-5,-5.0,-6.09103467803291,-8.630356494085808,0.49810400574815455,0.38779696386960494,36.89274454778655,49.49468487644428,15.718868304933725,1.031402349472046,1.051641583442688
00150_snr+0,0.0,-0.7005111544277789,-4.588994679999601,0.785770244500555,0.6116116299207138,20.279900570604443,43.821481520782996,27.47383887348935,1.1335728168487549,1.184276819229126
00151_snr+0,0.0,-0.12286652338989301,7.193563469202383,0.6099454062845467,0.6460514789488875,-6.300607871517709,32.92460249369434,11.584887208308036,1.1227830648422241,1.0597141981124878
00152_snr+0,0.0,0.0849874643707596,-0.11259606432918243,0.8558442013872,0.631285207039363,nan,nan,25.93494797924217,1.135685920715332,1.4097946882247925
00153_snr+0,0.0,-0.13547029210863354,-2.680771155980115,0.6897077631507186,0.5203611215104339,3.481140038349106,33.068825147931605,25.173811611795507,1.0526669025421143,1.025000810623169
00154_snr+0,0.0,-0.22460608766639006,3.1420382854880433,0.8967141547892322,0.88502486194686,28.794881240565818,30.87430437360596,13.917081252668458,1.1802788972854614,1.1301045417785645
00155_snr+0,0.0,-0.14958415176439946,-1.9393251107915694,0.9463058640422392,0.7838040834650337,14.747033794008527,37.17300054809766,24.74972619265367,1.0785882472991943,1.1471229791641235
00156_snr+0,0.0,-0.07021681872725447,1.346701944029673,0.7193889166297283,0.6249286859771257,nan,nan,21.57023744667301,1.1795052289962769,1.2087023258209229
00157_snr+0,0.0,-0.6212515811088654,-1.142796412749432,0.8283217807852515,0.597765847001268,7.7823926733629385,32.54174327068474,21.208747132585263,1.1017359495162964,1.0916225910186768
00158_snr+0,0.0,-0.6105493711912986,-0.5394946083159151,0.6772186843080717,0.5560142456790667,11.454896052295512,33.20825720870991,26.099685199293198,1.3481366634368896,1.1286715269088745
00159_snr+0,0.0,0.008614293120911514,-4.525089921753177,0.6473015561011458,0.5047917287632554,nan,nan,28.5681259822492,1.0555191040039062,1.0809893608093262
00160_snr+0,0.0,-1.0709633382957149,1.411288317537284,0.7332249114213937,0.5949714208681345,13.909843436893192,36.53255462360673,29.269056235113723,1.1205641031265259,1.0895272493362427
00161_snr+0,0.0,-0.16984186517370006,-3.4854101205314962,0.8404005752765575,0.7234511722906436,3.8154070491590995,24.249657055754437,26.075380329673727,1.0763990879058838,1.1003444194793701
00162_snr+0,0.0,-1.489533464561338,2.3658880145174814,0.6123297381544339,0.6129210496780628,19.450838577335038,34.36197119111442,15.907745688564832,1.1733028888702393,1.0791634321212769
00163_snr+0,0.0,-0.03045243514902787,0.06875728072350765,0.7364125014148851,0.6959119125713562,nan,nan,25.001821700132023,1.1544578075408936,1.1367666721343994
00164_snr+0,0.0,-1.1951634249986283,-1.2122759410888049,0.7445054680862245,0.6483526390322991,5.913411049455832,34.11957319527208,29.002956557001717,1.0969747304916382,1.1928244829177856
00165_snr+0,0.0,-1.763568406616407,4.174728788835029,0.7897433727888877,0.6693223459730201,29.66850624067404,43.950878798653676,17.46455985280366,1.1807115077972412,1.1609618663787842
00166_snr+0,0.0,-0.6034667152864697,-1.034070948512417,0.8367244178411839,0.8136934160754441,-9.908429431349944,26.94359633455031,14.21595820971517,1.3578587770462036,1.465557336807251
00167_snr+0,0.0,-1.1633043007962465,-1.0866810145735593,0.7648015448307347,0.7009821196000677,4.414203990650378,35.53216318297726,26.07460596102916,1.0914920568466187,1.1099649667739868
00168_snr+0,0.0,-0.4699607912145718,-2.0536903733038967,0.9357573715699911,0.7505907007569963,24.350897259061682,32.314727588245674,22.52857577102028,1.1448860168457031,1.1132159233093262
00169_snr+0,0.0,-0.8537120325801952,-6.699428500829617,0.7074158526180602,0.5209184862974867,25.11748492755036,42.23924692470561,33.16789301428166,1.038156509399414,1.058652639389038
00170_snr+0,0.0,-0.3646356155118218,-2.629343865150548,0.854049817437197,0.6172006970703493,-7.472524317286565,30.433710920722717,31.278212354734134,1.0914729833602905,1.354539155960083
00171_snr+0,0.0,-2.191576944437565,-5.8467864447105224,0.717242846966266,0.45198804603974907,30.871941472115086,38.91729419405363,23.272059174477175,1.1251192092895508,1.1393754482269287
00172_snr+0,0.0,-1.5900808431545266,-2.00972537234072,0.7886159165828847,0.6210011619660954,33.67720779093546,36.33572071372201,24.758985639292177,1.355514645576477,1.2204493284225464
00173_snr+0,0.0,-0.04764939215602031,-0.39123872104360774,0.6932346997668678,0.6331334081838406,nan,nan,25.69444991223884,1.1071875095367432,1.0686341524124146
00174_snr+0,0.0,-0.7682702397349178,-2.2840926110554465,0.755336599489967,0.6127197108795354,11.462243432329638,37.84447767485848,26.727461896569153,1.0679017305374146,1.057740330696106
00175_snr+0,0.0,-0.8893337773334192,-2.98874592425096,0.8869529804190268,0.7405007547701006,30.60416840610713,32.03188402367712,19.787885984282862,1.168021321296692,1.5103864669799805
00176_snr+0,0.0,-0.6024608695628199,-7.748023362326918,0.7066320873307547,0.5742792130346752,27.868730000936736,33.23522459775431,30.18974302637016,1.1862906217575073,1.0838006734848022
00177_snr+0,0.0,-0.715666232443345,-2.0263214997905927,0.7121957441767498,0.655132877441952,13.087969845609816,30.08147796273592,21.46987096020993,1.0746307373046875,1.0913554430007935
00178_snr+0,0.0,-0.43606130120697034,5.587192829296448,0.8149071859247958,0.8501490778863263,0.5269823517910663,29.751752517891322,17.13573131682476,1.5896575450897217,1.5538758039474487
00179_snr+0,0.0,0.03125795025926559,-0.668743398952619,0.7537681542109774,0.6774963500997713,nan,nan,26.42723184558265,1.177536129951477,1.4474267959594727
00180_snr+0,0.0,-0.49138609914433307,-7.446433264059969,0.8709407385735795,0.641602526613826,25.579679979573832,31.8206724746137,28.788116853514378,1.0538842678070068,1.1204603910446167
00181_snr+0,0.0,-0.9190089173689141,3.11597805824986,0.6718170689044249,0.6274193166661821,15.463706159133672,34.58819296792584,21.74197400756945,1.1903244256973267,1.0857471227645874
00182_snr+0,0.0,-1.9153157175901334,-1.9272991903024217,0.9508362186613599,0.949862783960235,31.32512624239037,31.836557011099153,8.618377107557718,1.7688237428665161,1.6024000644683838
00183_snr+0,0.0,-0.7034747755402613,-7.98171432175765,0.7053181531791214,0.5593909318696196,2.2630356960291125,38.16848346249061,27.410622372276418,1.0416676998138428,1.0313496589660645
00184_snr+0,0.0,-0.3920070546872276,5.022219869413293,0.699616349678876,0.7431459082367319,9.523706028573367,35.961711741725615,17.266062940819914,1.1791104078292847,1.22939133644104
00185_snr+0,0.0,-0.8534745810256543,-2.0146371311342133,0.8941407904196952,0.7490791377641993,31.513530050086587,33.625270109143415,21.774294204246885,1.1086608171463013,1.184546947479248
00186_snr+0,0.0,-0.3981302578982622,-3.131497231236117,0.8945534925601286,0.7177893490901547,9.607228144127756,29.21940263152347,27.592776161951072,1.2874681949615479,1.1330655813217163
00187_snr+0,0.0,0.06287104930277529,-4.154407095675822,0.8359500396659907,0.6918232979579839,nan,nan,31.989243822700146,1.0778899192810059,1.085170030593872
00188_snr+0,0.0,-1.2404252704420196,6.129055493735709,0.8068157866409391,0.8161860633377287,29.37482873887532,47.79119740875335,13.611251239769238,1.145738959312439,1.0293949842453003
00189_snr+0,0.0,-0.2876723433224308,1.4023439000041693,0.9426474699793134,0.7361270529548171,-1.057998913663875,30.69180846327438,26.327422997593143,1.253008484840393,1.5359797477722168
00190_snr+0,0.0,-1.0098608223050944,-0.14978806534176992,0.8820474846483337,0.9146306425693563,36.51299937857042,38.65360885774969,13.74006855681841,1.117912769317627,1.103055477142334
00191_snr+0,0.0,-0.8095341882979596,0.7640798603536649,0.7251904698750656,0.5372111037294384,16.054996417148836,34.57375701609507,23.67227749326875,1.075393795967102,1.0312132835388184
00192_snr+0,0.0,-0.3933914208024212,-2.739960744811415,0.608099050233049,0.5215298274451273,4.136600587535435,34.85163469394809,27.029845538745974,1.1782211065292358,1.1039661169052124
00193_snr+0,0.0,-0.9956634885849353,-1.1318038377378166,0.766221758938592,0.6809053694525925,2.8458028675779428,35.84046466880847,28.042578969562854,1.0724866390228271,1.1005375385284424
00194_snr+0,0.0,-1.0360011457387268,-9.66072153792881,0.6973463266143108,0.5954950246472167,17.192754302448318,36.92772771689066,29.441005476388426,1.0860795974731445,1.0944901704788208
00195_snr+0,0.0,-1.3231344828739071,-1.1103402347602467,0.6683128745058123,0.550651913294903,-1.3971082763007665,42.12903785968201,19.555283880700145,1.1495953798294067,1.20674467086792
00196_snr+0,0.0,-1.271903995845046,-5.116055410938586,0.8712724802620262,0.6288560394728273,31.963670374329922,38.14421815194171,27.11054371040419,1.0907915830612183,1.2535786628723145
00197_snr+0,0.0,-0.5654551318154175,0.6741754716225966,0.9758666897703513,0.7793732810964908,20.7323304703651,39.91778689874463,27.191561121687755,1.5259839296340942,1.7305232286453247
00198_snr+0,0.0,-0.44777400348658636,-6.828917390641731,0.7463131664199698,0.49226783425939574,20.727709831628232,31.697608372791816,25.078402210667385,1.120924949645996,1.0851155519485474
00199_snr+0,0.0,0.05400727145467393,-5.300839967474419,0.7886965452214495,0.5609705541911748,1.719591573277207,35.08188053505699,29.574302478435104,1.072147250175476,1.2206473350524902
00200_snr+0,0.0,-0.48846316127679723,-4.086738227200072,0.7687989298578387,0.645972343671006,-2.222953020780783,30.169541724794367,28.096834844431058,1.074390172958374,1.0641828775405884
00201_snr+0,0.0,-0.5640347025702526,0.02850592757328371,0.7443846506246031,0.588057564758586,4.210974839488434,39.475500199395405,28.1936088455898,1.3562614917755127,1.1257843971252441
00202_snr+0,0.0,-0.44298667424721716,-0.4795105448453834,0.8201175167514804,0.7167799518544543,5.26378790471229,32.20668808814516,19.679446123928205,1.1757745742797852,1.2489733695983887
00203_snr+0,0.0,-0.9054388567213516,-3.3775592880885608,0.8308389074938922,0.5980735806281163,31.346739225595663,38.74955014778124,23.52955827775177,1.1576521396636963,1.0719610452651978
00204_snr+0,0.0,-0.02061439823108841,-1.639762946168959,0.6666756400977101,0.5520992050619645,nan,nan,30.389705750083973,1.073400855064392,1.0822606086730957
00205_snr+0,0.0,-0.22373490987665987,-1.7620162531537482,0.8096153261885612,0.6283030048004751,5.469549007027785,31.89993982315876,29.25613643317175,1.0929356813430786,1.133836030960083
00206_snr+0,0.0,-0.6297503699633269,-1.7124382026600533,0.8106879610807957,0.6144914713215045,28.515108073442054,32.51157293228218,18.405838786526417,1.1261080503463745,1.1179742813110352
00207_snr+0,0.0,0.05028733644094938,5.884257762287518,0.8588670930793877,0.8696199440125351,nan,nan,16.97839094971879,1.726280927658081,1.6386990547180176
00208_snr+0,0.0,-1.1091838924839075,0.5590513254037786,0.7123829606172599,0.5918987964108438,0.9279516677185319,33.20375195391254,28.426305707354175,1.1054301261901855,1.1221656799316406
00209_snr+0,0.0,-0.08526530109946334,7.3846931555854,0.6631485522586011,0.6762980369402128,9.16096476079288,28.10453958576115,15.363031566077167,1.0998172760009766,1.0335544347763062
00210_snr+0,0.0,-0.08242563764553915,-0.09942887451495652,0.9749450319520581,0.9115243553142381,nan,nan,17.463488783386182,1.4196511507034302,1.729224443435669
00211_snr+0,0.0,-1.4526428196132268,4.006722627673074,0.7716657530375968,0.8157221962919953,0.22029245786337837,30.528785615109616,13.13030251961903,1.256994605064392,1.1210637092590332
00212_snr+0,0.0,-0.3895869908538777,-3.8236388097110763,0.710977718687287,0.3399277479352869,7.490150417155302,38.26291638650063,22.606385733410953,1.0422099828720093,1.095832109451294
00213_snr+0,0.0,-0.08539335182620339,6.343770815552014,0.6990762534578883,0.7102633623077137,nan,nan,17.829088848922197,1.1812723875045776,1.1372121572494507
00214_snr+0,0.0,-0.09236375577179894,-3.527215837800744,0.7904728958623317,0.575023464493574,4.062576389291915,19.027477383157937,23.648776169276683,4.514350414276123,1.0683833360671997
00215_snr+0,0.0,-0.9860472031643532,-1.8683928590971655,0.8520643625684279,0.6801162804280773,32.59787517492762,37.82947328112098,26.23492445439714,1.125087857246399,1.3479503393173218
00216_snr+0,0.0,0.13079778564572458,-1.5082953184312917,0.881352706065906,0.7331679826023496,nan,nan,18.869682139320673,1.1392648220062256,1.3517134189605713
00217_snr+0,0.0,-0.7468307217972914,-0.9190393987843972,0.7777631006100774,0.7709902133236073,19.405669972177233,21.524386119300225,13.630427206753783,1.3072160482406616,1.4048231840133667
00218_snr+0,0.0,-0.5515980360300559,-0.5044649987924618,0.6759670866997574,0.5979915759972707,6.421832135394904,32.29230639466056,27.61530470837218,1.090696096420288,1.0881376266479492
00219_snr+0,0.0,-0.044156633930402846,1.1796740314949927,0.8303085265707265,0.772045582378708,nan,nan,25.112306815672202,1.225504994392395,1.3511922359466553
00220_snr+0,0.0,-0.6284450929758678,-7.167859413055445,0.8408554453082429,0.6600806032443286,37.11232784772174,41.08769005538541,24.70259963341402,1.134206771850586,1.3808479309082031
00221_snr+0,0.0,-0.35729250652932376,-2.2659228452045745,0.802286608098739,0.6117889239949216,11.406000900349536,34.12248892459103,25.42988037948394,1.0608818531036377,1.0451668500900269
00222_snr+0,0.0,-0.713889531519062,0.3609692855769115,0.6736309853060536,0.5277283267185279,17.727744820607764,35.677236331155335,22.128128048432362,1.0674256086349487,1.0330311059951782
00223_snr+0,0.0,-1.1473561128740204,-0.5365501234391223,0.6160407424516204,0.5568412292544473,7.197735287299017,38.31207661810751,28.57352362604944,1.0979803800582886,1.036681890487671
00224_snr+0,0.0,0.005336009420235821,-2.7632109760443058,0.8292817091859482,0.6988496129611214,nan,nan,22.623977068259318,1.1671496629714966,1.3465867042541504
00225_snr+0,0.0,-0.6137550412149021,1.9739828316167995,0.9060054729601639,0.888659543488448,22.908344809479363,32.55118099882642,10.678136967001329,1.148130178451538,1.1941395998001099
00226_snr+0,0.0,-0.5487488751864874,-3.2538049411732684,0.925919560804312,0.7758048923671997,22.6223286197407,36.481981037988724,26.21333121933137,1.070256233215332,1.1114380359649658
00227_snr+0,0.0,-0.7747490197414831,4.072578469476597,0.6706402075288566,0.5953745195882392,12.262638083989291,30.112123097646588,17.367511544973414,1.0789878368377686,1.1011364459991455
00228_snr+0,0.0,-1.1949631466097335,-3.526937294735157,0.9135043141223038,0.720321647679222,29.68168375879411,43.78361137335595,29.54084316059893,1.1496286392211914,2.0910935401916504
00229_snr+0,0.0,-0.7919968586223942,-2.9272387151424306,0.6501217127923675,0.6516020859513807,5.823784726884323,30.090788883908722,17.666533700346246,1.0865248441696167,1.0869303941726685
00230_snr+0,0.0,-0.02273460804460174,0.0327796213409889,0.8234750300583104,0.6752114954196429,-3.208818257838268,29.338573257887806,17.167910598335705,1.210574984550476,1.0868219137191772
00231_snr+0,0.0,-0.08109063674383865,2.940695544163683,0.6557727222912867,0.6905690651538426,nan,nan,20.77721419090822,1.1741752624511719,1.1161860227584839
00232_snr+0,0.0,0.07145029354809435,-2.8363050130842025,0.6973916377913956,0.6197729322125628,nan,nan,31.810983201302708,1.0678654909133911,1.1460905075073242
00233_snr+0,0.0,-1.0563917031941443,2.0232107798231596,0.9568331829681017,0.715679703182771,8.46211213850305,16.387366060338916,13.693818542067794,1.1135573387145996,1.113990068435669
00234_snr+0,0.0,-0.008014421919785117,2.947594562556282,0.6701191174811558,0.6383690961957165,nan,nan,21.00480035487418,1.1554701328277588,1.2092056274414062
00235_snr+0,0.0,-0.4716278232926884,-3.234214677160044,0.8146875846657944,0.5774116738735449,23.15099869415462,32.297995705514396,28.92149754033425,1.118106484413147,1.1200900077819824
00236_snr+0,0.0,-0.8159687572843501,-3.6507367444573395,0.6544456278718142,0.5800453643205242,-1.4065549170901794,32.23258109173042,28.878286301151856,1.1030105352401733,1.1087104082107544
00237_snr+0,0.0,-0.6368883331828913,-3.5965697850369645,0.7158487207272557,0.5737182661997227,16.200397465776394,33.38207013728527,31.576023619420276,1.1198217868804932,1.0837281942367554
00238_snr+0,0.0,0.9794814383062425,14.767693527586198,0.9810003656468791,0.930888777517825,-1.7266577184718415,38.12613684346707,13.422272768442474,3.2372095584869385,4.389843463897705
00239_snr+0,0.0,-0.3620423464906075,-1.7907016123483257,0.7412734567918188,0.7229147574828492,6.421378125010239,36.072166331801185,25.706886452263852,1.093299150466919,1.1361026763916016
00240_snr+0,0.0,-0.13323255949386342,3.056578825710165,0.9376037707299016,0.6875456096316537,-7.575999326240893,0.0,19.39709375558157,1.2289875745773315,1.8928401470184326
00241_snr+0,0.0,-0.5283587575009778,-3.1627081123487013,0.7016281351506545,0.5719837624231614,-4.289624103663104,35.77756266630024,26.6127496555274,1.0543774366378784,1.039307951927185
00242_snr+0,0.0,-0.6007536588392794,-0.11116625187668777,0.7263763823209475,0.6553663344689111,-6.26704441335828,31.491137174597092,28.16990373047641,1.0722894668579102,1.069553017616272
00243_snr+0,0.0,-0.7149355628545895,-2.51722599976234,0.8676402747057265,0.6815302286825768,8.644293615895712,41.89156327643396,31.73539351846149,1.0711532831192017,1.0646026134490967
00244_snr+0,0.0,-0.1647489001698141,-0.083518919028944,0.7864436928884792,0.5657963048374931,21.015961079858915,31.68570218894816,18.30952949427029,1.059877634048462,1.1361829042434692
00245_snr+0,0.0,-1.9432395091191714,0.6107308363562557,0.7755937334013937,0.6345495771392606,33.179979860121136,39.053469683248906,28.24182817261477,1.2496209144592285,1.2032067775726318
00246_snr+0,0.0,-0.8258143737310596,3.8402419405487027,0.6338780226602929,0.6088813005913686,1.9498767437097064,31.00094983103206,25.491762910897,1.2205442190170288,1.1602665185928345
00247_snr+0,0.0,-0.8858181900606823,8.676906239838392,0.9149538248227185,0.9136502080238321,8.76745141538317,39.283588706325666,15.432857101367809,1.4138494729995728,1.171006679534912
00248_snr+0,0.0,-0.03666282173773283,-3.191777791974799,0.8740528412265516,0.6208165237266089,nan,nan,31.365183922516927,1.0646899938583374,1.1793818473815918
00249_snr+0,0.0,-0.025816934455795415,0.8602760795824289,0.7101606439678811,0.6718412626014929,nan,nan,24.976149871560416,1.0956218242645264,1.0506391525268555
00250_snr+0,0.0,-0.44990552586675053,2.1821010689671345,0.6720022508596037,0.5934760771000307,5.923482153507271,41.15868945216262,18.167940164896514,1.095227599143982,1.0652496814727783
00251_snr+0,0.0,-0.600957415760318,2.7602001144650252,0.7667085383846738,0.7770151068450791,11.289332233830308,41.074048594656254,14.493615224800262,1.1652268171310425,1.0681747198104858
00252_snr+0,0.0,-0.41805793147472264,1.2241761936568287,0.7012336150467762,0.5091396260974537,10.536768872096218,33.02300482608223,20.96037079109829,1.0621920824050903,1.116300106048584
00253_snr+0,0.0,0.1423255465172425,3.330964898760376,0.8915606922616339,0.6947234228685184,nan,nan,22.437677918242205,1.1935986280441284,1.191913366317749
00254_snr+0,0.0,-0.7923383024787141,8.61020716185799,0.9055268771547466,0.8425486056898743,6.739818181314482,30.898831273733226,20.47998231927836,1.3262243270874023,1.3334463834762573
00255_snr+0,0.0,-0.8328886477079382,-3.1793603337541247,0.8916323209324191,0.7303648218692772,4.398456556622428,26.219697906613412,23.85863526885828,1.1854517459869385,1.593042016029358
00256_snr+0,0.0,-0.006639244815522062,6.1080727960170105,0.9847784553467295,0.8971504166526444,nan,nan,12.428937634624566,2.179657459259033,4.206490993499756
00257_snr+0,0.0,-0.09828408060217966,-1.832358702629856,0.5585781696192851,0.5539951701025982,-7.604219128767117,28.135701223136206,27.524452944981018,1.1130387783050537,1.1414308547973633
00258_snr+0,0.0,-0.6252308321347335,-1.909647950668365,0.5781793869723146,0.5511589552403741,0.8836092314628969,34.000070553947516,25.804946679611756,1.0863831043243408,1.0624700784683228
00259_snr+0,0.0,-0.2768333490743005,-3.6929731200895555,0.9503957842262875,0.7276267393868956,7.427987307338243,34.27962802755734,30.005398181516277,1.1317329406738281,2.7664742469787598
00260_snr+0,0.0,-1.5570901480860577,5.223671182378146,0.9681645851223472,0.8992539095612522,13.180259988554525,41.97291490028454,11.168752836596425,2.9026412963867188,2.3705027103424072
00261_snr+0,0.0,-0.6973649764174483,-0.4406105621600117,0.7383450936285868,0.6884094643668571,-5.327748571294739,33.97131016801789,25.628039419911698,1.0916142463684082,1.0719505548477173
00262_snr+0,0.0,-0.055185746992284304,0.29665869706848835,0.8257859618562388,0.8386694623579034,26.324388630106974,33.328317639180966,16.18425771084347,1.096787452697754,1.0861955881118774
00263_snr+0,0.0,-1.6612514425926324,-0.20421041987990324,0.7733988012161378,0.7630581732554902,35.754035384096845,38.63672542695164,9.19230862667633,1.3110209703445435,1.2623838186264038
00264_snr+0,0.0,-0.6659249636871002,2.9631239050694216,0.7374621746923057,0.7676241072709934,26.88672281546015,30.212495281448355,13.21990081051212,1.2452374696731567,1.1339198350906372
00265_snr+0,0.0,-0.028092342330446024,2.9951866976857517,0.4769544186261729,0.5384292251253314,nan,nan,16.79438214145571,1.0796141624450684,1.0530139207839966
00266_snr+0,0.0,-0.023621186678182502,-5.338972878386592,0.6483251114668767,0.4915728521880145,nan,nan,16.016947389712467,1.0522557497024536,1.0663546323776245
00267_snr+0,0.0,-0.7417244764712572,-2.389100090780181,0.6622027188890626,0.543114702591468,11.137960820515662,33.18039206635373,28.920762160227547,1.0690470933914185,1.0701895952224731
00268_snr+0,0.0,-0.3116766067916777,-1.6899093045724465,0.8028308101395588,0.692454773868167,9.364214007919651,30.03593910022458,26.019235870383884,1.0837671756744385,1.211701512336731
00269_snr+0,0.0,-1.4017179366069308,5.571588330637187,0.6355480746251464,0.7531150356062215,18.885552277068747,45.368775277062184,16.030511378824666,1.1621359586715698,1.0856579542160034
00270_snr+0,0.0,-1.8552978426650832,4.965616261642101,0.9360730066193564,0.9077996487983544,10.367654584840311,37.134598458797036,9.958725118367473,1.4203805923461914,1.3747210502624512
00271_snr+0,0.0,-0.6040561328159483,-4.164371989242601,0.7948037533563883,0.698984140967121,17.77236091722909,30.195911734599118,19.48623492538603,1.055989146232605,1.0520014762878418
00272_snr+0,0.0,-0.6549034853420849,5.564472703033353,0.9251107846032359,0.844457295058955,-3.8011107702421447,33.53370953758824,13.713549308581383,1.4808990955352783,1.705163598060608
00273_snr+0,0.0,-0.0839099923687138,6.5090172017977395,0.6829829552705227,0.698998763089836,26.539661286166336,34.517909367462345,19.161431169325162,1.0732771158218384,1.0464012622833252
00274_snr+0,0.0,-0.3336543134869737,-1.2233964725837285,0.7960257773670899,0.6979590261089327,-1.3459346660395985,32.640712440733026,26.31966359608797,1.0841515064239502,1.0852818489074707
00275_snr+0,0.0,-0.9643802263009505,-3.9021080538070145,0.77037509419464,0.6512293432000583,35.78892903012135,38.78125852072237,15.756566904794326,1.1258498430252075,1.1837552785873413
00276_snr+0,0.0,-0.09980768533944044,-5.873764129612221,0.8251382850356291,0.5275354344591447,5.4349204839142065,28.20595586651081,24.63924414119726,1.0878225564956665,1.3212437629699707
00277_snr+0,0.0,-0.42930225514992143,-7.5136839739290995,0.7187204277492246,0.44384809290087995,35.312874213662,39.006901986786275,26.55457360602623,1.4610235691070557,1.0817598104476929
00278_snr+0,0.0,-0.5118536895862825,-7.487345789443246,0.9208951741390001,0.6249970456705491,-5.705622958894806,32.31058005325221,27.173928828860983,1.0815874338150024,1.1049386262893677
00279_snr+0,0.0,0.04812033791285423,2.7881275326576995,0.6206724897512138,0.576054080083003,nan,nan,17.391280822582647,1.1250519752502441,1.0554656982421875
00280_snr+0,0.0,-1.1836772519272083,1.5724085492038873,0.8367114388603941,0.6579704905956405,8.162655249459558,38.55201615308098,26.83759701668579,1.1082863807678223,1.069679617881775
00281_snr+0,0.0,-0.12860752745492315,-0.2858411729422716,0.8479228971500259,0.7219959783620842,-1.6653463116657634,35.12736994538754,24.755455407304193,1.120941162109375,1.1385221481323242
00282_snr+0,0.0,-0.2836213312398522,-4.7014701737830435,0.9126688935014415,0.7020803374749796,31.70152611939226,31.897925433356775,25.7763557925325,1.0896750688552856,1.235124945640564
00283_snr+0,0.0,-1.269565430667474,0.7811498785325911,0.9902051396858822,0.9168197141067888,17.97061404834798,36.96472988098248,9.579567424297865,1.770308494567871,2.5837442874908447
00284_snr+0,0.0,-0.8315096327914663,6.819132290632377,0.9879057048483182,0.9119232530674317,10.277627389020218,41.6132400446366,13.142257138710427,1.9281888008117676,2.306910514831543
00285_snr+0,0.0,-0.03823439725799717,-2.1257522345714728,0.5871396941472881,0.4895266937069351,0.8762121029515973,33.96188565102927,24.54668039057444,1.172610878944397,1.1242659091949463
00286_snr+0,0.0,-0.0387580975851299,6.666620336200108,0.8277822884637713,0.7828054803834366,nan,nan,23.49121156904711,1.2759919166564941,1.1073074340820312
00287_snr+0,0.0,-0.8647614159808247,3.9675607477314307,0.8349727396134077,0.8253387347369977,29.25369290912707,42.57244127930727,15.611835494136661,1.110797643661499,1.1067907810211182
00288_snr+0,0.0,-0.01904347028787749,3.071978874544676,0.6926816834444369,0.7802452659739846,nan,nan,17.438233336685908,1.2747198343276978,1.0783406496047974
00289_snr+0,0.0,-0.5272008888272588,-3.290916544532423,0.7143720291735296,0.5234275040640735,19.627740243100366,34.741460222365006,22.66585719334025,1.0503981113433838,1.0686944723129272
00290_snr+0,0.0,-0.01231496061858531,-2.5145169281550612,0.7360854955302301,0.6127839634774426,-7.696242886195035,16.866741004005494,28.880135334929786,1.070894718170166,1.1365532875061035
00291_snr+0,0.0,-2.0737868124428975,-3.562277991039469,0.9600517709095165,0.8587097210181491,41.641607102772596,42.33992690077859,12.917630593068601,1.1105948686599731,1.1553056240081787
00292_snr+0,0.0,-0.6428139096471674,-0.7313390563470713,0.9317021132505668,0.6465964154307904,8.432461584153456,39.94087141467436,17.47616091047092,1.1001781225204468,1.4115378856658936
00293_snr+0,0.0,-0.6092396735352618,-7.6978704875972515,0.8031995532002751,0.6553040569636415,23.215056795442376,30.098836782800756,28.939105445478834,1.1159553527832031,1.3581876754760742
00294_snr+0,0.0,0.023581792693248803,-1.1782400567128324,0.8734793785678111,0.7139922644566961,nan,nan,30.292654011907562,1.093538761138916,1.1017823219299316
00295_snr+0,0.0,-0.8459143730629999,1.4146855309420603,0.9526098938969906,0.8004256775601395,2.120367852471211,40.50177453973315,26.562388825528714,1.3035627603530884,2.699633836746216
00296_snr+0,0.0,-0.5062999669308897,0.24154706138694995,0.8970571646891554,0.7504475349457523,10.05716165859292,34.84198220220023,24.983689552954957,1.2036607265472412,1.0748484134674072
00297_snr+0,0.0,-0.005055747951374322,0.9549193775960076,0.8695282665091904,0.7202470508045994,nan,nan,22.53750005813646,1.1443815231323242,1.259434461593628
00298_snr+0,0.0,-1.1325766012693408,0.40554260318622004,0.7573402362361306,0.618123137017857,18.36326599531516,37.6449903330664,16.45726735686465,1.0759568214416504,1.044231653213501
00299_snr+0,0.0,-0.3962858505540043,-2.396963516124544,0.9278287635361809,0.7141030182151444,8.648483417296486,30.76010417470034,26.457513312628386,1.1454664468765259,1.0811396837234497
00300_snr+5,5.0,4.527270956379573,2.1591134320125644,0.8198205560236125,0.7456808619575945,14.10015680477337,39.76778676404376,27.446498665083197,1.1829967498779297,1.340219497680664
00301_snr+5,5.0,4.9675475151860145,-0.9207769281689536,0.8395638913555572,0.6633297258223901,nan,nan,30.048304514654983,1.1005144119262695,1.4910105466842651
00302_snr+5,5.0,4.56937903236427,2.059623037756943,0.8926936505211658,0.7141910286281665,14.999648321392755,25.26519630868856,23.87491878622437,1.111173391342163,1.1469361782073975
00303_snr+5,5.0,4.075194172741695,-2.643227158841329,0.7885658068946084,0.6284026963009257,18.960267853351183,30.567845876650228,24.735886406820427,1.0916730165481567,1.1242488622665405
00304_snr+5,5.0,4.187773400558903,9.665340221171192,0.774749378919368,0.890683886754034,11.847725369042031,23.9582540923005,11.629822195485227,1.4609085321426392,1.1297231912612915
00305_snr+5,5.0,5.117236100466221,9.024749144604336,0.7696223204285064,0.7376527333651905,nan,nan,18.204761736093985,1.3335434198379517,1.1223394870758057
00306_snr+5,5.0,4.2990754947420555,0.9947884563540494,0.8473804727197163,0.6830442487866245,31.868234605108555,34.49812239171787,16.59208665232661,1.1106208562850952,1.1134004592895508
00307_snr+5,5.0,4.273001777234674,-0.4950743219878392,0.961337337693465,0.7085643657896228,14.862430086516351,26.72401743059316,28.170425422470686,1.1648046970367432,1.3524634838104248
00308_snr+5,5.0,3.690799079437028,1.2102923929422653,0.766625731220061,0.6140205784443752,13.676635594548493,32.763253840426756,22.26188449359565,1.1668237447738647,1.1411058902740479
00309_snr+5,5.0,4.207814857257145,-0.36743202787923046,0.7695952133184374,0.659177015976835,9.317183261271214,29.741463262110535,21.935876955417626,1.1262187957763672,1.1460546255111694
00310_snr+5,5.0,4.491484177614956,7.8530677978185395,0.96036455832889,0.8502854568223355,25.379331458642188,30.68304109218831,13.262110042650923,1.5507824420928955,2.005502700805664
00311_snr+5,5.0,2.4678452950728635,2.240030617959135,0.9870186960633793,0.974106201475088,32.82091900417322,33.31713902008686,6.935375772223477,2.810063362121582,3.15952467918396
00312_snr+5,5.0,3.9376947212414897,2.608283483175233,0.9152125647331584,0.7965696675109587,22.094815511725887,31.44055844690396,20.422281798063675,1.2510086297988892,1.2925390005111694
00313_snr+5,5.0,4.492358794889283,6.980078024989825,0.9260048140378463,0.8178950575070535,8.542129678100755,34.757699713269645,16.182012827291878,1.2345558404922485,1.2944509983062744
00314_snr+5,5.0,3.3351933247681416,-3.480168504547424,0.856689130775482,0.5740834496976287,16.1399726232803,39.82679772824035,30.51514505683511,1.1168570518493652,1.3730016946792603
00315_snr+5,5.0,4.833222054523308,-1.61728020352204,0.8632012745766338,0.7721243954391162,-2.5700385182800902,28.747659037728702,31.708053826947634,1.4261558055877686,1.3459655046463013
00316_snr+5,5.0,4.688220714669262,-1.9993473918646922,0.8598078103645403,0.6628832813098746,2.5834212583930007,25.414892747041456,26.58461831036222,2.6605029106140137,1.1464855670928955
00317_snr+5,5.0,4.296866388032888,-1.2631477391433528,0.8921104125416488,0.638940983824073,29.694507344307254,35.821367075121564,27.80767243870628,1.215589165687561,1.1494566202163696
00318_snr+5,5.0,4.9913858240364615,7.842272843833532,0.8493331348612794,0.8347658925904377,nan,nan,14.334068610908036,1.4187214374542236,1.2706493139266968
00319_snr+5,5.0,94.79458069197656,35.20164667782097,0.9999999999999999,0.9992590915454697,-5.531224227598392,0.0,7.353628948075838,4.3879594802856445,4.643888473510742
00320_snr+5,5.0,4.046174485420004,2.164687283014405,0.7834308286828635,0.6591375540490502,5.214340112284118,27.84118518843451,26.12117561358765,1.1291775703430176,1.0583972930908203
00321_snr+5,5.0,3.9064926076670794,3.716987834295912,0.854400483858957,0.8763144675727088,21.3790909933629,24.680196051959506,15.98928634402133,1.1189448833465576,1.0996595621109009
00322_snr+5,5.0,4.9778416823548035,7.787252126144453,0.8464771645992207,0.9050479650992448,nan,nan,16.181756457183546,1.6770210266113281,1.806257963180542
00323_snr+5,5.0,4.15677914858114,5.668727711250213,0.8852314453811584,0.854011950756198,18.124458717615127,24.93889521141149,17.133510836904097,1.4021559953689575,1.4494919776916504
00324_snr+5,5.0,4.566352307151985,-4.75276737680726,0.9091891523863418,0.6774922827693546,11.347618838081994,37.50918258932494,27.44000185047872,1.0617492198944092,1.3544813394546509
00325_snr+5,5.0,4.743511887055912,8.026148593407418,0.8820059435753529,0.7941759475628286,0.10267528740619145,27.388756786682443,16.412310232759616,1.317845106124878,1.290342092514038
00326_snr+5,5.0,3.809357639470994,4.481541380092078,0.8426218307274908,0.7490930336456152,5.033928792205274,29.397266091788815,25.251204260542064,1.1468720436096191,1.1186069250106812
00327_snr+5,5.0,4.9937981289936255,2.9692177679653113,0.9790298374382168,0.7619750926995135,nan,nan,27.920953291624276,1.173743724822998,2.5676498413085938
00328_snr+5,5.0,4.123704296632498,14.259334409676194,0.8947700230056471,0.9034596407693686,-2.246620624474628,24.17068365358781,17.5781838694961,1.8849464654922485,1.3445484638214111
00329_snr+5,5.0,2.7684915035510183,3.723931151119537,0.9458207927913687,0.9598828650799677,40.091792237801315,41.44798012844616,8.224300749535931,1.438866138458252,1.374219536781311
00330_snr+5,5.0,4.088620409477933,1.6532577468207135,0.9073369747230727,0.7472574377014396,-4.654583426826176,28.47052248425825,27.0617592362892,1.1612615585327148,1.185542345046997
00331_snr+5,5.0,4.966980008753488,1.6701746893208904,0.9354438585677538,0.7482778510982614,nan,nan,21.76906558596717,1.209571123123169,1.5635275840759277
00332_snr+5,5.0,3.9646237736666263,6.796935170195314,0.7413167947814729,0.7747160903417664,25.86607701059583,31.629919060749707,12.056763552869828,1.215095043182373,1.1832685470581055
00333_snr+5,5.0,4.6328914660725955,6.044932759869408,0.8398784988854605,0.7952874846470647,-9.079144507846701,29.0204149813415,15.977781554772408,1.3300880193710327,1.2018380165100098
00334_snr+5,5.0,4.353678627700603,8.205700977070874,0.898419663075722,0.9208485158477208,-1.1076890081863446,15.400281574787032,9.81963134775503,1.8895578384399414,1.6704597473144531
00335_snr+5,5.0,3.3455833711480762,11.150453861817782,0.8789541076084926,0.9073113242348472,21.989170237721684,23.770335936623827,11.894795601101567,1.3393502235412598,1.2907373905181885
00336_snr+5,5.0,4.894880079055649,4.473707422921064,0.8132621168958148,0.7702131798121332,5.869417597978893,37.69391959066994,23.379569139311524,1.1739414930343628,1.2370154857635498
00337_snr+5,5.0,3.85949179836604,18.875606657673902,0.9999999999999998,0.9383497152734026,8.979711064520902,47.29327219886598,10.308831050600483,3.0465502738952637,4.459099769592285
00338_snr+5,5.0,4.2233836341496325,8.282445939104004,0.9726975238459439,0.7805665518083588,6.0626120092476254,36.20200429964372,11.22998207401036,1.5475350618362427,2.4370288848876953
00339_snr+5,5.0,4.958576482653298,-1.157193690357428,0.8666701419130783,0.6739837752133935,nan,nan,26.291488585002423,1.1313011646270752,1.3712109327316284
00340_snr+5,5.0,3.866443284261549,2.1055615919181605,0.9094442679988187,0.7571195011752346,10.346515134186728,30.626628294735795,26.601046343304134,1.1419343948364258,1.16038179397583
00341_snr+5,5.0,4.285342802063884,-4.804156974756941,0.8342665232882629,0.5803347769972972,0.1939651192630894,32.369272901929605,26.206880890326993,1.0631515979766846,1.101777195930481
00342_snr+5,5.0,4.952376257321344,8.442622425601991,0.8734518345673891,0.8565718009843538,nan,nan,16.194932028042803,1.5123140811920166,1.5145412683486938
00343_snr+5,5.0,4.666923318926951,3.7404660213079133,0.8399821823522517,0.7465485100582545,-4.691142722391622,30.697921318588627,15.646450902821472,1.2214083671569824,1.2971737384796143
00344_snr+5,5.0,4.724639062071428,-0.9255226542615212,0.9195230678103756,0.7228611208497726,-7.419835627377331,11.315916109894744,30.71488429024482,1.1298556327819824,1.8442649841308594
00345_snr+5,5.0,4.465875068473971,1.69716268791663,0.8114057963055558,0.6990017952756404,14.059523188937955,30.631944503345274,25.2185157265801,1.1220731735229492,1.3238279819488525
00346_snr+5,5.0,4.121689159932739,-5.478748658676929,0.7666145546265751,0.6009333242863126,19.520257154580733,31.25755245925849,29.45407674381473,2.1456267833709717,1.1132174730300903
00347_snr+5,5.0,4.942884972949168,7.020467087001919,0.8226204356653363,0.8658256391243955,nan,nan,17.764956506157787,1.5541574954986572,1.264631986618042
00348_snr+5,5.0,4.284203489503321,-3.812050118466341,0.858191428220208,0.6920212975067679,15.85872725003889,33.76022878547446,33.64793424541843,1.0621120929718018,1.1155978441238403
00349_snr+5,5.0,4.047802684563619,10.441975587687022,0.7849293920276426,0.83916198063781,-2.077423090201929,30.402762219503693,16.37026320852126,1.5756187438964844,1.1352407932281494
00350_snr+5,5.0,4.168647534453909,7.2367033793416216,0.9142405221881746,0.8409288771342567,-6.7547876155493904,31.79220313038647,19.99217696223512,1.6533746719360352,1.2445166110992432
00351_snr+5,5.0,4.335773732675357,1.5647867869011958,0.9201265121304558,0.7042607351491512,24.792378080374,29.770903935896055,22.745282849059176,1.3644495010375977,1.3984589576721191
00352_snr+5,5.0,105.42834363742597,27.974756835880413,1.0,0.9954757133417864,-8.446395031869953,0.0,9.054509329957384,4.280663013458252,4.643888473510742
00353_snr+5,5.0,4.4448184967893996,0.004781608108801203,0.9280451144992349,0.7563910427712589,6.061962532131419,33.93323333398634,26.319424508941008,1.154289960861206,2.6437840461730957
00354_snr+5,5.0,3.4303268587843454,10.150120298685998,0.7241542410142354,0.7468469875774432,-1.5840129096499505,32.628577614565536,14.160894817265092,1.3865265846252441,1.136998176574707
00355_snr+5,5.0,5.00788083341004,0.13408585711287013,0.689192358068274,0.60049914524748,nan,nan,26.509062856472042,1.1238985061645508,1.0991884469985962
00356_snr+5,5.0,4.70863066399062,4.576821008677022,0.9722373370135763,0.8782917106893431,-1.9108314872381162,7.7873191884450605,16.86606744927093,1.5322070121765137,2.0599052906036377
00357_snr+5,5.0,4.900801729643842,1.3519680074157332,0.6985305164885246,0.6279142104746734,nan,nan,18.063920858281392,1.1685492992401123,1.1150010824203491
00358_snr+5,5.0,3.959741417493702,0.3476754457893281,0.7804699965258305,0.6760764767154851,-4.99797872346407,30.782046129187115,28.23304640061502,1.1303348541259766,1.2763409614562988
00359_snr+5,5.0,4.3782130267644,2.4313047565430397,0.8541424844469939,0.5750730185274177,-2.1649501536167666,18.337613331357858,21.573795695175203,1.2589750289916992,1.2425428628921509
00360_snr+5,5.0,4.178212322092118,-1.8223669589161904,0.7422082197996677,0.4699142957903759,9.464249112624326,33.956273090488345,26.568159933611124,1.1505986452102661,1.085881233215332
00361_snr+5,5.0,3.6605125701700825,4.738862215067453,0.847635519471616,0.8657055291862576,16.205445484274513,23.014072924158206,12.622746564949807,1.6475586891174316,1.402706503868103
00362_snr+5,5.0,4.062704182157986,6.799888031630949,0.8246721778799984,0.7973056423781356,-2.204462151678831,26.566380013836707,9.93931734116133,1.3597197532653809,1.1578245162963867
00363_snr+5,5.0,4.197664406567231,4.036947181249765,0.9024252747320429,0.8200471876743499,21.003139066663728,26.716204192393626,20.904320112424017,1.2796955108642578,1.317917823791504
00364_snr+5,5.0,3.5746442383055994,6.387695513511736,0.9594667014220845,0.8561839185811682,32.38950581578273,38.02669838932943,13.403691662118867,1.7672622203826904,2.296980619430542
00365_snr+5,5.0,4.891928923291223,1.8313140182285748,0.8301251228673556,0.7276266575540786,nan,nan,23.862655735514448,1.1382580995559692,1.214475154876709
00366_snr+5,5.0,4.97048784802055,4.946461324631636,0.8349116098682127,0.7350124806417986,-5.221603464619066,24.66620919880308,17.942738044134295,1.233952522277832,1.3369532823562622
00367_snr+5,5.0,4.938162514824948,-2.965444386537298,0.7600039043206205,0.6220908013087078,4.133417203739831,28.255049674587337,31.30640800233571,1.097717046737671,1.1342337131500244
00368_snr+5,5.0,4.081937686169584,0.74352535635022,0.8230613156220349,0.6601279347087088,-11.220357560194662,23.989440184798546,28.291650789812124,1.1678599119186401,1.349705696105957
00369_snr+5,5.0,4.93103633925047,0.7711849668799173,0.9158272088182933,0.6434273988745207,nan,nan,18.879629447468897,1.211040735244751,1.1132028102874756
00370_snr+5,5.0,4.393613473878695,7.953789943418118,0.9485590018862735,0.9229124339194256,-7.000301281283532,25.548804089079677,14.737787341415316,1.568207025527954,1.5101268291473389
00371_snr+5,5.0,4.396815323916378,3.4474548744331237,0.8828264726874301,0.8186329313847945,34.02147881770207,35.817794115939485,9.41234236107962,1.3954226970672607,1.5093498229980469
00372_snr+5,5.0,3.9257500032265065,-3.778712167603773,0.7925908114802162,0.589476063633584,21.104598335947973,32.58255126446036,27.806193451126507,1.061754822731018,1.142963171005249
00373_snr+5,5.0,4.201130600565824,-4.884023267943316,0.9123526448484623,0.7126886526292401,24.567158193279365,27.57882225390145,29.342529542064536,1.1125609874725342,1.1864817142486572
00374_snr+5,5.0,4.374952799742997,11.337583331085902,0.7938080271701927,0.8709962176579712,-2.293879618244668,36.792436094336736,14.347823837043713,1.7651735544204712,1.0471514463424683
00375_snr+5,5.0,4.987737932294469,6.466878257769392,0.8592571374692125,0.8537162483358607,nan,nan,16.780071781915264,1.1658930778503418,1.2007970809936523
00376_snr+5,5.0,4.972946728828753,9.129324449428607,0.6818965672528621,0.7166850709031053,nan,nan,18.6943218668117,1.4305402040481567,1.2379101514816284
00377_snr+5,5.0,4.741229183794199,-1.2804766516726043,0.7794659935782634,0.6945917520930105,9.903622548156537,31.435096267168294,32.774564743894636,1.0892503261566162,1.201371669769287
00378_snr+5,5.0,4.547854549915169,-3.075507226681381,0.7821072342622809,0.672681556930421,-0.5639409639990635,28.70848302801079,26.705920623740663,1.0858997106552124,1.0652669668197632
00379_snr+5,5.0,3.6873373141420913,2.222780760199515,0.8448154719048175,0.6593911517546778,0.8987709200270091,27.446264377045463,25.59184627517871,1.211930274963379,1.2251495122909546
00380_snr+5,5.0,2.5565893889665157,8.650248194239017,0.8886618569270646,0.9120974047329183,35.75692867815056,45.701355281948615,11.629812319490894,1.3720831871032715,1.200056552886963
00381_snr+5,5.0,4.304408471048115,3.5613373486110267,0.9652223806712625,0.9495873073250233,3.3184859578353043,13.536310927374796,9.703562338009963,1.5406746864318848,1.6252460479736328
00382_snr+5,5.0,4.905670038921059,0.024126690914872503,0.8241528854555977,0.6842406923848398,21.67384559678187,30.575818024574115,28.226213253560307,1.1902503967285156,2.095649003982544
00383_snr+5,5.0,4.9728369765249845,0.8590538046191718,0.7747700335321749,0.6246835758921142,nan,nan,27.189983316341866,1.2400469779968262,1.3683749437332153
00384_snr+5,5.0,4.226768101031402,-1.4438733483828,0.9413709464949328,0.7691260235433279,22.433972647624504,24.838374395880173,28.016061929921324,1.1300243139266968,1.7470543384552002
00385_snr+5,5.0,3.9186207877749912,-4.578147677909611,0.9259685232872293,0.7118016936677509,15.05449077776279,40.2180586729153,28.766437343159293,1.1123685836791992,1.4292820692062378
00386_snr+5,5.0,3.9750505117101875,16.542006864631865,0.9300663484056946,0.9322585367322728,7.155123943619093,28.61089711129104,11.060442233121567,1.885807752609253,1.388759732246399
00387_snr+5,5.0,4.4648343070077665,2.8234404088128513,0.8577940426765119,0.7465804945621616,-1.6043676349089966,25.25545102319469,26.895055949299582,1.2153717279434204,1.338247299194336
00388_snr+5,5.0,4.965379529333892,2.2592705810533014,0.9026591259976356,0.7959004138312434,nan,nan,24.231576212233897,1.350653886795044,2.8293354511260986
00389_snr+5,5.0,4.368017232941141,-2.939185017810563,0.7245428104577427,0.6120674945797321,14.841557911521488,30.1659019691788,26.631635427788076,1.0996240377426147,1.1897952556610107
00390_snr+5,5.0,4.91834749054373,-2.4015696040460752,0.8898018232385174,0.7217880621239234,nan,nan,31.02832524815525,1.1764891147613525,1.9727349281311035
00391_snr+5,5.0,4.651318167834113,-1.2504837348160915,0.9519128773122166,0.7104811555484118,11.988750341835674,31.359352726763742,27.209561023446025,1.0758624076843262,1.2498173713684082
00392_snr+5,5.0,4.432448593222849,6.745672072553353,0.9226562794859198,0.8043309416780738,8.740964359741266,25.2016442265292,20.803296900936953,1.3383393287658691,1.5997684001922607
00393_snr+5,5.0,4.953394541558469,8.400524994194358,0.8461774861034975,0.8636607338812013,nan,nan,16.495928706013675,1.6570796966552734,1.4152326583862305
00394_snr+5,5.0,4.3817822981369385,12.508447718417784,0.821526226653522,0.8849782567350384,16.651902318642257,35.822738622583344,15.052979595183622,1.751801609992981,1.3275811672210693
00395_snr+5,5.0,4.708795510723804,2.9150300377044136,0.9953154163378103,0.864061809503803,0.00663968785683395,36.00688987364836,16.188717900141352,1.1950839757919312,1.2330117225646973
00396_snr+5,5.0,4.632599567160331,3.1439596822494664,0.8779709673355176,0.7403539990059063,8.942235386442114,34.62814837693521,19.649234401526044,1.127164602279663,1.1357532739639282
00397_snr+5,5.0,3.993554357818482,2.0506307844164713,0.8665197792558076,0.7431544909775166,22.101045803756513,30.427706475238743,22.213606172884003,1.1593778133392334,1.1781278848648071
00398_snr+5,5.0,4.3413513089357005,2.8945272261839063,0.909772003719319,0.6681838882645351,8.433135525059194,28.02005142349257,27.687489738316124,1.5121407508850098,1.449570655822754
00399_snr+5,5.0,4.869314649691951,3.2599453347201828,0.7893557588208787,0.5398253817905896,3.9825714273534514,25.19307518204954,17.91948664348522,1.0825409889221191,1.089097499847412
00400_snr+5,5.0,4.76704670560471,-1.977559391219593,0.8720236475875047,0.7153778796585927,-0.4618747061916828,33.13932360830963,27.321956462301177,1.0958291292190552,1.2761708498001099
00401_snr+5,5.0,4.163806534238082,7.707501404680049,0.957568708560762,0.8662619822563496,-1.12704056428525,27.24523797974949,18.282015486998677,1.5793859958648682,1.42403244972229
00402_snr+5,5.0,4.960802965713143,7.38183841555391,0.8454957639793768,0.8110119202743082,nan,nan,15.95623396496949,1.2944594621658325,1.1543805599212646
00403_snr+5,5.0,3.8863153574769385,0.1395986713622865,0.9208536483836569,0.6778080904912047,15.278291560028554,36.49689006818565,30.300933601566598,1.120739221572876,1.4908157587051392
00404_snr+5,5.0,3.399463848128189,-1.7727918182612417,0.8818126744394809,0.6374872996751642,45.11882595374031,47.29157136762951,20.283154554186495,1.0231778621673584,1.3170756101608276
00405_snr+5,5.0,2.348527904436862,3.0186149509824207,0.743683756449696,0.7147246938829138,33.44739316728527,37.010532120357894,12.797328478511673,1.2118011713027954,1.1814085245132446
00406_snr+5,5.0,3.64439924585467,-2.168514250502133,0.9501214422908538,0.7296568326110198,6.453235727250482,11.617167763882325,24.1087284913606,1.176790475845337,2.231022357940674
00407_snr+5,5.0,3.875889623715862,6.201357581050425,0.9755761458680381,0.9618306363931729,36.45160617919313,42.456420379951005,6.661052541191537,2.7708795070648193,1.6190998554229736
00408_snr+5,5.0,5.016052156831416,3.5335221606094835,0.7561350745841251,0.6971753368889365,nan,nan,24.192669105716636,1.2624940872192383,1.126604676246643
00409_snr+5,5.0,4.449226942970426,2.883928864733158,0.8543888063575145,0.7625645622813519,6.221845928581883,32.13487256341833,21.07537204801939,1.2193431854248047,1.2449636459350586
00410_snr+5,5.0,4.998525547987275,6.716534172322413,0.806691272803688,0.7750653546230424,-7.18631385840621,13.146128861287355,20.69826565481633,1.415528655052185,1.5602498054504395
00411_snr+5,5.0,3.989411680242715,7.493279128624905,0.8892251415874962,0.9336539322464806,-7.285399502763371,9.300564839112294,11.378159246201893,1.6376714706420898,1.2523510456085205
00412_snr+5,5.0,3.8583370076651247,3.728233268002708,0.840309296571683,0.7602784362639435,21.985987452142027,32.43311904313419,23.048448253688143,1.1983243227005005,1.332434058189392
00413_snr+5,5.0,1.4177449142965157,10.234500060590701,0.9935942407655304,0.8972448572503657,11.879304943412848,37.46632847239423,8.979972086552285,1.879028558731079,1.6116597652435303
00414_snr+5,5.0,4.506496119708013,2.6701279859738953,0.9240782834216849,0.6979644518339165,-5.175819108290249,0.0,19.768336607762897,1.1876518726348877,1.725995421409607
00415_snr+5,5.0,2.174171118144394,7.185115663124126,0.965337482758833,0.930097909495961,24.445276418327772,32.75289692372363,10.04577940411423,1.5526349544525146,1.66790771484375
00416_snr+5,5.0,4.891743972464971,7.471587489516987,0.8569571861641642,0.8410034842187692,3.124120575115328,23.695232685511407,16.15577855599661,1.3575096130371094,1.3623958826065063
00417_snr+5,5.0,4.906078778072338,10.772851504052534,0.8325377471877409,0.8846736938723445,3.4584062154137927,23.421691462662004,16.16841533347616,1.896740436553955,1.6243317127227783
00418_snr+5,5.0,4.215272358439314,-2.381087863863773,0.8505992489121412,0.7156249626615734,10.81345211977534,26.17358211017972,25.24782857249176,1.1061853170394897,1.162890911102295
00419_snr+5,5.0,4.650312102429197,-0.7186227767186018,0.9243662468982095,0.7907544633990966,-0.13323443684545277,20.307559003691722,26.22127480983497,1.1320624351501465,1.4355289936065674
00420_snr+5,5.0,4.702927623558331,8.95096936333488,0.8417034877961669,0.84462649487256,nan,nan,15.087592939325539,1.3109139204025269,1.1778885126113892
00421_snr+5,5.0,4.637432952782774,-8.008900288434083,0.8073016356454297,0.5510055434394706,7.67623660687069,29.390440116481614,33.46700536638976,1.5443072319030762,1.1464897394180298
00422_snr+5,5.0,5.035951333783118,-2.695908371530431,0.7813801670474549,0.6832646954375029,nan,nan,28.300638215880056,1.1261705160140991,1.1385507583618164
00423_snr+5,5.0,4.99586295732618,6.440017625416114,0.6701953137330503,0.6674859510652006,nan,nan,21.689173566492716,1.1503580808639526,1.2073025703430176
00424_snr+5,5.0,4.968927353039288,-0.4059208733290779,0.7852367780431994,0.672070592379698,nan,nan,27.63183694335546,1.109525442123413,1.1667611598968506
00425_snr+5,5.0,4.644047471982668,5.4473789915722115,0.8157186500546644,0.7489924523127743,19.68151413752071,27.25259036044664,15.24190002418223,1.3353642225265503,1.3480312824249268
00426_snr+5,5.0,4.386258163766241,9.364186340722686,0.8988006240127081,0.8962402469154639,4.823132264035807,29.401780053234386,12.122251432890472,1.3607268333435059,1.373810052871704
00427_snr+5,5.0,4.11459034711019,4.7210587541003415,0.8866306244067228,0.8225964897662033,32.49431198053379,34.085078475051354,18.069631826862334,1.3771486282348633,1.5002961158752441
00428_snr+5,5.0,3.463240730171811,18.842485521646154,0.9999980917045075,0.9705709900328842,1.6775336389240336,34.26337238396344,9.613535628809286,3.657039165496826,4.031921863555908
00429_snr+5,5.0,4.394871184964683,-1.5849604409209275,0.906901520912873,0.7139248208684859,30.939483520198586,31.32608297840877,25.73818370930702,1.4836578369140625,1.523118019104004
00430_snr+5,5.0,3.8398984713025053,-1.56639072416676,0.7051556391247144,0.5554326466980816,16.54311406137055,30.735793237571425,29.867779216516016,1.1055527925491333,1.1441993713378906
00431_snr+5,5.0,2.967851223761346,10.260767168748988,0.7895038794958252,0.8625315197919283,12.962604204998849,30.79978935235364,11.46921628913773,2.0328850746154785,1.1751494407653809
00432_snr+5,5.0,4.276586163454761,-5.333627627842254,0.8356075590678043,0.5968998392191353,30.76373767009634,35.22454978568034,28.072812817025696,1.0494301319122314,1.061929702758789
00433_snr+5,5.0,4.429833684303587,4.719307469273167,0.8622213430997615,0.7368184610752317,-7.9257152152914365,14.576609052348864,21.36861592773274,1.1345902681350708,1.169997215270996
00434_snr+5,5.0,4.556803561675096,7.922160401715022,0.9189091875872576,0.8839570693071092,23.4800116205515,33.05979356437238,19.66271456929963,1.327100396156311,1.2993677854537964
00435_snr+5,5.0,4.303558832906696,-2.164595482314761,0.7869664367005879,0.5659567181243463,6.996163676749624,34.28759640679209,26.379459280971666,1.047611951828003,1.0645312070846558
00436_snr+5,5.0,3.828348402641745,8.09046489810323,0.8428658961054452,0.8883132325220672,4.044115464950608,29.39502457129231,16.42056806552199,1.4158657789230347,1.1094564199447632
00437_snr+5,5.0,4.26939965715558,1.801443323657638,0.8701580120884366,0.7627003728757504,-0.8658921935800652,28.98676801038413,17.41408519431789,1.1801565885543823,1.1774320602416992
00438_snr+5,5.0,3.3000418884008074,1.1288299198617855,0.878211233753726,0.7248655519232198,34.36543820360493,36.81389509384711,26.39088136767564,1.1112653017044067,1.1923227310180664
00439_snr+5,5.0,4.238041245576411,-0.8138695395242417,0.8945730127200554,0.7811420889484182,14.263649499653827,32.89280058349581,27.684649138686698,1.217545509338379,1.2417733669281006
00440_snr+5,5.0,4.651863878680143,-2.2068083123359887,0.7682286267479803,0.6609267309443533,18.260058883435892,31.0708311741992,29.210376739529394,1.054491639137268,1.0762228965759277
00441_snr+5,5.0,3.653401258722572,8.607652573095358,0.807187948548325,0.7468195902103127,18.805726756336178,42.085562389082796,16.067507275312316,1.0828468799591064,1.111005187034607
00442_snr+5,5.0,3.748731480511954,-0.5634481637418399,0.8965011272459894,0.7171769903300069,30.182077473214747,37.263613312588916,26.853743764315873,1.4285964965820312,1.22370445728302
00443_snr+5,5.0,4.601082301144893,2.148235168354819,0.8732277597765895,0.6223423599030887,8.378150660513388,27.0393486376741,24.625851036688537,1.1310817003250122,1.3083324432373047
00444_snr+5,5.0,4.004812383094948,4.89288084052567,0.9790739062508841,0.8298176625419312,5.759189017552396,36.49619738250739,17.525869796504285,1.3796590566635132,1.8523027896881104
00445_snr+5,5.0,4.5975396548773535,1.8192220044810272,0.7915685732279713,0.6823110724386567,-2.865526037917607,29.14281989164184,26.208806253223838,1.1313878297805786,1.0498054027557373
00446_snr+5,5.0,4.99530356726951,6.683186842239319,0.9184786205807042,0.9091168120640165,nan,nan,11.276847989972987,1.3882880210876465,1.414750576019287
00447_snr+5,5.0,4.924536609121526,0.3470825845564918,0.8868639457203986,0.7764385041322077,nan,nan,27.82304458003823,1.3214759826660156,1.7590785026550293
00448_snr+5,5.0,3.8516377810720845,8.321748791846563,0.8128107379984523,0.8238227662769775,nan,nan,14.600801866064899,1.4651672840118408,1.281224012374878
00449_snr+5,5.0,4.962322365053933,-1.6320809497613307,0.8595698710108208,0.6852149649060811,nan,nan,27.64175032250523,1.0788850784301758,1.1763193607330322
00450_snr+10,10.0,9.573183864488513,9.43431109940381,0.941155404753631,0.8734818654364254,-0.7321638688098999,23.007611068498708,12.863057474861085,1.9604809284210205,1.6003953218460083
00451_snr+10,10.0,8.550186470018511,9.544322536106913,0.9163873780176125,0.9215863150467053,22.961553477135446,26.157987488306414,13.67678341594697,1.6946868896484375,1.9606893062591553
00452_snr+10,10.0,9.865964414188594,14.556958112282413,0.8820684750136522,0.8817747942014891,37.92968599996071,69.51801935961798,14.026178564692152,1.4992469549179077,1.175206184387207
00453_snr+10,10.0,9.043759382571325,1.9544576711331338,0.8928097535404934,0.7275025969405682,1.9705111226821217,21.48887527766396,24.970337717788404,1.2262194156646729,1.587568759918213
00454_snr+10,10.0,9.276620644470842,13.986609876730418,0.7727493207602075,0.8585005244973513,-6.999352947923446,23.99611086758689,12.999575054507499,2.219421625137329,1.2842000722885132
00455_snr+10,10.0,9.534852135763721,2.9101461482297597,0.9368080464989889,0.7987884893599111,7.931556979556927,34.37661083094558,28.720485786590878,1.1926196813583374,1.932192087173462
00456_snr+10,10.0,9.097769165827495,1.9680202819744985,0.8875378118452566,0.7270803636976296,14.103812448572485,26.784181037508624,27.187460551311112,1.183684229850769,1.7810062170028687
00457_snr+10,10.0,8.509449466465298,11.082596336350523,0.9294637219552859,0.8711079424698027,15.236287747085937,31.03968147566748,20.080857362495312,1.2236051559448242,1.2259141206741333
00458_snr+10,10.0,9.641827014645273,13.19618862084415,0.9516787402379413,0.9380288894804111,1.1556782973502973,13.911698417123988,8.97016768011344,1.9132609367370605,2.008042812347412
00459_snr+10,10.0,9.68123215976059,-0.14039647200458522,0.9984469965180931,0.7976658002409966,-3.6972272922304668,25.483816661069344,30.22293483537061,1.182526707649231,2.2048065662384033
00460_snr+10,10.0,9.973895754945708,-1.6458393539493716,0.864863918042721,0.6288967163979594,-4.3281665393642035,8.728026748453178,27.207391771657104,1.183279037475586,1.4110264778137207
00461_snr+10,10.0,9.981850279405776,12.647534305071606,0.852359570174184,0.8966585003843691,nan,nan,14.681908994226543,1.7130204439163208,1.5812325477600098
00462_snr+10,10.0,9.384535897313267,4.8233318172466015,0.9278976190002078,0.7436474446592233,-2.1891128131542095,21.011713969273856,28.40795667719251,1.2023578882217407,1.7426031827926636
00463_snr+10,10.0,8.627063222905882,5.125285374223831,0.8745079591355355,0.8673666301695805,15.188421713807553,24.07794565843059,12.629471789028479,1.3176788091659546,1.299443006515503
00464_snr+10,10.0,9.229687159832064,6.1657308870038365,0.8743000584219576,0.7598306470539009,12.156312424880332,22.998230261562966,24.696528968362106,1.230118751525879,1.3050003051757812
00465_snr+10,10.0,8.105777786100738,7.993137401280304,0.86772483270991,0.8447324520282683,18.472116113407942,25.841381346841622,14.346432873487245,1.3535945415496826,1.6772582530975342
00466_snr+10,10.0,8.670514034566818,2.8235353966970504,0.8860070433560178,0.747280043870137,23.144509394443837,25.736282226179515,21.252024703404196,1.2112412452697754,1.3198901414871216
00467_snr+10,10.0,9.77735886878882,15.198180277504798,0.933794666719856,0.926250519527817,-0.19080909033905,25.210605939392956,17.856244937210388,1.7713675498962402,1.9929215908050537
00468_snr+10,10.0,8.869654634126054,6.80904434312583,0.9343924502967276,0.8730456794866868,15.895478509646344,26.119870236738123,11.391127087738008,1.6582000255584717,1.5143439769744873
00469_snr+10,10.0,9.98293719217655,-0.6889071628028366,0.8944461520197757,0.7507147006518451,nan,nan,31.301836820356133,1.1403312683105469,1.3105950355529785
00470_snr+10,10.0,9.475390394339362,-1.2451386682995544,0.8999635563862121,0.7232258043046761,7.485111554235992,22.595823492428227,28.41749306790367,1.2050358057022095,1.3688229322433472
00471_snr+10,10.0,9.417412094235027,2.9307668615240248,0.9366238461513329,0.6925933562254578,-0.644887255724152,20.161510990933937,24.441972756888898,1.1648553609848022,1.6421723365783691
00472_snr+10,10.0,8.285087998382748,14.917193331325283,0.9157470944291967,0.9521222987349063,3.1863478721699394,25.594941662577458,11.131413140575445,2.263170003890991,1.1185121536254883
00473_snr+10,10.0,9.289494489461521,4.211283617482127,0.8955169636356999,0.6714180754986837,5.363152723510271,24.545593340297344,24.245789784056708,1.1234239339828491,1.2108047008514404
00474_snr+10,10.0,9.030241614016148,5.276427935401688,0.9675306174909238,0.7958028201337549,7.01323880837614,27.57671063126299,19.286289209679715,1.2988440990447998,1.508773922920227
00475_snr+10,10.0,9.778315126402283,-0.3721595722931032,0.8745052053594612,0.6632335249247089,-3.826797557120144,22.677048884472136,27.159000773050575,1.2852306365966797,1.2233786582946777
00476_snr+10,10.0,9.81394272846494,6.234473051658775,0.8351053058617265,0.7554797067809906,10.339884957317052,18.740309094090634,20.853765930137282,1.0857802629470825,1.1715065240859985
00477_snr+10,10.0,9.078004455904857,4.507923439389755,0.991824689857027,0.8560024531608138,2.9293255294085214,29.711504678801216,20.92985371726064,1.6048836708068848,2.2352070808410645
00478_snr+10,10.0,9.882770407268769,3.22626768707093,0.9433860452359442,0.7193428725692051,5.700646100913611,17.063407312879065,22.50299694190013,1.1917188167572021,1.6065123081207275
00479_snr+10,10.0,9.557927477954179,4.815404008725727,0.9121069484735181,0.7603935563959264,-6.693862596605929,21.171371305988277,27.87131563501787,1.1790223121643066,1.3331708908081055
00480_snr+10,10.0,8.269507338393627,1.9900571031402239,0.9617668959532799,0.8111021918897827,12.895784746842962,28.493021538896794,17.831123713428894,1.4410239458084106,1.5338327884674072
00481_snr+10,10.0,9.966599348788334,1.0302760007818865,0.9717520520227793,0.7968665890965124,nan,nan,29.74465478479241,1.1851369142532349,2.8816237449645996
00482_snr+10,10.0,9.963976546670963,7.943685565665307,0.8642017512836737,0.8286997224661139,nan,nan,17.09126067472709,1.411249041557312,1.3070411682128906
00483_snr+10,10.0,9.172890270735039,1.6474655149886477,0.9909057207998896,0.7821656237648934,-1.1005165738911917,28.764067671811283,10.871052384261253,1.3852300643920898,1.9399640560150146
00484_snr+10,10.0,9.478850347500504,0.7186250499884848,0.8869685948036384,0.7303069406737406,12.533190044941673,21.804507438974312,30.408258325071984,1.1034793853759766,1.2402284145355225
00485_snr+10,10.0,9.35233180439531,-4.656510571445428,0.9051079327684797,0.6771096848498123,1.5414487607994274,23.851134741725364,26.631227896091016,1.2633384466171265,1.2227146625518799
00486_snr+10,10.0,9.870697344215186,13.107611186947022,0.8990054846149153,0.9338414368777802,11.668850052172345,28.000810534483662,13.87301684625055,1.7880630493164062,1.3911304473876953
00487_snr+10,10.0,9.991153164069171,9.385133802104626,0.9363802276366664,0.8255645736956845,nan,nan,22.65525854839472,1.4953571557998657,2.2546727657318115
00488_snr+10,10.0,8.620790550958674,6.543022020208278,0.8952117785377829,0.8686349899868422,20.936692413543806,27.098319144306707,15.764984268456875,1.5269358158111572,1.425464391708374
00489_snr+10,10.0,9.050035031221807,8.832863088430049,0.9138520182027434,0.9029697780282315,2.434954069644525,25.176275208958753,15.363079356872934,1.5702298879623413,1.252713918685913
00490_snr+10,10.0,8.3844086278372,14.817954769136438,0.9490643279005916,0.9611539879003907,-4.448236740110425,30.888204208132144,9.426768220807391,2.527719736099243,1.8339933156967163
00491_snr+10,10.0,9.819542904733503,3.016239198422399,0.954646609098921,0.8223126829294422,8.636727495260361,24.2515151029089,24.858802919959075,1.269641399383545,2.6863317489624023
00492_snr+10,10.0,8.007593965689283,-0.6036204702632374,0.942274215114425,0.7912493824576183,1.381017883294975,31.448257780874425,28.85961586577687,1.2643158435821533,1.4510623216629028
00493_snr+10,10.0,9.986567763562613,12.044271345140167,0.88269062619921,0.9057272223554415,nan,nan,14.77457334480875,1.6776237487792969,1.4699043035507202
00494_snr+10,10.0,8.596254360268677,1.193094788512523,0.9487680854963179,0.813873313606824,-3.543746779019163,28.32574079715002,26.23900493754749,1.2937967777252197,1.5831366777420044
00495_snr+10,10.0,8.89023580898434,9.119667686004336,0.904951206290764,0.8086482903972948,15.730253986206206,23.345238189369788,12.124207929527335,1.3956170082092285,1.213355302810669
00496_snr+10,10.0,9.944624196507094,4.477842140752706,0.9784747703173,0.8875790672313756,nan,nan,16.61902419361155,1.7696175575256348,3.2906062602996826
00497_snr+10,10.0,9.44760888715925,11.722852051535174,0.9031353504642503,0.9117058881426143,-7.661362108327465,23.09671837743199,15.853337466299026,1.5712974071502686,1.2636932134628296
00498_snr+10,10.0,9.186626014610917,-0.14835247880198882,0.9296913305152491,0.7731022407866153,9.623253707095659,26.835256961791018,26.267897045811107,1.1778182983398438,1.380360722541809
00499_snr+10,10.0,9.95795352252566,7.988982065504918,0.8946040079234889,0.7278264498364009,-5.226798786186034,0.1811768057747579,10.45579905055797,1.1625792980194092,1.4170140027999878
00500_snr+10,10.0,9.373860285044412,8.51109758173008,0.9908936499536963,0.896195449462665,7.03317999420298,39.32736800976596,14.78355566801932,2.0989420413970947,2.3689310550689697
00501_snr+10,10.0,9.852331154007091,0.6512896976741522,0.9060013928103194,0.7409262933979462,-1.450872947201112,16.62690993611633,27.180971245549078,1.16791832447052,1.5105714797973633
00502_snr+10,10.0,9.771092722266467,-1.6902484122628845,0.9757714783613708,0.8103825446167823,-7.609754688156693,20.561865064929606,30.32264087858123,1.2007032632827759,2.8800623416900635
00503_snr+10,10.0,9.276277829475843,0.6219636556295366,0.8826085914856882,0.7314872267592543,-6.678399856994326,25.85588218739797,24.501977236885008,1.1431527137756348,1.1307026147842407
00504_snr+10,10.0,9.328508605061879,1.4114464512105054,0.8496332939043637,0.7199625360787156,3.5269394805795335,28.120069759889933,27.971543851815305,1.1382489204406738,1.100114107131958
00505_snr+10,10.0,9.221222525688864,10.233755555199618,0.9608257459432377,0.9126593366307195,13.35039401850424,22.640925827801503,11.780747134910698,1.7933064699172974,1.9236340522766113
00506_snr+10,10.0,9.981594363656093,-2.1441221692531216,0.809485021804344,0.6464436712574891,nan,nan,28.98776982968971,1.0789787769317627,1.254387378692627
00507_snr+10,10.0,9.293390538472137,-2.3782046667860155,0.9167569599764464,0.6403252585935892,21.039375422740285,29.262830485569108,26.941863605987045,1.0772933959960938,1.179443359375
00508_snr+10,10.0,9.672833233603937,12.993850794868393,0.9707280381093291,0.9779347219245913,-3.6782324537972997,17.433938118331625,13.886249460530488,2.118377923965454,1.6226708889007568
00509_snr+10,10.0,8.99357885340195,4.456130570915133,0.8672118782088719,0.7258510596742749,14.672176017645944,26.950993361233458,25.844872757299505,1.1610854864120483,1.1756151914596558
00510_snr+10,10.0,9.635470961983101,6.566941902523105,0.9470861377860004,0.8276214404759467,-5.3807854847188725,26.248866392026834,18.37809291621028,1.3159087896347046,1.2842938899993896
00511_snr+10,10.0,8.462390662224541,8.667968551903325,0.9090072391571572,0.8395025728082409,1.3425985150148918,37.61580385309039,20.18400571769187,1.3497484922409058,1.4808924198150635
00512_snr+10,10.0,9.122514385544411,1.322207698737865,0.8999938668241797,0.744113626320096,10.258872566049162,26.10992762915943,25.953820439111126,1.144347906112671,1.312961459159851
00513_snr+10,10.0,9.300095885829352,11.273056188701663,0.893678504087038,0.883913175773568,-3.7212091389589332,25.93985525244073,12.386787487596276,1.660327434539795,1.5211925506591797
00514_snr+10,10.0,9.078737696203952,15.26216793202922,0.976359344163026,0.9549742256787763,9.940133354801059,17.68467879373406,10.346449532844616,1.7998523712158203,1.6203047037124634
00515_snr+10,10.0,9.278206560152995,2.004737068373265,0.8284712130707218,0.5940856124946323,9.758329129470233,19.14602837110821,26.47977951769431,1.1532872915267944,1.3805922269821167
00516_snr+10,10.0,9.23968266772971,2.2930890585022996,0.9063465985355167,0.7425470361174197,7.20528829267746,24.99010105843924,28.75834771874512,1.1419453620910645,1.1913437843322754
00517_snr+10,10.0,9.99774859705097,-1.5385654614129471,0.8264097744016041,0.7213919177839905,nan,nan,29.46400648478167,1.1533517837524414,1.3409701585769653
00518_snr+10,10.0,9.752487716753514,3.085074486628401,0.912263480236594,0.7919976621134279,-3.4955208187325093,28.917110604380426,27.446505517826516,1.3721486330032349,1.966355323791504
00519_snr+10,10.0,10.014291673604156,-1.9182418344426277,0.8978930019222412,0.6774930952061782,nan,nan,31.878021462712315,2.271287202835083,2.258618116378784
00520_snr+10,10.0,8.907906451482067,4.0174648020236905,0.960349103425245,0.8566136406581666,-3.7461239606820538,32.2334935471867,22.02051061276173,1.4506936073303223,1.8492201566696167
00521_snr+10,10.0,97.52440491256893,17.192215800618516,0.9999999999999992,0.9752421750438381,nan,nan,11.369133991121807,3.381472587585449,4.643888473510742
00522_snr+10,10.0,8.39548306406058,6.957711091718468,0.8523282497937119,0.731093075138817,18.882937557801455,21.32629443761282,8.186127899070781,1.342641830444336,1.4807960987091064
00523_snr+10,10.0,9.259917292701132,2.3136941981239487,0.9207397914895633,0.7873797272052945,-6.73050723974829,25.889971576427335,27.1886799147341,1.262500524520874,1.601433515548706
00524_snr+10,10.0,9.268665276077432,4.575494438443481,0.9356547571337418,0.7905506721504302,1.1616822622302905,23.90917328736379,25.986036595658693,1.3486313819885254,1.8669278621673584
00525_snr+10,10.0,9.45369784606014,1.4400645048373837,0.8504385905349752,0.7177317800615894,14.337516792863013,29.475318404081964,24.646696938960634,1.1133675575256348,1.1093389987945557
00526_snr+10,10.0,8.96540039693496,16.631766317517577,0.8436325690058919,0.9199070553856687,-9.749616115782052,17.050386967377232,15.266575688025817,1.9978306293487549,1.6998462677001953
00527_snr+10,10.0,9.91190520434297,5.790866750683298,0.9667469086973522,0.8645523997117933,5.856853183745857,10.756156657148706,20.902995305777644,1.3120336532592773,1.8346542119979858
00528_snr+10,10.0,9.956717152927713,12.18463074524408,0.9289460629176056,0.9135484086394221,nan,nan,16.222835504895894,1.8531465530395508,2.5681052207946777
00529_snr+10,10.0,8.122724888412753,9.636840531170717,0.9012920459520489,0.9005877605787208,36.3251444424626,39.40755943158645,15.91421150182925,1.1701353788375854,1.1054059267044067
00530_snr+10,10.0,8.715073886591577,14.736346450451428,0.9825615960168568,0.979153498365325,23.86058500331196,30.76322754828319,10.962665639218347,2.458475112915039,2.7678232192993164
00531_snr+10,10.0,8.39265445749538,6.987818029600016,0.9390058663997849,0.8546808399542862,5.3618354714722996,13.998303649528982,12.95742315204732,1.4085016250610352,1.4848175048828125
00532_snr+10,10.0,9.501851773677943,14.4979707002957,0.9396258269194179,0.9588661121762333,2.677351597636209,31.210487022182747,10.124100651769316,2.3320677280426025,1.6215331554412842
00533_snr+10,10.0,9.988921632566983,4.8660227267467,0.9616294909923271,0.8335280423328731,nan,nan,23.81864851948818,1.236508846282959,1.3847427368164062
00534_snr+10,10.0,10.006336212947229,8.423934325680131,0.9322785652540809,0.8708812984437927,nan,nan,19.09420375741687,1.6909598112106323,1.722485899925232
00535_snr+10,10.0,9.743406255314309,8.07757886002111,0.8999747241745526,0.7228462895485082,-2.1371358595354932,21.76379171489326,22.234332966740393,1.2375504970550537,1.5543482303619385
00536_snr+10,10.0,9.671725824125986,10.637378324976277,0.9902529509569763,0.9264831178510765,-4.59999243720288,30.973315699838373,16.272569099465553,1.929542899131775,2.9607722759246826
00537_snr+10,10.0,10.058131638541987,8.283234715067753,0.9792380833309487,0.9247498151951339,nan,nan,16.14870388493345,1.7766549587249756,2.4138946533203125
00538_snr+10,10.0,9.925264615325698,6.119656580799956,0.8708240282610153,0.7567511429101159,-10.534674791994954,17.437411779744345,24.21525433714894,1.315086007118225,2.0600152015686035
00539_snr+10,10.0,7.584114290542747,10.176858196135683,0.8854311977308593,0.7856770753340457,-9.986370250006532,23.984295280491544,12.906502115653495,1.4977885484695435,1.359968662261963
00540_snr+10,10.0,8.734316223359848,10.904032827849864,0.9325095756095672,0.8838677641294795,-5.230190361787158,23.32769342834521,16.579362798324986,1.865986704826355,2.2531685829162598
00541_snr+10,10.0,9.266141746166207,10.090625013006573,0.9289732981184015,0.899248987444376,20.89099864249029,27.93054658675585,12.61498773530126,1.5141372680664062,1.5975100994110107
00542_snr+10,10.0,6.509028130651622,12.020283465808657,0.8893897784614504,0.9057242086731496,21.31868027168273,39.15498607907876,12.12210992239616,1.376241683959961,1.198718786239624
00543_snr+10,10.0,9.925274984363657,16.19700238119834,0.8926239106164171,0.9207098242807485,nan,nan,19.205406774211628,2.5953869819641113,2.176420211791992
00544_snr+10,10.0,9.976451997145874,7.347562370392293,0.9772963291282348,0.8751938490078041,nan,nan,19.071412197012638,1.4545280933380127,1.8512136936187744
00545_snr+10,10.0,9.980931431743317,5.7740674778396075,0.9221565337549521,0.8144445186497031,nan,nan,25.782115928142048,1.248091459274292,1.5960023403167725
00546_snr+10,10.0,7.105775337409225,14.132419062415867,0.9374656709554302,0.9485794936518656,19.27291764834522,33.49096733207303,11.049926377151614,1.9111461639404297,1.2993417978286743
00547_snr+10,10.0,9.001220848828686,-0.011453114657487792,0.9022949264490429,0.6922425338543348,15.793797871270934,28.805452866877104,25.041542221649216,1.263749361038208,1.3342931270599365
00548_snr+10,10.0,9.088430925722768,10.936851070758918,0.9761037695282081,0.915372160643702,23.942793010320003,24.753297935628794,16.312185690841986,2.0328643321990967,2.88727068901062
00549_snr+10,10.0,9.566177668914694,1.9377305058346344,0.969650189010381,0.7626910515397397,10.853649786500583,30.139621627052726,26.495569959266493,1.2344238758087158,3.295060396194458
00550_snr+10,10.0,9.54705107497511,0.4922728777136059,0.9001714029925322,0.7368504215140949,-3.800067501117728,20.0392285013535,23.980251317858116,1.2257068157196045,1.3564236164093018
00551_snr+10,10.0,9.943259446006373,0.924974478684176,0.9121339738405788,0.8041213133510453,nan,nan,28.453467059811402,1.168358564376831,1.6720552444458008
00552_snr+10,10.0,9.973224080956964,3.4199031948829943,0.8324974049836846,0.754769269223263,nan,nan,24.131523594682637,1.1523734331130981,1.1678086519241333
00553_snr+10,10.0,9.915188385201512,0.9227499784377818,0.8613706241349423,0.6325263427913622,21.69490213091563,25.004414994922882,29.677826380651464,1.0880049467086792,1.2876096963882446
00554_snr+10,10.0,9.486920648600641,-1.599134471785816,0.8511247009474613,0.7013825746976416,-12.513971094273138,22.599416028540595,30.638883868378826,1.1380956172943115,1.3176957368850708
00555_snr+10,10.0,7.615851111433488,8.543505460011733,0.8968485387924262,0.852230055776525,15.375783531552559,34.03007864934615,15.458574511825578,1.3974696397781372,1.145453691482544
00556_snr+10,10.0,10.008247945790687,-0.13064043945441192,0.9350992640822567,0.724502541693395,nan,nan,28.975206805112506,1.1375253200531006,1.4198966026306152
00557_snr+10,10.0,9.374912623616128,11.342634763472022,0.9225773974126082,0.8851029248272516,0.29359792708276766,19.4853104539864,16.169397174895295,1.5129215717315674,1.4728107452392578
00558_snr+10,10.0,9.656046790402073,2.836390763895636,0.8228051621449555,0.6924052752475318,5.461474648298539,18.947666302941983,25.78142236564459,1.1572134494781494,1.1790058612823486
00559_snr+10,10.0,9.046219857066985,4.217046708012412,0.9414614254506032,0.7662239807586596,-4.871441466497472,22.315731389483958,27.26612114023987,1.3049390316009521,1.7941925525665283
00560_snr+10,10.0,10.001317987709033,0.519519229844049,0.9753108930522457,0.7777561442698879,nan,nan,24.693907294502765,1.1785510778427124,2.1163101196289062
00561_snr+10,10.0,9.566242608504187,6.813562221815631,0.9389330540359874,0.8772271195382518,-4.9502948453486395,26.43759345940945,14.672374106783804,1.408403992652893,1.1888470649719238
00562_snr+10,10.0,8.63732067633595,10.639599820283083,0.8234715947850125,0.7848862723670076,-4.096965000485629,21.937958852064448,23.271876242943744,1.4448466300964355,1.5912818908691406
00563_snr+10,10.0,9.462391287779626,11.624975408825849,0.878914373871579,0.8902872154697111,2.314850242848513,22.945614570949196,12.022126598174406,1.3764171600341797,1.2857643365859985
00564_snr+10,10.0,9.561176616722806,4.796447252089809,0.975352255408764,0.7976353275076216,-4.040983290452476,-0.0011792280676949062,20.928544981794378,1.4359465837478638,1.6278934478759766
00565_snr+10,10.0,8.828570799936086,2.128297036091639,0.8427507345053686,0.6417519626577499,-1.9068815215673909,27.76481999213676,22.988102374501675,1.1982628107070923,1.211647391319275
00566_snr+10,10.0,9.927181781955595,9.01589254314954,0.736722653360268,0.6921504495249399,nan,nan,21.711090162122773,1.2454845905303955,1.1787029504776
00567_snr+10,10.0,9.586086327179569,0.6324820310692741,0.9473494564397883,0.7321456317511347,17.896918158009903,36.723771397952035,28.059592098659728,1.1525324583053589,1.9903819561004639
00568_snr+10,10.0,9.305181788595995,10.92933300444029,0.9295276146867522,0.9333922793095327,13.948134393619252,25.6528333202565,11.238055921751023,1.855606198310852,1.7498352527618408
00569_snr+10,10.0,8.944475958542368,16.56155013663744,0.999990272500425,0.9734635785779514,11.466850136922615,31.771727427023745,11.251882867184577,2.1781628131866455,3.9971354007720947
00570_snr+10,10.0,9.216577860127604,10.16269843778564,0.9365956690743211,0.9283813052208078,2.641206611076451,27.252222829371526,11.328694118408063,1.6894303560256958,1.213218092918396
00571_snr+10,10.0,9.257396961507405,6.5465796844825945,0.8981815403428748,0.8310723812770734,2.2878035851835583,22.129275746020426,20.03938020123536,1.6132078170776367,1.6373393535614014
00572_snr+10,10.0,9.983947210223509,15.500879813044222,0.928560169560028,0.9544850543843341,nan,nan,12.813480364839979,2.199450731277466,1.415762186050415
00573_snr+10,10.0,9.965861739518026,0.0688758215497409,0.8902882441449734,0.7535437879154608,nan,nan,28.27972108653957,1.1219817399978638,1.3646005392074585
00574_snr+10,10.0,9.95678548011348,-3.0104084236145208,0.7205381251420839,0.5607377183804477,-5.862776283406264,24.662011160483015,27.3484488306385,1.1218845844268799,1.133899450302124
00575_snr+10,10.0,9.968773313391823,17.562583533333257,0.8684018908482604,0.8759842710741881,nan,nan,13.189619950542747,2.602120876312256,2.0006613731384277
00576_snr+10,10.0,9.408173982983339,2.924051268066841,0.9582927564562886,0.8175049357186011,1.110355805037964,26.444245000298793,24.764731025152756,1.2432969808578491,1.4602558612823486
00577_snr+10,10.0,9.79733583622368,-0.7421545688948334,0.9332379509102904,0.6869065153627577,3.19818836338335,23.898200453072317,29.06135926797205,3.410268783569336,1.5646140575408936
00578_snr+10,10.0,9.527733965680161,3.0671649356000437,0.8936993470448834,0.7553702128932722,-3.987336125340115,19.607090186085724,27.464897001454172,1.1656484603881836,1.279179573059082
00579_snr+10,10.0,8.698794936267891,4.911928435206596,0.8912167046026517,0.7681104428819889,5.672864547181339,28.79982266756054,24.233169767618776,1.1773099899291992,1.1734919548034668
00580_snr+10,10.0,9.950592172868744,4.862554115789687,0.9695587816515684,0.8782423010019407,nan,nan,25.89710058754247,1.4804126024246216,2.3588008880615234
00581_snr+10,10.0,9.837349015223836,8.596475608550236,0.840999988232477,0.7729447883641666,1.4721795744985937,27.055291301978322,10.82435637941858,1.3695838451385498,1.1947109699249268
00582_snr+10,10.0,9.977757297178483,12.649691601053064,0.9353213987780654,0.8840773550235042,nan,nan,11.850814161370094,1.6311390399932861,1.8448190689086914
00583_snr+10,10.0,9.806131992383765,8.64389369163167,0.912026610273493,0.8454029311602461,7.379765688205925,24.738981914794653,15.136853291462314,1.468803882598877,1.2017627954483032
00584_snr+10,10.0,9.350383946057667,-2.5533030791644276,0.8984104800460503,0.7310698332163317,-10.815939082546038,20.282320940092333,32.69109547333202,1.1554584503173828,1.6093406677246094
00585_snr+10,10.0,9.791825606301103,6.843032635630064,0.9426546469836506,0.7895356771965909,-0.044083402680379746,12.868720204708005,13.93319945726129,1.3624017238616943,1.390036940574646
00586_snr+10,10.0,8.859948293593758,11.83319703922395,0.8361624088414404,0.8698242753791303,14.694767417825963,22.733675335807554,7.92286292468981,1.6208842992782593,1.3717780113220215
00587_snr+10,10.0,9.588834009674732,-1.6784707016803124,0.8318666604627264,0.7172312240732682,13.458141177756811,28.29883746669519,29.24322131385917,1.0865229368209839,1.1807689666748047
00588_snr+10,10.0,9.33294990180521,16.29375701077683,0.9158684489880231,0.9561222696951416,6.44875184112858,27.545384414455405,14.268631451002445,2.1834306716918945,1.5370762348175049
00589_snr+10,10.0,9.955987205555228,7.232322136118614,0.9541557178362573,0.8295789492431649,nan,nan,21.261475920180203,1.3295289278030396,1.5292587280273438
00590_snr+10,10.0,9.878318252023298,-0.9755560113568202,0.9082227214290401,0.6232491484021861,10.720479845741714,15.583138688628551,28.2273982767123,1.0747586488723755,1.7092856168746948
00591_snr+10,10.0,9.261824531984221,11.110441957115968,0.8373847260072405,0.8213801029942139,13.7100713528498,30.144957507796853,12.576663072264822,1.3880066871643066,1.4360538721084595
00592_snr+10,10.0,9.421868443284335,1.263885526246273,0.9372745578276976,0.7543482461285643,1.9379696390566403,29.616532145988256,23.014585775589474,1.214355707168579,1.6099207401275635
00593_snr+10,10.0,9.462375055351725,1.9859933967422663,0.9640450693326053,0.7798884904479632,-6.797301617483961,24.94621904333298,24.800774005694002,1.2805379629135132,2.004889726638794
00594_snr+10,10.0,9.978827223105963,1.8167692729150988,0.9020779673893743,0.725431607067805,1.4445052022686808,23.707561186886355,25.047398312996506,1.3482695817947388,2.6291110515594482
00595_snr+10,10.0,9.203184931080324,1.023644914651251,0.9855049975860487,0.7792192846168208,5.070666363562259,31.510402884316644,29.683692852133003,1.2722519636154175,2.184483528137207
00596_snr+10,10.0,8.399495997272945,11.347739268382874,0.8560712684999976,0.8732546380514958,27.148945800512738,29.130162214204283,11.494547742799723,1.4862929582595825,1.512589931488037
00597_snr+10,10.0,8.107493196450875,6.131451110770044,0.9086265701356163,0.9067205457881873,-3.5079545943683517,34.158888018220644,16.836679453849605,1.4721705913543701,1.3313204050064087
00598_snr+10,10.0,9.4798098315074,7.762879652267562,0.9208324465041712,0.9032182015346617,19.34798897751808,27.80068773447192,12.313044184614082,1.454775333404541,1.3782527446746826
00599_snr+10,10.0,8.874520712362502,7.312044501875601,0.8376071057511892,0.7066391335522417,0.5625077932034588,21.784131805067545,24.918743086158933,1.2202908992767334,1.2044237852096558
