id,snr_db,sisdr_noisy,sisdr_enh,stoi_noisy,stoi_enh,pause_resid_db,pause_resid_db_noisy,speech_lsd_db,pesq_enh,pesq_noisy
00000_snr-5,-5.0,-6.050548182058839,-3.6372653781795345,0.8367707545400914,0.69968694266917,39.6983969258663,44.70934338717314,21.848069307035644,1.1961721181869507,1.387115716934204
00001_snr-5,-5.0,-5.070439647877202,-4.321022480871441,0.7211205922735272,0.5743348875972817,nan,nan,28.507283534633302,1.0739951133728027,1.047074794769287
00002_snr-5,-5.0,-6.320000471455734,-12.200885998069062,0.8690641054133231,0.6036646435761664,11.44966629374655,24.92509477120381,34.79679291474359,1.0958009958267212,1.1859756708145142
00003_snr-5,-5.0,-5.84597314050182,-13.777897806463974,0.6296379484381658,0.4990954874461312,22.562481666577735,32.3390572654379,29.186700388794932,1.0384101867675781,1.0513668060302734
00004_snr-5,-5.0,-5.037695175966562,-1.756269173342747,0.8176554157623133,0.6316745765548326,-0.7063367858150321,39.62188654556524,29.068382872138507,1.1475608348846436,1.4040312767028809
00005_snr-5,-5.0,-5.423223940557107,4.231982448409498,0.5947395354385446,0.5227122757579796,-0.584890777871408,38.73099664034092,19.089581357578176,1.0693318843841553,1.0599335432052612
00006_snr-5,-5.0,-6.074347969273305,-7.338299602359557,0.7746169554963671,0.6139799036815281,9.737058361988835,40.17966500125317,32.26269476365349,1.1261804103851318,1.1427713632583618
00007_snr-5,-5.0,-6.2573618468466305,-23.402664071472113,0.6582136125882482,0.4706499726597861,16.148502214208,41.38798315434648,32.45698674091664,2.2813704013824463,1.0789083242416382
00008_snr-5,-5.0,-4.973088783243822,-6.817292381304576,0.6819675216843508,0.4071621277506582,19.743677423525565,38.08632285650878,32.68219561916652,1.1416428089141846,1.0949047803878784
00009_snr-5,-5.0,-6.365221520858846,-2.5702131065832785,0.8177560606941928,0.621073122578998,5.980583258030342,41.98865078250855,19.02809971313411,1.084867238998413,1.0943057537078857
00010_snr-5,-5.0,-5.811128766434379,-5.7574921197073206,0.638271678899934,0.5089680102161945,11.309508727797882,42.175507425609396,28.48470933193748,1.03416109085083,1.041823148727417
00011_snr-5,-5.0,-5.625983691231945,-10.780229679385505,0.5334552871839353,0.4118213652057212,21.950268445312737,34.357897768042605,28.52460220426255,1.046287178993225,1.101860523223877
00012_snr-5,-5.0,-6.450401531454055,-6.668878246457952,0.6025660677649927,0.493910278697685,29.39726239261629,42.393623826490696,26.31492035877463,1.4971461296081543,1.0497055053710938
00013_snr-5,-5.0,-4.777352708299811,-7.595922070158817,0.4438688015333131,0.336256340784297,nan,nan,28.17202840087599,1.2297139167785645,1.0702627897262573
00014_snr-5,-5.0,-5.229531521526578,-7.543543800803125,0.7371759328771191,0.5195726068104718,-4.683299235867381,33.79345025237343,32.523862149299426,1.0599673986434937,1.1082446575164795
00015_snr-5,-5.0,-5.356390368871082,-9.757059883760258,0.8465438452844346,0.6214916495585496,33.252780889602946,42.72517711801464,22.776403248419694,1.0881022214889526,1.0704141855239868
00016_snr-5,-5.0,-6.005529132046989,-4.418765244068931,0.5622218899452391,0.37394569741417644,22.036112858451954,38.60321467913326,27.44280269264972,1.043843150138855,1.047783613204956
00017_snr-5,-5.0,-5.881710929340224,-4.562155938870049,0.5350784710251858,0.49741323525357634,12.970709915405806,44.56334596922635,19.3765122572148,1.0734586715698242,1.0453044176101685
00018_snr-5,-5.0,-5.468904874607774,-0.31167350395396276,0.663084419802249,0.5154835062340035,11.299050421823289,35.82463100041722,16.38328982529603,1.050937294960022,1.0690419673919678
00019_snr-5,-5.0,-5.1103657108360245,-7.043988017035652,0.5274917707640775,0.469512209369366,19.177962456475207,38.666377660567434,28.171917284940804,1.413149356842041,1.0718412399291992
00020_snr-5,-5.0,-5.248945471976589,-18.814116185580694,0.8027176344220724,0.5340580072555668,24.05084516468303,27.915057222986782,31.953736182089727,1.3127129077911377,1.2436517477035522
00021_snr-5,-5.0,-5.5623419902810145,-6.856943547068011,0.8513365721261472,0.7415518717583177,13.631754938730452,15.804298138001283,18.978716912966693,1.3602828979492188,1.5202741622924805
00022_snr-5,-5.0,-5.539835541488997,0.9681867622664665,0.7690714259207942,0.6736797358610398,16.396540935444094,41.14857460917296,24.73654296832537,1.3979310989379883,1.2731256484985352
00023_snr-5,-5.0,-5.388742454272929,-3.0840700003052524,0.6525701967607718,0.4512687408954178,20.521718221265797,40.755744766412924,30.036470465159347,1.0552172660827637,1.0589152574539185
00024_snr-5,-5.0,-5.374868419925396,-11.222392264071823,0.6435521224348992,0.5577982195540379,20.03419460615646,34.530426220361036,25.179103570535066,1.559396743774414,1.045608401298523
00025_snr-5,-5.0,-5.841623447415907,-3.030691575517034,0.6635987474128542,0.5959154742951087,4.09165208591474,43.432055517225265,16.788207685039204,1.1271973848342896,1.0382686853408813
00026_snr-5,-5.0,-5.906248826637047,-0.10871870420121232,0.9415832473415489,0.7841981986690191,20.079487940761233,44.25710671837871,26.106593999578266,1.27855384349823,1.4008573293685913
00027_snr-5,-5.0,-5.147168970092524,-18.36367630863237,0.549611821244896,0.4321932443471862,28.117125160522406,35.563032374112964,28.633110058163084,4.134190559387207,1.028411626815796
00028_snr-5,-5.0,-5.507291180050167,-1.1611019269987644,0.794900523690066,0.6581865425435267,0.24166802965089573,36.31874945749535,33.62594855918594,1.1060152053833008,1.1030718088150024
00029_snr-5,-5.0,-4.8920525709397165,3.1891305320035794,0.6753239406051059,0.720001359037051,nan,nan,14.603652978239452,1.153558373451233,1.0441081523895264
00030_snr-5,-5.0,-5.1032017046367,1.2158061304671743,0.8899563382960909,0.7394633638182986,nan,nan,22.0722694899778,1.2195972204208374,1.2456226348876953
00031_snr-5,-5.0,-7.13361401455924,-5.751180944563787,0.5688210484677471,0.3953288613300296,37.55822700691062,43.40747188406257,21.551722361748663,1.1619336605072021,1.0849578380584717
00032_snr-5,-5.0,-5.970227275856431,-6.606393810534645,0.8273111988604759,0.6080149535555497,11.089356028270085,42.93728036628475,28.632251987323475,2.7634971141815186,1.0845810174942017
00033_snr-5,-5.0,-5.04454165936949,1.9739002982680878,0.5197545076114007,0.5292386793250601,nan,nan,15.529184890913896,1.0550075769424438,1.0582841634750366
00034_snr-5,-5.0,-6.213307732598397,1.319003440637345,0.761674694749516,0.6877992826893011,8.462146585373757,44.77386508595549,26.86900276620941,1.1498491764068604,1.0525014400482178
00035_snr-5,-5.0,-5.175866507676291,-5.216310162642946,0.7452414126836503,0.610385314030277,2.3317500954629695,41.154387089248544,21.4170565362114,1.0668680667877197,1.1038445234298706
00036_snr-5,-5.0,-5.073958240219075,-4.075586987820873,0.47911491800294703,0.3978374497914901,nan,nan,16.421649812492475,1.0732136964797974,1.0346837043762207
00037_snr-5,-5.0,-6.516404159527466,4.214341471526995,0.8327868748073892,0.8358858379847496,23.120305681215598,41.22519622618359,9.433557766898195,1.2167930603027344,1.103332281112671
00038_snr-5,-5.0,-5.399228843656852,-9.472254188863639,0.7983578241344715,0.611712131402169,20.473911248165003,37.044466979337855,28.582120341298324,1.0674716234207153,1.1007647514343262
00039_snr-5,-5.0,-5.139185948487913,1.1619865098741213,0.8523898649608354,0.7388623395677916,7.35797922022282,32.23784301112517,23.164427246943486,1.2115813493728638,1.311154842376709
00040_snr-5,-5.0,-5.5295813603921875,9.209503129408418,0.8807497327082268,0.7557984800223052,16.382672273629943,48.784277295721594,19.39910034906921,1.2630583047866821,1.3853371143341064
00041_snr-5,-5.0,-6.220257950820721,-5.438448417367528,0.7310622876730825,0.7326190204552523,38.251497518011476,39.449780190581144,12.06358016748984,1.4782278537750244,1.3411282300949097
00042_snr-5,-5.0,-6.856291000262139,4.635333592708047,0.5906619474605687,0.6161994775737781,13.255030489377491,41.108842543856916,14.021282948268434,1.2355185747146606,1.0437195301055908
00043_snr-5,-5.0,-5.541699454603978,-12.036568679566672,0.5582329243440757,0.40013346631993524,16.528260697157037,39.12796246263127,29.21337057533313,1.0579676628112793,1.0534772872924805
00044_snr-5,-5.0,-6.824234636702843,3.9047354002090264,0.4531383703589911,0.41133541167676363,28.96844963473766,52.71629412008235,13.89059793504793,1.117192029953003,1.044822096824646
00045_snr-5,-5.0,-6.334694473663784,-1.7410252104780943,0.7953471105750668,0.6938336125866105,11.446288584506421,37.04916167015526,22.691298079793775,1.1569724082946777,1.1070536375045776
00046_snr-5,-5.0,-5.581081972889221,-9.024827065283942,0.5706082799393768,0.39233186649169255,31.159744830467105,44.60390842343699,25.584217051568334,1.3066985607147217,1.035876989364624
00047_snr-5,-5.0,-5.097502158200333,-0.17564059284230968,0.5267907096530784,0.40028370161759824,22.567423241177934,38.76759495443639,24.915026552784767,1.1606440544128418,1.0372997522354126
00048_snr-5,-5.0,-5.209390823116196,-16.754962428677793,0.5553777169425741,0.3969780268888904,33.76155017799974,47.08390570181014,29.764046265200164,1.292466163635254,1.0415316820144653
00049_snr-5,-5.0,-5.490308814188078,-8.038207144660614,0.5051525224623731,0.2970970466301266,18.13463192484674,30.839150494007708,27.419988616207604,1.1179007291793823,1.0420804023742676
00050_snr-5,-5.0,-5.8906801769943264,-15.790421617161366,0.8465505711707301,0.5532973918295055,10.057183412362399,44.43099254308355,31.693410128799623,4.282646656036377,1.3577468395233154
00051_snr-5,-5.0,-5.509366593561697,-16.92385815262428,0.5808070492345448,0.40465208709762374,19.457187441188,39.25999111220487,27.83483308203445,1.0460197925567627,1.045376181602478
00052_snr-5,-5.0,-5.49213982231077,-4.00230678578746,0.8936767142285297,0.6964172730463941,29.767915020574584,44.707342936899224,25.288625752598975,1.1091417074203491,1.4268720149993896
00053_snr-5,-5.0,-6.054243319785622,-0.09039840404348456,0.5891891248372602,0.540719627035269,13.031383427981007,44.52153613449784,18.357853843139115,1.0579686164855957,1.0539075136184692
00054_snr-5,-5.0,-6.262764350818739,-4.110533120646973,0.6726654337025958,0.5337441819801294,1.5848965370883956,41.41168422558553,32.70898111100663,1.0620466470718384,1.0771019458770752
00055_snr-5,-5.0,-6.132507416620213,-9.57337874576672,0.643453042272001,0.5106094103920867,9.034154413756335,40.20707806022451,30.842303869855474,2.0303666591644287,1.0517971515655518
00056_snr-5,-5.0,-5.19217130393876,-13.069358473243733,0.6716809815966979,0.47532781886881975,20.135645197900732,41.53687797552073,27.74659661867085,1.0397671461105347,1.0918762683868408
00057_snr-5,-5.0,-5.303979488265225,0.09010587622413697,0.9257462857607466,0.9080496106266052,10.8379602070567,19.28727528859808,15.34874309552689,1.0479847192764282,1.042741060256958
00058_snr-5,-5.0,-5.014515434602956,4.181286176837101,0.3596424098161544,0.5275547272372867,nan,nan,17.234387863625106,1.183422327041626,1.151836633682251
00059_snr-5,-5.0,-6.996102271741112,4.255326283392765,0.5563205749919417,0.47342125626094245,27.98491328926059,43.42432953395705,17.845462012373165,1.2436323165893555,1.141396164894104
00060_snr-5,-5.0,-5.3910293797322995,-3.6462801749263978,0.9316832130989307,0.8196834674267491,-1.2406512929511373,42.916860860047336,21.201298337827573,1.1285451650619507,1.2391223907470703
00061_snr-5,-5.0,-6.31475165504458,-3.960776722366501,0.6263810079740187,0.4135278168943937,18.89321247507068,42.52400654180931,22.762400083432073,1.049046277999878,1.0701959133148193
00062_snr-5,-5.0,-5.664167306634487,-8.868663016852008,0.7472765493071851,0.5689383944142237,34.2326229460913,44.842621485337915,25.021414837722936,1.0397456884384155,1.0544376373291016
00063_snr-5,-5.0,-5.074810915099298,-8.25754935989189,0.6675123258982065,0.5623499744314457,nan,nan,16.511238675437976,1.0736000537872314,1.0422017574310303
00064_snr-5,-5.0,-5.405701770383441,-7.2920048966346185,0.8561261203784111,0.7100672201830851,45.76318351263147,51.835427658157485,26.1123531629868,2.342299461364746,1.7818124294281006
00065_snr-5,-5.0,-5.691912635066403,-4.148743121257821,0.8359371452823522,0.6510946107202206,17.037678244902974,41.787453051600735,28.543500245890346,1.0955089330673218,1.063647747039795
00066_snr-5,-5.0,-5.694113151551743,-5.0141203707049895,0.588732624407259,0.4647993861926448,18.505857788504578,41.47898695737861,29.35159145556523,1.0442919731140137,1.2904921770095825
00067_snr-5,-5.0,-6.458520411412099,-1.5244858196656883,0.6862992195425056,0.6244038774709268,19.01387870626348,38.91900444744718,19.534119874091733,1.1107783317565918,1.0505808591842651
00068_snr-5,-5.0,-5.577459886219806,-8.080938811570956,0.7463088165448484,0.5480289457172351,17.437764504567234,32.48225514947866,32.62927073487595,1.7035810947418213,1.2235631942749023
00069_snr-5,-5.0,-5.780855137297031,-16.753813450886156,0.56404087789864,0.4372129461015043,27.773884949612594,45.09754555199194,29.939504247025088,1.4400931596755981,1.0915629863739014
00070_snr-5,-5.0,-5.629063259807481,-9.046928288125947,0.5630035838245407,0.41327358646822193,9.78316382140715,47.650640723910975,22.9199211052266,1.033648133277893,1.0848075151443481
00071_snr-5,-5.0,-5.730246901699294,-8.322033005223604,0.7468295587841939,0.6254635816641505,38.86420712529742,42.287602504984406,16.784566952859524,1.0822399854660034,1.1230028867721558
00072_snr-5,-5.0,-5.030281964284795,-11.686649964498589,0.6553080406302364,0.38327635485806866,nan,nan,16.922713349519587,1.0888967514038086,1.1167982816696167
00073_snr-5,-5.0,-5.7623916354100055,-10.43351570924923,0.9297491534992334,0.6929624294849308,48.31294003751202,49.16545334189017,19.21883471135991,1.077722191810608,2.4172070026397705
00074_snr-5,-5.0,-6.137770699406737,-12.598733192321143,0.8088142508233958,0.5287309828131446,29.975347997653955,44.54705006841702,28.513805390755955,1.1097748279571533,1.0962618589401245
00075_snr-5,-5.0,-5.728839159216369,9.177819967599241,0.9569114467019624,0.8410091542143203,21.417461379979553,41.138570385293264,16.539268003256637,1.4171288013458252,1.594497561454773
00076_snr-5,-5.0,-6.228964278834898,-9.408371606669707,0.7075184692456271,0.45241541416884884,14.978067122240379,21.632966622710367,18.45935941597565,1.0611521005630493,1.125076413154602
00077_snr-5,-5.0,104.31342102708072,7.536863012078618,0.9999999999999998,0.7752226979246074,-10.063452319756092,0.0,19.370000521660945,1.4883688688278198,4.643888473510742
00078_snr-5,-5.0,-6.191398173457397,5.780772161526935,0.8428305176580705,0.8469648634341318,28.494741525767722,39.810141047009154,14.017153949135459,1.3257026672363281,1.0446265935897827
00079_snr-5,-5.0,-5.77297683411087,-4.267268073457453,0.8887184028157411,0.7996984005263371,8.395863770214044,41.932008523448914,19.47238240921896,1.162399411201477,1.3526310920715332
00080_snr-5,-5.0,-5.763487030959079,-2.843093362129112,0.7192885366582001,0.5518024655442904,3.1342556246047337,41.1022396066151,27.498093458612903,1.083986520767212,1.0543370246887207
00081_snr-5,-5.0,-6.324727143304873,-12.19428862423708,0.6381514222598793,0.4151989718610887,34.47118454154715,45.359807546527264,16.51782768178962,1.0207443237304688,1.0253139734268188
00082_snr-5,-5.0,-6.268588598708864,-8.431132741220434,0.8728513940134215,0.5996964533274526,14.780798116946684,43.68781826883638,30.58860268057403,1.0779807567596436,1.3635940551757812
00083_snr-5,-5.0,-5.6672781355731106,-1.3213891170465566,0.6747591951604641,0.5656572747989461,33.07727483745749,38.562508521076055,19.998746231006354,1.1470351219177246,1.1474854946136475
00084_snr-5,-5.0,-4.98769460894183,5.306293729223668,0.8129775744489156,0.6871699801042034,nan,nan,13.9577341586149,1.1575766801834106,1.1271543502807617
00085_snr-5,-5.0,-5.975525941055926,-5.078547925580425,0.7048119505110565,0.73118962310641,44.09371485326982,50.13424169314399,13.971160950787667,1.1169947385787964,1.0698531866073608
00086_snr-5,-5.0,-5.236923379061599,-19.989520034409328,0.674659521422755,0.2863207908391874,28.92159825638651,42.52897432333506,23.16225790419128,1.2583794593811035,1.0325543880462646
00087_snr-5,-5.0,-7.1576630005061705,-5.291542546713357,0.6124914579780054,0.5594403442980138,39.10621758448983,44.9600003150973,16.03647273293817,1.1025656461715698,1.0872678756713867
00088_snr-5,-5.0,-5.687650629179066,-10.991138191749828,0.7735056958485715,0.3964739618997769,12.60317960185966,45.819439140078174,30.73023399281216,1.027509331703186,1.0361634492874146
00089_snr-5,-5.0,-5.6311115708624175,-7.382854362631641,0.5651665517806331,0.4224412950818535,25.309594513881628,36.42995740631504,26.145136498809055,1.0439457893371582,1.0437766313552856
00090_snr-5,-5.0,-5.55880313389188,-9.360762445831337,0.5812238832571341,0.40692051333485,0.33106436991692423,41.01726403078342,29.158242527913718,1.0787160396575928,1.0868713855743408
00091_snr-5,-5.0,-4.995323131259411,-4.226262199946324,0.6120648120521408,0.47069649528932056,nan,nan,23.64647588616389,1.0310430526733398,1.0283470153808594
00092_snr-5,-5.0,-5.006234748413635,-3.050195474707464,0.825935202838787,0.8120552286556948,9.355444488700215,27.260207510387428,14.671036526521625,1.389922022819519,1.552506685256958
00093_snr-5,-5.0,-5.23791257398484,-8.14117601611575,0.7427089577416808,0.556233249354803,21.22073029150005,35.550989577003314,30.60839756600208,1.079840898513794,1.1802468299865723
00094_snr-5,-5.0,103.24065347456809,11.935427948209457,0.9999999999999988,0.9409907738647717,nan,nan,18.03253637433301,3.2536463737487793,4.643888473510742
00095_snr-5,-5.0,-5.275184326403344,-1.494703413321279,0.5286929514135466,0.5145263975718413,9.961417482537595,35.82986522419179,20.038914393591085,1.052628755569458,1.0460357666015625
00096_snr-5,-5.0,-5.607233198669612,-13.526453905611413,0.6848098656047095,0.5203000463583222,31.077157621954846,42.785014561638484,34.73047659204483,1.6995283365249634,1.0418155193328857
00097_snr-5,-5.0,-5.366335906493377,-1.2652606709869632,0.6139622463242492,0.5008984719105085,12.972151993761026,38.361274836328214,24.109015626438474,1.041792392730713,1.0292257070541382
00098_snr-5,-5.0,-5.112240079006804,-1.8699832042536708,0.6204525393925916,0.5683430850363365,-3.52702586486936,41.24726176690362,20.042410098654308,1.0392699241638184,1.0428707599639893
00099_snr-5,-5.0,-6.043549698924778,-3.170963933974022,0.6241594612410089,0.5177086066792168,19.452265010202265,42.54421607577038,26.33914084499938,1.0565438270568848,1.028041124343872
00100_snr-5,-5.0,-6.393797557007135,0.5745495615840837,0.7550801134582037,0.675941876274446,11.388987348942944,44.725584482136185,17.838552854487077,1.1452691555023193,1.1171027421951294
00101_snr-5,-5.0,-6.737118154921137,-13.034280654046045,0.6483868829345494,0.4515867645264374,34.93012877832514,46.70458687003831,17.472174998172033,1.0446090698242188,1.0635713338851929
00102_snr-5,-5.0,-7.227858339541207,-2.9552959638939944,0.6410297406716717,0.5344493647315941,30.860983174076143,44.05657361889478,18.692876154864745,1.4528348445892334,1.2994590997695923
00103_snr-5,-5.0,-5.233444307440282,-10.744715270789557,0.7703158206479098,0.5909719440898838,30.830147272800538,33.50301972043633,27.71754595110665,1.0650088787078857,1.0988496541976929
00104_snr-5,-5.0,-5.002939032596459,-6.3130717630555235,0.5106135711221274,0.42321017352067203,nan,nan,27.28688156426457,1.069502353668213,1.054855465888977
00105_snr-5,-5.0,-5.09523446668684,-2.54388261106613,0.5474037900709984,0.4913936058722268,6.442245290135519,34.86276179129352,22.565242295563344,1.0552923679351807,1.0345697402954102
00106_snr-5,-5.0,-4.984956358437071,-3.8289964832663053,0.6951238315642458,0.5928832615514695,nan,nan,19.022141038809515,1.0763797760009766,1.0775152444839478
00107_snr-5,-5.0,-6.716201649313125,3.639321673860525,0.8281370778453592,0.6857043151741217,15.211078348976335,40.54632543655149,19.75266973164468,1.381145715713501,2.017159938812256
00108_snr-5,-5.0,-5.726754898386027,-8.470525244225065,0.5696537935738967,0.38695017642867585,30.992221261758495,44.331999063309084,23.963215400954798,1.058878779411316,1.0890743732452393
00109_snr-5,-5.0,-5.135362828765022,4.613726579062672,0.9666861680821917,0.8863840609371179,10.251032681331576,43.667760891040466,10.543800251423246,2.110380172729492,2.051478147506714
00110_snr-5,-5.0,-5.005197860181688,1.2431115712566694,0.7076990959943149,0.5753400084419134,nan,nan,19.410500957244192,1.0814157724380493,1.1007517576217651
00111_snr-5,-5.0,-5.82792647487325,-21.017242853144637,0.8058126228059755,0.4700680798157274,38.309498971945544,42.45870892180938,25.04984899306502,1.0719314813613892,1.0390281677246094
00112_snr-5,-5.0,-5.643613052221275,-0.5746512872570335,0.721713418323128,0.5631926792137961,-1.6219498156891023,24.044891474846434,31.33961896419366,1.4829710721969604,1.2189552783966064
00113_snr-5,-5.0,-6.555536126478364,-9.433989738999038,0.7064812050625495,0.4900911807216979,43.05495581378242,46.96660774180468,19.295419531698155,1.0437977313995361,1.0668833255767822
00114_snr-5,-5.0,-5.242545584230006,-7.860843986470808,0.7260544715754341,0.5207000760310657,25.019138239656826,49.4990661630963,27.740740762588324,1.0530282258987427,1.1037073135375977
00115_snr-5,-5.0,-5.110554839505504,-5.137818807835599,0.6486218656161195,0.5201506042366016,11.12237764089983,26.407580935070175,27.629790273794935,1.0385414361953735,1.1300030946731567
00116_snr-5,-5.0,-5.9970198157839425,0.7139494930024726,0.7955520417447686,0.795984966470512,7.072581860926493,41.16527974850229,14.691695044082877,1.2116775512695312,1.7131675481796265
00117_snr-5,-5.0,-5.881847758519957,-7.294128553155633,0.6592652821039714,0.500575268423124,10.991129376266013,41.3609051875051,26.993853425962467,1.062146544456482,1.0398858785629272
00118_snr-5,-5.0,-5.319691248095543,-9.296731823098451,0.6356233060932258,0.4740357158080726,18.53440082757528,38.452921209476315,24.10770364863218,1.085253357887268,1.0344794988632202
00119_snr-5,-5.0,-5.27527292216396,-7.375649986499591,0.6157011088056943,0.5122840960054672,-1.231929518835572,36.558047959649116,30.451201844160355,1.5078270435333252,1.0671175718307495
00120_snr-5,-5.0,-5.083318190594892,-14.28206841560228,0.5651697523274146,0.3906630955358642,23.545604675502048,34.84409070060546,29.549130051509053,1.1094740629196167,1.0941002368927002
00121_snr-5,-5.0,-5.3590579099217,-2.993312028347707,0.8018693064164244,0.6913451375733195,5.4462930574921415,38.325859733725764,35.34869783123135,1.0990331172943115,1.1182219982147217
00122_snr-5,-5.0,-5.247159726762435,-4.729575733942148,0.6739395243473547,0.4578626828049048,7.667021060270207,44.0188751063613,26.479438385201814,1.0313260555267334,1.0308177471160889
00123_snr-5,-5.0,-6.567899661554851,2.779350784526196,0.6610082465989936,0.5976646166243001,22.787683269348857,39.20026424973214,18.8779192518867,1.1289491653442383,1.0635422468185425
00124_snr-5,-5.0,-5.658730790037739,-14.672484472414332,0.7615461900711181,0.340658884268647,23.01250355354113,27.44018400565324,22.17756663727628,1.057091236114502,1.0939874649047852
00125_snr-5,-5.0,-5.947067387359018,-6.4606807466711125,0.6531954056932245,0.4587724829260207,20.040300088429785,41.756267688768446,22.081833737877666,1.0381872653961182,1.0535593032836914
00126_snr-5,-5.0,-8.88815565704147,1.0160791708085566,0.6256269792600531,0.5160716294745228,25.807649557616244,53.205769804747256,15.215812833593446,1.3366469144821167,1.2630586624145508
00127_snr-5,-5.0,-5.00567449487593,-7.890391818497164,0.8760753280475503,0.7110064462874219,nan,nan,19.86001642902654,1.06540048122406,1.107751488685608
00128_snr-5,-5.0,-5.630826118310699,0.8829979333898546,0.8410789472656435,0.6198614841747927,-1.441371071952604,35.8507855203928,19.475343071197532,1.113630771636963,1.08387291431427
00129_snr-5,-5.0,-5.077839909190728,-1.125961535032576,0.7272594025521679,0.7074617238945398,9.202982389266772,16.66454682282064,19.368767194384116,1.086807131767273,1.0866471529006958
00130_snr-5,-5.0,-5.7212591983906,-2.2285885678305095,0.7958792975791275,0.6241644898911599,6.049754836613072,42.64611859770554,28.878542984360674,1.7355176210403442,1.0343122482299805
00131_snr-5,-5.0,-5.09772258386155,-3.3732662979124237,0.44345444892024743,0.3803778650041383,2.7628898875182757,35.22289573483234,27.767971070453942,1.0806801319122314,1.0428686141967773
00132_snr-5,-5.0,-4.882034987909601,0.10302264210926419,0.4433684123994481,0.4755644559706553,nan,nan,23.959706038217867,1.0564016103744507,1.0554585456848145
00133_snr-5,-5.0,-5.751382532809793,-2.2388374513423694,0.5368993180263886,0.4676815981784273,8.259385172541897,42.858153369816485,28.357653172745298,1.078765630722046,1.0740286111831665
00134_snr-5,-5.0,-5.504037868419931,-0.24095474354070487,0.8165961990307774,0.7030685963096126,15.660009359298853,38.968642111886425,24.82453653341585,1.3483539819717407,1.505082130432129
00135_snr-5,-5.0,-5.522784917706144,-21.627835276657503,0.6333809366292722,0.21937967029484373,31.356630182573213,43.701721929280055,20.963053363248413,1.0289372205734253,1.0681567192077637
00136_snr-5,-5.0,-5.056242648847707,-2.605119132516864,0.5628671446409665,0.4633049114390872,3.445225337080417,41.552543970712605,25.333980505026183,1.0402419567108154,1.0340023040771484
00137_snr-5,-5.0,-6.013800739122215,-10.924676477439805,0.6297387372947352,0.4161134455392235,37.71753788627428,45.99800659730608,29.37062201122109,1.0538289546966553,1.0851435661315918
00138_snr-5,-5.0,-6.410877917969478,-7.415444769642052,0.6126576415280532,0.37190759022549563,45.29573791966186,55.525029107297996,21.17037317509449,1.0351659059524536,1.1398413181304932
00139_snr-5,-5.0,-5.916140030051819,5.872923037505181,0.9136647971766106,0.8858302758336991,18.427010241534646,51.82084511263963,17.074357260769837,1.3579734563827515,1.8581748008728027
00140_snr-5,-5.0,-6.0066458956310935,-13.568485153333388,0.9068291443338039,0.7259047686597697,36.92483101161392,39.130705804431756,32.03645076890607,1.9851760864257812,1.5700581073760986
00141_snr-5,-5.0,-5.924024226380027,-8.644908144879501,0.5123517137234956,0.4530484112300351,23.305499860712864,44.82000402836996,17.918378652774784,1.02676260471344,1.0245153903961182
00142_snr-5,-5.0,-5.650462216227925,-12.54839855422646,0.6479334745833727,0.4056192470622187,28.371847683869188,36.30743841824338,23.945147672168282,1.0466991662979126,1.0401623249053955
00143_snr-5,-5.0,-6.1639541699051055,-2.089133431723856,0.543620426593789,0.3808684482382281,22.69397215425372,39.9324807912009,21.72430211658608,1.0541353225708008,1.047960877418518
00144_snr-5,-5.0,-5.6512468670969005,-2.238697958019786,0.7551321939618567,0.6401936191761332,7.1861405848101505,38.934003071126746,26.366060644866977,1.0655397176742554,1.0393471717834473
00145_snr-5,-5.0,-5.5387799819983075,-28.23740982073794,0.717917690821139,0.33012460900068935,21.521768437582644,42.84724922373806,30.681439306070274,2.397925853729248,1.0670067071914673
00146_snr-5,-5.0,-5.953311283756138,-9.61813348927539,0.7967680569227685,0.47342881512302193,38.37335195810149,43.23203179189044,20.56538261017577,1.0381523370742798,1.152359962463379
00147_snr-5,-5.0,-5.2842544216838725,-2.9711487693653456,0.7716174402101447,0.5823619413827944,6.872691137851091,40.11739930056862,25.360622271428717,1.1027957201004028,1.1321827173233032
00148_snr-5,-5.0,-5.579174729691278,10.912822240122432,0.82360500532353,0.8208737222086757,11.073908010502562,40.73854040206495,15.804850340992942,1.4746111631393433,1.2742966413497925
00149_snr-5,-5.0,-6.09103467803291,-3.530462828260763,0.49810400574815455,0.5499122069380435,35.44743200587446,49.49468487644428,14.851984095690028,1.0584877729415894,1.051641583442688
00150_snr+0,0.0,-0.7005111544277789,-5.445729880973636,0.785770244500555,0.5897773885896578,37.24728607138722,43.821481520782996,29.31508623855311,1.3161739110946655,1.184276819229126
00151_snr+0,0.0,-0.12286652338989301,5.0849213926203145,0.6099454062845467,0.5980265428771124,-6.049422865679009,32.92460249369434,14.51364806876272,1.1345200538635254,1.0597141981124878
00152_snr+0,0.0,0.0849874643707596,-2.654588662576865,0.8558442013872,0.6761929922352317,nan,nan,26.856901022093172,1.0984618663787842,1.4097946882247925
00153_snr+0,0.0,-0.13547029210863354,0.02212884811739029,0.6897077631507186,0.5726990245069454,3.5974210010970302,33.068825147931605,22.307530037969183,1.0644420385360718,1.025000810623169
00154_snr+0,0.0,-0.22460608766639006,-0.029041248829963007,0.8967141547892322,0.854334826681382,30.86482219533376,30.87430437360596,16.79745686345291,1.1224278211593628,1.1301045417785645
00155_snr+0,0.0,-0.14958415176439946,0.8584682804588757,0.9463058640422392,0.8445050065347599,20.284664963558473,37.17300054809766,24.088387838064996,1.1140984296798706,1.1471229791641235
00156_snr+0,0.0,-0.07021681872725447,-0.021852044412798,0.7193889166297283,0.6192640783799217,nan,nan,21.233597528294165,1.1432852745056152,1.2087023258209229
00157_snr+0,0.0,-0.6212515811088654,0.08488333586273292,0.8283217807852515,0.7297425635510841,3.6688727397971395,32.54174327068474,19.341075524601717,1.1128331422805786,1.0916225910186768
00158_snr+0,0.0,-0.6105493711912986,-0.017329658084150087,0.6772186843080717,0.5909360410984056,11.217792470721884,33.20825720870991,26.94572768569491,2.676478624343872,1.1286715269088745
00159_snr+0,0.0,0.008614293120911514,-3.632354434241461,0.6473015561011458,0.49769824100580135,nan,nan,29.920388799432544,1.0522942543029785,1.0809893608093262
00160_snr+0,0.0,-1.0709633382957149,-3.7076158279185734,0.7332249114213937,0.5647404537250218,14.51227769081202,36.53255462360673,31.56786370816486,1.1011357307434082,1.0895272493362427
00161_snr+0,0.0,-0.16984186517370006,-3.3569723218623135,0.8404005752765575,0.7374174548143139,2.6252663901435733,24.249657055754437,29.19269301051322,1.0811362266540527,1.1003444194793701
00162_snr+0,0.0,-1.489533464561338,2.2119137204628214,0.6123297381544339,0.6376464939001368,3.9650469988820287,34.36197119111442,15.575071924007837,1.1622517108917236,1.0791634321212769
00163_snr+0,0.0,-0.03045243514902787,-0.17654933066531575,0.7364125014148851,0.6702790558991396,nan,nan,25.285271344849495,1.142471432685852,1.1367666721343994
00164_snr+0,0.0,-1.1951634249986283,-1.1685319664043696,0.7445054680862245,0.6393688203675704,7.883768456287864,34.11957319527208,31.988949421428188,1.0974135398864746,1.1928244829177856
00165_snr+0,0.0,-1.763568406616407,3.974108747528058,0.7897433727888877,0.7246033821214477,29.421189773330184,43.950878798653676,21.8138789816628,1.191531777381897,1.1609618663787842
00166_snr+0,0.0,-0.6034667152864697,1.1575376103368895,0.8367244178411839,0.7349509273470577,-7.675841301448508,26.94359633455031,17.20118103654357,1.2180088758468628,1.465557336807251
00167_snr+0,0.0,-1.1633043007962465,-0.6544491366195803,0.7648015448307347,0.6748213912417156,1.7006042901177243,35.53216318297726,28.00270139928444,1.2995938062667847,1.1099649667739868
00168_snr+0,0.0,-0.4699607912145718,-3.055950023780828,0.9357573715699911,0.7520787549726602,28.070242092353915,32.314727588245674,24.99153133556273,1.1459887027740479,1.1132159233093262
00169_snr+0,0.0,-0.8537120325801952,-5.594165205855709,0.7074158526180602,0.5562827904474505,27.342523019875543,42.23924692470561,34.053936382472756,1.052275538444519,1.058652639389038
00170_snr+0,0.0,-0.3646356155118218,-1.4875419334444233,0.854049817437197,0.6007489121078392,-6.133842348589011,30.433710920722717,31.243334132074175,1.1029126644134521,1.354539155960083
00171_snr+0,0.0,-2.191576944437565,-4.634255134854794,0.717242846966266,0.5767265380648752,24.764781639664776,38.91729419405363,21.9518148833555,1.173746109008789,1.1393754482269287
00172_snr+0,0.0,-1.5900808431545266,-2.1793553512320445,0.7886159165828847,0.6511889232583,34.281632387488884,36.33572071372201,22.793647572334038,1.196887493133545,1.2204493284225464
00173_snr+0,0.0,-0.04764939215602031,-0.7668750800109002,0.6932346997668678,0.5566306977108226,nan,nan,27.127453596894497,1.032389521598816,1.0686341524124146
00174_snr+0,0.0,-0.7682702397349178,-4.113853010495204,0.755336599489967,0.5569757788260761,11.755268945849268,37.84447767485848,29.29593419422507,1.3734804391860962,1.057740330696106
00175_snr+0,0.0,-0.8893337773334192,-4.155588988113269,0.8869529804190268,0.7185738178939619,27.855656972236833,32.03188402367712,22.606423465694988,1.2387148141860962,1.5103864669799805
00176_snr+0,0.0,-0.6024608695628199,-7.345529093530089,0.7066320873307547,0.5844571631397218,27.933842706891706,33.23522459775431,33.31149183977631,1.0500843524932861,1.0838006734848022
00177_snr+0,0.0,-0.715666232443345,-0.7740843550417553,0.7121957441767498,0.6653630606485866,13.296597350396953,30.08147796273592,23.278988835678224,1.070496916770935,1.0913554430007935
00178_snr+0,0.0,-0.43606130120697034,3.8909202081518703,0.8149071859247958,0.842000870834397,25.776295267711994,29.751752517891322,18.827009745141144,1.4336974620819092,1.5538758039474487
00179_snr+0,0.0,0.03125795025926559,0.3577541205083915,0.7537681542109774,0.6801540301237196,nan,nan,26.370180827501343,1.1751399040222168,1.4474267959594727
00180_snr+0,0.0,-0.49138609914433307,-4.118888612014286,0.8709407385735795,0.6773256557045471,8.79589642988742,31.8206724746137,27.8778749928164,1.0890969038009644,1.1204603910446167
00181_snr+0,0.0,-0.9190089173689141,3.819844860338548,0.6718170689044249,0.6796841934885702,7.7452263735294125,34.58819296792584,17.49127082087925,1.3853240013122559,1.0857471227645874
00182_snr+0,0.0,-1.9153157175901334,-1.8968427283035711,0.9508362186613599,0.9505669544635171,31.172761613543084,31.836557011099153,9.56051154780395,1.7838983535766602,1.6024000644683838
00183_snr+0,0.0,-0.7034747755402613,-8.03643319006867,0.7053181531791214,0.5875751545312139,1.9719842024685532,38.16848346249061,30.27628588186384,1.0428144931793213,1.0313496589660645
00184_snr+0,0.0,-0.3920070546872276,3.3476996010670677,0.699616349678876,0.6894266364471011,8.144125614131067,35.961711741725615,19.042388978705823,1.1208677291870117,1.22939133644104
00185_snr+0,0.0,-0.8534745810256543,-1.8499165560822348,0.8941407904196952,0.7619858808084299,31.26315337029343,33.625270109143415,24.324746342746923,1.3951078653335571,1.184546947479248
00186_snr+0,0.0,-0.3981302578982622,-5.696040126877408,0.8945534925601286,0.6567627059982991,7.505771321718583,29.21940263152347,31.326145132472035,1.108543872833252,1.1330655813217163
00187_snr+0,0.0,0.06287104930277529,-3.400295968023252,0.8359500396659907,0.6863695835363011,nan,nan,32.995316844419776,1.2050843238830566,1.085170030593872
00188_snr+0,0.0,-1.2404252704420196,10.4269573258966,0.8068157866409391,0.8586204818526579,12.347611788475385,47.79119740875335,14.619553641667812,1.2419085502624512,1.0293949842453003
00189_snr+0,0.0,-0.2876723433224308,-0.3197292554591714,0.9426474699793134,0.751712022598428,-4.339021693920132,30.69180846327438,31.026044187388568,1.2384779453277588,1.5359797477722168
00190_snr+0,0.0,-1.0098608223050944,-2.0869264408753825,0.8820474846483337,0.8700570905977231,36.96720010411296,38.65360885774969,16.51934154389135,1.0817465782165527,1.103055477142334
00191_snr+0,0.0,-0.8095341882979596,0.4434133760037879,0.7251904698750656,0.565290228960934,18.541404673833,34.57375701609507,27.603530122999768,1.4218876361846924,1.0312132835388184
00192_snr+0,0.0,-0.3933914208024212,-2.290069939931054,0.608099050233049,0.5038823108057916,0.19596278468689085,34.85163469394809,28.992509549450876,1.0834490060806274,1.1039661169052124
00193_snr+0,0.0,-0.9956634885849353,-2.6568402314222475,0.766221758938592,0.6377818556232648,4.16162628447717,35.84046466880847,30.71830305544465,1.0647482872009277,1.1005375385284424
00194_snr+0,0.0,-1.0360011457387268,-12.466555947622924,0.6973463266143108,0.5299521954710121,18.19701840127222,36.92772771689066,26.675134235842417,1.0655343532562256,1.0944901704788208
00195_snr+0,0.0,-1.3231344828739071,0.8601592551969013,0.6683128745058123,0.559398419763951,-1.0753986258080892,42.12903785968201,18.3584140007438,1.2099825143814087,1.20674467086792
00196_snr+0,0.0,-1.271903995845046,-6.61867772249089,0.8712724802620262,0.6466828719133918,33.17542410068636,38.14421815194171,30.04519738982578,1.3629213571548462,1.2535786628723145
00197_snr+0,0.0,-0.5654551318154175,-0.8582658590603658,0.9758666897703513,0.7500393315509819,28.341998890484547,39.91778689874463,30.34997121134704,1.5415732860565186,1.7305232286453247
00198_snr+0,0.0,-0.44777400348658636,-2.7307958827014644,0.7463131664199698,0.5241444576504419,24.068867098364507,31.697608372791816,24.248088428340186,1.4081718921661377,1.0851155519485474
00199_snr+0,0.0,0.05400727145467393,-4.762661320899222,0.7886965452214495,0.6402557080063435,1.5804876262706766,35.08188053505699,30.85499863606999,1.0853917598724365,1.2206473350524902
00200_snr+0,0.0,-0.48846316127679723,-4.873334619032303,0.7687989298578387,0.6669330997474304,-1.4734005123248748,30.169541724794367,31.400381715357938,1.076874017715454,1.0641828775405884
00201_snr+0,0.0,-0.5640347025702526,-0.8616806539491805,0.7443846506246031,0.5815628777630896,13.597360038083824,39.475500199395405,30.22297084993794,1.3374056816101074,1.1257843971252441
00202_snr+0,0.0,-0.44298667424721716,-1.3276873867576926,0.8201175167514804,0.6862595113730189,2.310864639602279,32.20668808814516,23.159139226980674,1.1642531156539917,1.2489733695983887
00203_snr+0,0.0,-0.9054388567213516,-1.287587376936751,0.8308389074938922,0.6527994888776778,16.324569933165407,38.74955014778124,25.929353970181136,1.0884294509887695,1.0719610452651978
00204_snr+0,0.0,-0.02061439823108841,-1.232339533383018,0.6666756400977101,0.5656509218974637,nan,nan,32.924002461267214,1.0761222839355469,1.0822606086730957
00205_snr+0,0.0,-0.22373490987665987,-1.9774656937918196,0.8096153261885612,0.6603678468635388,-3.965741613920921,31.89993982315876,31.848243780463616,1.1033194065093994,1.133836030960083
00206_snr+0,0.0,-0.6297503699633269,-5.727976745080825,0.8106879610807957,0.5832407184469324,21.731784509452865,32.51157293228218,17.711869796925598,1.0814523696899414,1.1179742813110352
00207_snr+0,0.0,0.05028733644094938,3.8034351574760725,0.8588670930793877,0.8718538758064674,nan,nan,18.358841019037833,1.616342544555664,1.6386990547180176
00208_snr+0,0.0,-1.1091838924839075,-0.8809468145294468,0.7123829606172599,0.548838632962969,0.42451572337410004,33.20375195391254,31.501516779749565,1.0835899114608765,1.1221656799316406
00209_snr+0,0.0,-0.08526530109946334,7.594630059290006,0.6631485522586011,0.6134485273491419,2.911417177453959,28.10453958576115,16.570526831524383,1.130411148071289,1.0335544347763062
00210_snr+0,0.0,-0.08242563764553915,4.975969721341536,0.9749450319520581,0.8759917139046829,nan,nan,22.021532551281243,1.6047532558441162,1.729224443435669
00211_snr+0,0.0,-1.4526428196132268,5.7634006481413715,0.7716657530375968,0.8458062825338515,3.556698754907288,30.528785615109616,11.940078741160177,1.4518003463745117,1.1210637092590332
00212_snr+0,0.0,-0.3895869908538777,-2.078078988609354,0.710977718687287,0.3601927523596679,6.786668843777187,38.26291638650063,24.458127269149376,1.170301079750061,1.095832109451294
00213_snr+0,0.0,-0.08539335182620339,3.484072870328707,0.6990762534578883,0.7024055749205533,nan,nan,16.138805887002654,1.1767483949661255,1.1372121572494507
00214_snr+0,0.0,-0.09236375577179894,-2.4954605695049046,0.7904728958623317,0.6271699478422709,5.61063021526315,19.027477383157937,26.538333276883982,1.0573352575302124,1.0683833360671997
00215_snr+0,0.0,-0.9860472031643532,-1.9838505569925626,0.8520643625684279,0.718426805957946,33.24677453295688,37.82947328112098,27.52376945494127,1.1399470567703247,1.3479503393173218
00216_snr+0,0.0,0.13079778564572458,0.6642314964552876,0.881352706065906,0.7280400088953459,nan,nan,17.423100358304914,1.0957238674163818,1.3517134189605713
00217_snr+0,0.0,-0.7468307217972914,-0.8564285105198051,0.7777631006100774,0.8144457281809881,19.689091141768994,21.524386119300225,13.927234577575968,1.3262547254562378,1.4048231840133667
00218_snr+0,0.0,-0.5515980360300559,-0.6038560077757439,0.6759670866997574,0.5879954433922031,9.704527207971564,32.29230639466056,29.9850677655548,1.087891697883606,1.0881376266479492
00219_snr+0,0.0,-0.044156633930402846,2.2372621475691306,0.8303085265707265,0.7951217758714828,nan,nan,26.869317079759636,1.2216098308563232,1.3511922359466553
00220_snr+0,0.0,-0.6284450929758678,-8.579622546529992,0.8408554453082429,0.6664693013775305,37.032811989453364,41.08769005538541,27.980994828822684,3.6277260780334473,1.3808479309082031
00221_snr+0,0.0,-0.35729250652932376,-0.745887511389688,0.802286608098739,0.6116359191034152,10.953238522905242,34.12248892459103,24.638520973783546,1.0637389421463013,1.0451668500900269
00222_snr+0,0.0,-0.713889531519062,-4.637529549644431,0.6736309853060536,0.48177235769639465,18.516910626560108,35.677236331155335,22.5044843460625,1.0559170246124268,1.0330311059951782
00223_snr+0,0.0,-1.1473561128740204,-0.4448937198008274,0.6160407424516204,0.5844639381644213,10.042094755969497,38.31207661810751,30.63273755463128,1.1000123023986816,1.036681890487671
00224_snr+0,0.0,0.005336009420235821,-1.686895872780684,0.8292817091859482,0.6630802649922267,nan,nan,21.733452664845114,1.1893813610076904,1.3465867042541504
00225_snr+0,0.0,-0.6137550412149021,1.7654135615326298,0.9060054729601639,0.7724512940612901,8.591379608066468,32.55118099882642,13.553050082877192,1.1350085735321045,1.1941395998001099
00226_snr+0,0.0,-0.5487488751864874,-1.142653660405085,0.925919560804312,0.7735544385260135,20.963020626331804,36.481981037988724,26.577482608553048,1.083565592765808,1.1114380359649658
00227_snr+0,0.0,-0.7747490197414831,2.799085338857357,0.6706402075288566,0.5422970101548145,23.32702212153077,30.112123097646588,16.88198888443882,1.089269995689392,1.1011364459991455
00228_snr+0,0.0,-1.1949631466097335,-3.614683525943052,0.9135043141223038,0.7345533578131397,20.96856968113969,43.78361137335595,32.807599958802086,1.1059420108795166,2.0910935401916504
00229_snr+0,0.0,-0.7919968586223942,1.8468041809299391,0.6501217127923675,0.6647386087814744,1.1502396478220043,30.090788883908722,16.694201342196358,1.1377966403961182,1.0869303941726685
00230_snr+0,0.0,-0.02273460804460174,4.384678856956291,0.8234750300583104,0.8022207896481924,-2.0371238425602822,29.338573257887806,15.376552372360356,1.133538842201233,1.0868219137191772
00231_snr+0,0.0,-0.08109063674383865,2.2009024292206987,0.6557727222912867,0.6735480306149075,nan,nan,21.678571084288357,1.1417207717895508,1.1161860227584839
00232_snr+0,0.0,0.07145029354809435,-3.0984612118158656,0.6973916377913956,0.5885067259430896,nan,nan,35.76671021950909,1.0663485527038574,1.1460905075073242
00233_snr+0,0.0,-1.0563917031941443,-3.608582752910566,0.9568331829681017,0.8312042545173931,3.131293087508904,16.387366060338916,13.008167013302863,1.0603365898132324,1.113990068435669
00234_snr+0,0.0,-0.008014421919785117,-2.6318774753317236,0.6701191174811558,0.5516302118052199,nan,nan,22.302388831659687,1.100454568862915,1.2092056274414062
00235_snr+0,0.0,-0.4716278232926884,-3.3569518441951685,0.8146875846657944,0.5823934782629722,23.840892601829033,32.297995705514396,31.092171171846797,1.1471866369247437,1.1200900077819824
00236_snr+0,0.0,-0.8159687572843501,-4.080584714043222,0.6544456278718142,0.5386873973073995,-2.188500917500518,32.23258109173042,31.768627634951038,1.1170899868011475,1.1087104082107544
00237_snr+0,0.0,-0.6368883331828913,-9.065037079217607,0.7158487207272557,0.5537172598104634,14.243800236739698,33.38207013728527,34.85075330338602,3.430927276611328,1.0837281942367554
00238_snr+0,0.0,0.9794814383062425,15.065925311836565,0.9810003656468791,0.9241219103548776,-0.48958070475563964,38.12613684346707,14.371309024323878,2.9915642738342285,4.389843463897705
00239_snr+0,0.0,-0.3620423464906075,-1.760817103521077,0.7412734567918188,0.6819580966317096,9.582816706068924,36.072166331801185,29.223296999728017,1.0961276292800903,1.1361026763916016
00240_snr+0,0.0,-0.13323255949386342,-3.9816051812975193,0.9376037707299016,0.6430914386349418,-5.560795657465927,0.0,21.35001637075451,1.0828171968460083,1.8928401470184326
00241_snr+0,0.0,-0.5283587575009778,-2.546406968342438,0.7016281351506545,0.5802481512054759,-3.3773425337294167,35.77756266630024,28.254240987521513,1.0616892576217651,1.039307951927185
00242_snr+0,0.0,-0.6007536588392794,-2.0731165454161102,0.7263763823209475,0.6222990001373898,-0.08162934592033039,31.491137174597092,31.53092814014959,1.0885601043701172,1.069553017616272
00243_snr+0,0.0,-0.7149355628545895,-2.2421668752610837,0.8676402747057265,0.6792858045585092,1.6441399399508518,41.89156327643396,32.071691586078046,1.0895789861679077,1.0646026134490967
00244_snr+0,0.0,-0.1647489001698141,-3.6610952001075474,0.7864436928884792,0.47225733976220247,5.686859270047414,31.68570218894816,26.12243801523328,1.7313698530197144,1.1361829042434692
00245_snr+0,0.0,-1.9432395091191714,3.8221948378008452,0.7755937334013937,0.6482794056814482,25.735615545275575,39.053469683248906,26.478932426789427,1.1784124374389648,1.2032067775726318
00246_snr+0,0.0,-0.8258143737310596,2.4527205100831377,0.6338780226602929,0.5540469512793245,3.4014629809688217,31.00094983103206,26.644593567714047,1.1758314371109009,1.1602665185928345
00247_snr+0,0.0,-0.8858181900606823,9.0492760552201,0.9149538248227185,0.9090621516555425,8.424474752953545,39.283588706325666,16.303074296516623,1.4323937892913818,1.171006679534912
00248_snr+0,0.0,-0.03666282173773283,-3.3945699234611526,0.8740528412265516,0.6381219501664491,nan,nan,35.279727962267955,1.0612940788269043,1.1793818473815918
00249_snr+0,0.0,-0.025816934455795415,0.8009524579349621,0.7101606439678811,0.6822932809172312,nan,nan,24.38321976232595,1.0817657709121704,1.0506391525268555
00250_snr+0,0.0,-0.44990552586675053,0.5429925372650062,0.6720022508596037,0.5418810565412086,1.1361151972378012,41.15868945216262,21.34433129852409,1.0931898355484009,1.0652496814727783
00251_snr+0,0.0,-0.600957415760318,3.77686062554881,0.7667085383846738,0.7814017638777353,10.066509819241814,41.074048594656254,14.413327609657298,1.2357114553451538,1.0681747198104858
00252_snr+0,0.0,-0.41805793147472264,2.888565657795109,0.7012336150467762,0.5337563129694572,6.55834455304645,33.02300482608223,24.817942166298018,1.0755397081375122,1.116300106048584
00253_snr+0,0.0,0.1423255465172425,4.438076214474254,0.8915606922616339,0.7660967131589753,nan,nan,22.856125136031366,1.1834864616394043,1.191913366317749
00254_snr+0,0.0,-0.7923383024787141,7.846779689375652,0.9055268771547466,0.8295292530117925,15.5535498895288,30.898831273733226,21.476198549422104,1.2714593410491943,1.3334463834762573
00255_snr+0,0.0,-0.8328886477079382,-2.4921793598323303,0.8916323209324191,0.7313101351105428,10.340285188805055,26.219697906613412,28.306127364118794,1.1733843088150024,1.593042016029358
00256_snr+0,0.0,-0.006639244815522062,5.3673699404024156,0.9847784553467295,0.8431745742910475,nan,nan,13.15355203489401,1.939716100692749,4.206490993499756
00257_snr+0,0.0,-0.09828408060217966,-2.141358116939098,0.5585781696192851,0.523551473918022,-7.678399337315175,28.135701223136206,30.95435833959941,1.1329721212387085,1.1414308547973633
00258_snr+0,0.0,-0.6252308321347335,-1.5490997124349923,0.5781793869723146,0.5498456371398498,2.356965625339562,34.000070553947516,27.680298587369702,1.089327096939087,1.0624700784683228
00259_snr+0,0.0,-0.2768333490743005,-4.941560718906837,0.9503957842262875,0.7084069134777956,8.598350426737918,34.27962802755734,36.360893501488164,1.20511794090271,2.7664742469787598
00260_snr+0,0.0,-1.5570901480860577,8.452331309443004,0.9681645851223472,0.9180209666480185,6.708404787276871,41.97291490028454,10.984246953838712,2.6247034072875977,2.3705027103424072
00261_snr+0,0.0,-0.6973649764174483,-0.07800320341841141,0.7383450936285868,0.662054814618344,-0.9720601740543475,33.97131016801789,27.13909129829863,1.3394228219985962,1.0719505548477173
00262_snr+0,0.0,-0.055185746992284304,-0.15347313849049565,0.8257859618562388,0.7868944757356906,24.009400380407413,33.328317639180966,17.635888974970005,1.083593487739563,1.0861955881118774
00263_snr+0,0.0,-1.6612514425926324,0.1882070018101216,0.7733988012161378,0.77240379802149,34.094084653649205,38.63672542695164,9.87661544829379,1.3130316734313965,1.2623838186264038
00264_snr+0,0.0,-0.6659249636871002,3.693021522042729,0.7374621746923057,0.7388529637927305,27.07555704625165,30.212495281448355,13.67563847588262,1.2712376117706299,1.1339198350906372
00265_snr+0,0.0,-0.028092342330446024,-1.349859606627914,0.4769544186261729,0.3821161064925414,nan,nan,20.786208287971927,1.1402477025985718,1.0530139207839966
00266_snr+0,0.0,-0.023621186678182502,-4.487646511146712,0.6483251114668767,0.41282996123853927,nan,nan,16.179005473090946,1.0153160095214844,1.0663546323776245
00267_snr+0,0.0,-0.7417244764712572,-3.9632132153349047,0.6622027188890626,0.4144384188757402,4.618087436768237,33.18039206635373,30.603418145509412,1.060774803161621,1.0701895952224731
00268_snr+0,0.0,-0.3116766067916777,-3.255564257939512,0.8028308101395588,0.6475637229589484,17.851071436329132,30.03593910022458,31.88718582805005,1.0703881978988647,1.211701512336731
00269_snr+0,0.0,-1.4017179366069308,5.229587408741082,0.6355480746251464,0.651691484379809,19.694152527040885,45.368775277062184,18.239132431832463,1.1510101556777954,1.0856579542160034
00270_snr+0,0.0,-1.8552978426650832,2.658613082459066,0.9360730066193564,0.7838957541642849,21.72416607644049,37.134598458797036,15.165599652816493,1.2855957746505737,1.3747210502624512
00271_snr+0,0.0,-0.6040561328159483,-5.07209346435379,0.7948037533563883,0.6366295599083074,22.323163002843593,30.195911734599118,19.470069360532882,1.0405843257904053,1.0520014762878418
00272_snr+0,0.0,-0.6549034853420849,4.532163249882907,0.9251107846032359,0.7799770205262955,-3.7671278150411194,33.53370953758824,15.441117686459643,1.3794504404067993,1.705163598060608
00273_snr+0,0.0,-0.0839099923687138,3.777449647223774,0.6829829552705227,0.6347764194413288,25.662942117595424,34.517909367462345,18.486273069140005,1.0865675210952759,1.0464012622833252
00274_snr+0,0.0,-0.3336543134869737,0.2095440006397931,0.7960257773670899,0.7225997155253092,-1.2087767563596412,32.640712440733026,24.064670741327284,1.138810634613037,1.0852818489074707
00275_snr+0,0.0,-0.9643802263009505,0.14695928150727652,0.77037509419464,0.6607028044815514,24.919474704592183,38.78125852072237,16.682680730515578,1.1584935188293457,1.1837552785873413
00276_snr+0,0.0,-0.09980768533944044,2.9020550915942325,0.8251382850356291,0.7414844069025114,9.8947153359837,28.20595586651081,21.663690835638448,1.6271698474884033,1.3212437629699707
00277_snr+0,0.0,-0.42930225514992143,-13.749891525562589,0.7187204277492246,0.35939670093501797,35.84412806287133,39.006901986786275,23.05888509569531,1.06519615650177,1.0817598104476929
00278_snr+0,0.0,-0.5118536895862825,-3.16436983576166,0.9208951741390001,0.7155499454780568,-10.250899941295549,32.31058005325221,26.199236858300907,1.114659309387207,1.1049386262893677
00279_snr+0,0.0,0.04812033791285423,4.7451515596928076,0.6206724897512138,0.6228572801517938,nan,nan,17.27076439626521,1.188894510269165,1.0554656982421875
00280_snr+0,0.0,-1.1836772519272083,0.513515022502809,0.8367114388603941,0.7104023999201403,7.985404613412824,38.55201615308098,28.487405432625838,1.1038275957107544,1.069679617881775
00281_snr+0,0.0,-0.12860752745492315,1.1785113427496539,0.8479228971500259,0.7452805001732469,-0.5575629800254995,35.12736994538754,25.700951587432805,1.146474838256836,1.1385221481323242
00282_snr+0,0.0,-0.2836213312398522,-5.662545762257415,0.9126688935014415,0.6980857319404181,31.711705951655293,31.897925433356775,29.662424626298016,1.0817012786865234,1.235124945640564
00283_snr+0,0.0,-1.269565430667474,1.4068028134844504,0.9902051396858822,0.9759767623179842,32.65897483726279,36.96472988098248,11.2650083054103,2.0631356239318848,2.5837442874908447
00284_snr+0,0.0,-0.8315096327914663,7.203635808867983,0.9879057048483182,0.9176688557375122,7.483322777016842,41.6132400446366,17.389880796766683,2.009166955947876,2.306910514831543
00285_snr+0,0.0,-0.03823439725799717,-1.715883781574325,0.5871396941472881,0.4991908221644804,-0.18345109261196313,33.96188565102927,26.081463970904352,1.1746642589569092,1.1242659091949463
00286_snr+0,0.0,-0.0387580975851299,5.745822240898871,0.8277822884637713,0.7393999399030445,nan,nan,26.593248359488424,1.1649783849716187,1.1073074340820312
00287_snr+0,0.0,-0.8647614159808247,2.09094468584777,0.8349727396134077,0.7587913984977566,29.434401899263595,42.57244127930727,15.828912963399508,1.1256054639816284,1.1067907810211182
00288_snr+0,0.0,-0.01904347028787749,4.544036286713729,0.6926816834444369,0.7716503030958899,nan,nan,16.25323702717608,1.3233702182769775,1.0783406496047974
00289_snr+0,0.0,-0.5272008888272588,-2.395540163244349,0.7143720291735296,0.5160658751225443,18.858980267351317,34.741460222365006,23.547330704839094,1.0602631568908691,1.0686944723129272
00290_snr+0,0.0,-0.01231496061858531,-2.3262190174514634,0.7360854955302301,0.6218348225934962,-8.313632150707614,16.866741004005494,29.50088798920006,1.08500075340271,1.1365532875061035
00291_snr+0,0.0,-2.0737868124428975,-3.455086005220399,0.9600517709095165,0.7701708676554891,39.634357440011605,42.33992690077859,14.220991219494284,1.0705136060714722,1.1553056240081787
00292_snr+0,0.0,-0.6428139096471674,2.447555828061228,0.9317021132505668,0.7299827027358634,10.554009314416872,39.94087141467436,16.2691150677141,1.1912277936935425,1.4115378856658936
00293_snr+0,0.0,-0.6092396735352618,-7.122589909652315,0.8031995532002751,0.6765396936003091,22.687788004366777,30.098836782800756,31.75680516596868,1.1014018058776855,1.3581876754760742
00294_snr+0,0.0,0.023581792693248803,-1.5240287244875934,0.8734793785678111,0.7331033737878956,nan,nan,33.88700392082173,1.0930894613265991,1.1017823219299316
00295_snr+0,0.0,-0.8459143730629999,1.0048067562674907,0.9526098938969906,0.7902000665413652,20.90276615745303,40.50177453973315,27.467490822905862,1.2519307136535645,2.699633836746216
00296_snr+0,0.0,-0.5062999669308897,-0.06765495276271223,0.8970571646891554,0.7430230801573079,3.9673029895479104,34.84198220220023,26.379373070215614,1.5102121829986572,1.0748484134674072
00297_snr+0,0.0,-0.005055747951374322,-1.9321393276569174,0.8695282665091904,0.6897772748854072,nan,nan,25.558517688285214,1.0893702507019043,1.259434461593628
00298_snr+0,0.0,-1.1325766012693408,1.4829708111657243,0.7573402362361306,0.6828374196052682,8.654135540557517,37.6449903330664,12.773631843864855,1.1237413883209229,1.044231653213501
00299_snr+0,0.0,-0.3962858505540043,-4.485983418434001,0.9278287635361809,0.7562642714064304,9.766577553196157,30.76010417470034,28.772508362129734,1.074243426322937,1.0811396837234497
00300_snr+5,5.0,4.527270956379573,-0.6667942416664621,0.8198205560236125,0.707268466127556,11.633482525561124,39.76778676404376,29.023632799007142,1.195500373840332,1.340219497680664
00301_snr+5,5.0,4.9675475151860145,-1.2362611300717516,0.8395638913555572,0.6668470343486225,nan,nan,32.789617280376326,1.435469150543213,1.4910105466842651
00302_snr+5,5.0,4.56937903236427,1.5795164281756882,0.8926936505211658,0.6626588147752609,0.9525170650114395,25.26519630868856,23.62119504500914,1.0920320749282837,1.1469361782073975
00303_snr+5,5.0,4.075194172741695,-2.06886085132873,0.7885658068946084,0.6066329030279188,14.051194273076,30.567845876650228,25.563282659283697,1.0967247486114502,1.1242488622665405
00304_snr+5,5.0,4.187773400558903,9.562158515717133,0.774749378919368,0.8946110318370772,10.445921601427138,23.9582540923005,12.823168461838861,1.438093900680542,1.1297231912612915
00305_snr+5,5.0,5.117236100466221,9.858040587932358,0.7696223204285064,0.7692662851228843,nan,nan,17.58707168288683,1.419863224029541,1.1223394870758057
00306_snr+5,5.0,4.2990754947420555,-3.4285279825285975,0.8473804727197163,0.5571016440861399,31.657684567645457,34.49812239171787,18.043176194239862,1.0655018091201782,1.1134004592895508
00307_snr+5,5.0,4.273001777234674,-1.6462452431899548,0.961337337693465,0.7573296952959362,19.517894206211942,26.72401743059316,31.32829568932261,1.1384941339492798,1.3524634838104248
00308_snr+5,5.0,3.690799079437028,0.5793966792551113,0.766625731220061,0.6579074397277397,6.421227352676937,32.763253840426756,23.902354468219123,1.1663260459899902,1.1411058902740479
00309_snr+5,5.0,4.207814857257145,-0.7452933047531547,0.7695952133184374,0.6445359581520861,12.123768889406097,29.741463262110535,25.003893783699464,1.1129875183105469,1.1460546255111694
00310_snr+5,5.0,4.491484177614956,4.559457839859,0.96036455832889,0.7642997106388844,27.62281259957957,30.68304109218831,21.773621884373995,1.2684521675109863,2.005502700805664
00311_snr+5,5.0,2.4678452950728635,2.4321785608717024,0.9870186960633793,0.9556594492478532,32.99210377798222,33.31713902008686,9.757864264723082,2.550001859664917,3.15952467918396
00312_snr+5,5.0,3.9376947212414897,1.4974698344636839,0.9152125647331584,0.8266509136887463,23.509779314656278,31.44055844690396,22.86545019006567,1.2122721672058105,1.2925390005111694
00313_snr+5,5.0,4.492358794889283,5.298528047608287,0.9260048140378463,0.7780992519943596,1.9948748219140544,34.757699713269645,18.88721298816624,1.213304877281189,1.2944509983062744
00314_snr+5,5.0,3.3351933247681416,-5.424027359605239,0.856689130775482,0.6114621756404974,17.589977977907076,39.82679772824035,33.73794178537223,1.1151947975158691,1.3730016946792603
00315_snr+5,5.0,4.833222054523308,-2.6942150948346475,0.8632012745766338,0.7152997366775687,3.0112133675047446,28.747659037728702,34.10652444336888,1.4163808822631836,1.3459655046463013
00316_snr+5,5.0,4.688220714669262,-1.915939070782875,0.8598078103645403,0.6740538353271188,2.114994912478326,25.414892747041456,29.69091300909307,1.3458800315856934,1.1464855670928955
00317_snr+5,5.0,4.296866388032888,-0.499354786760728,0.8921104125416488,0.6490027607202421,10.066656037441488,35.821367075121564,28.172307009048307,1.5121458768844604,1.1494566202163696
00318_snr+5,5.0,4.9913858240364615,8.16971860242871,0.8493331348612794,0.8605499992819092,nan,nan,14.611963860388503,1.4775012731552124,1.2706493139266968
00319_snr+5,5.0,94.79458069197656,34.70024723355443,0.9999999999999999,0.9994776663368173,-3.686530025756096,0.0,7.192922702025742,4.412304401397705,4.643888473510742
00320_snr+5,5.0,4.046174485420004,3.5473972501148947,0.7834308286828635,0.6328454384169406,10.648232164158811,27.84118518843451,26.937182460734906,1.1221699714660645,1.0583972930908203
00321_snr+5,5.0,3.9064926076670794,3.4327879592362005,0.854400483858957,0.8440542704778857,20.304834546368873,24.680196051959506,16.7610240062156,1.1067616939544678,1.0996595621109009
00322_snr+5,5.0,4.9778416823548035,6.162645755981751,0.8464771645992207,0.855788603326032,nan,nan,17.542828093047806,1.7791403532028198,1.806257963180542
00323_snr+5,5.0,4.15677914858114,3.653755050483361,0.8852314453811584,0.8029642431690565,8.354410582675625,24.93889521141149,22.017642907921136,1.2154732942581177,1.4494919776916504
00324_snr+5,5.0,4.566352307151985,-6.392454384243366,0.9091891523863418,0.6521267757080393,15.156197289072589,37.50918258932494,29.151099336291463,1.059598445892334,1.3544813394546509
00325_snr+5,5.0,4.743511887055912,12.511656970462377,0.8820059435753529,0.9057883543029898,0.8609811118161785,27.388756786682443,14.890792290499519,1.7516093254089355,1.290342092514038
00326_snr+5,5.0,3.809357639470994,3.915371126458524,0.8426218307274908,0.6955869830754468,5.862921895095328,29.397266091788815,28.29798796175604,1.1357593536376953,1.1186069250106812
00327_snr+5,5.0,4.9937981289936255,2.105714939773669,0.9790298374382168,0.7787208925979869,nan,nan,31.032316469124407,1.1588689088821411,2.5676498413085938
00328_snr+5,5.0,4.123704296632498,11.429199387910156,0.8947700230056471,0.9420674455252218,5.788160138952566,24.17068365358781,15.241684310292802,2.006185293197632,1.3445484638214111
00329_snr+5,5.0,2.7684915035510183,10.342540605445995,0.9458207927913687,0.8357145132588282,1.950416221373573,41.44798012844616,19.878115738734106,1.6283376216888428,1.374219536781311
00330_snr+5,5.0,4.088620409477933,1.2347619277308737,0.9073369747230727,0.7794277975377997,-1.8593872926724382,28.47052248425825,31.378351820948435,1.1600522994995117,1.185542345046997
00331_snr+5,5.0,4.966980008753488,3.7302468041704984,0.9354438585677538,0.7591718069426643,nan,nan,21.830657315107885,1.2793052196502686,1.5635275840759277
00332_snr+5,5.0,3.9646237736666263,7.163130847343871,0.7413167947814729,0.7751778743011887,23.22746026061167,31.629919060749707,13.303506067349007,1.182926893234253,1.1832685470581055
00333_snr+5,5.0,4.6328914660725955,1.7263195637425093,0.8398784988854605,0.748888427873882,-4.688569919863434,29.0204149813415,22.061217868062922,1.192317008972168,1.2018380165100098
00334_snr+5,5.0,4.353678627700603,12.767399630925594,0.898419663075722,0.9315513253388139,1.1182503034807454,15.400281574787032,10.670372212371777,2.236530065536499,1.6704597473144531
00335_snr+5,5.0,3.3455833711480762,4.271941230371653,0.8789541076084926,0.8812965159634334,21.120012954874223,23.770335936623827,11.847584066123327,1.2692947387695312,1.2907373905181885
00336_snr+5,5.0,4.894880079055649,4.738936605718927,0.8132621168958148,0.7713961526891882,4.887636717266732,37.69391959066994,22.98261724930688,1.1866651773452759,1.2370154857635498
00337_snr+5,5.0,3.85949179836604,24.635525519422753,0.9999999999999998,0.9850135308425094,22.640480924434996,47.29327219886598,8.986341716468644,4.112539291381836,4.459099769592285
00338_snr+5,5.0,4.2233836341496325,9.67919726591071,0.9726975238459439,0.8064007412178763,5.215854814550681,36.20200429964372,13.575609412882041,1.6094695329666138,2.4370288848876953
00339_snr+5,5.0,4.958576482653298,-2.9284115126588484,0.8666701419130783,0.6243115960798337,nan,nan,32.432635994937435,1.081956386566162,1.3712109327316284
00340_snr+5,5.0,3.866443284261549,2.6490976435368103,0.9094442679988187,0.7324016596167092,15.277602446618179,30.626628294735795,22.851759195443552,1.1766910552978516,1.16038179397583
00341_snr+5,5.0,4.285342802063884,-6.490857360476189,0.8342665232882629,0.629387307957522,-0.9650770671871124,32.369272901929605,28.82341570979031,1.078306794166565,1.101777195930481
00342_snr+5,5.0,4.952376257321344,9.595070791277427,0.8734518345673891,0.8592325648584895,nan,nan,16.327948160756595,1.6283528804779053,1.5145412683486938
00343_snr+5,5.0,4.666923318926951,3.2414216423001423,0.8399821823522517,0.6828627325422942,1.4923883016874708,30.697921318588627,19.82404696946712,1.1636766195297241,1.2971737384796143
00344_snr+5,5.0,4.724639062071428,-3.1486357537117904,0.9195230678103756,0.6379533272122395,-15.104694945955078,11.315916109894744,33.54016746005554,1.1164311170578003,1.8442649841308594
00345_snr+5,5.0,4.465875068473971,-1.196881616650241,0.8114057963055558,0.6517587544994078,11.355224776809965,30.631944503345274,30.940298332968236,1.1047594547271729,1.3238279819488525
00346_snr+5,5.0,4.121689159932739,-5.640169790036646,0.7666145546265751,0.5861884688951274,18.63967540365404,31.25755245925849,31.103625989013782,2.3268537521362305,1.1132174730300903
00347_snr+5,5.0,4.942884972949168,7.008563839337185,0.8226204356653363,0.8369574138878321,nan,nan,17.26031236554988,1.5450718402862549,1.264631986618042
00348_snr+5,5.0,4.284203489503321,-4.430738799561038,0.858191428220208,0.7002621560193419,11.598243579266976,33.76022878547446,35.8986709314544,2.037903070449829,1.1155978441238403
00349_snr+5,5.0,4.047802684563619,9.652294462597528,0.7849293920276426,0.8447012179887126,-1.3829535804836004,30.402762219503693,16.45904626521102,1.5634331703186035,1.1352407932281494
00350_snr+5,5.0,4.168647534453909,3.096360297253172,0.9142405221881746,0.7314110654754916,8.70607028713419,31.79220313038647,24.184985017451506,1.2265839576721191,1.2445166110992432
00351_snr+5,5.0,4.335773732675357,0.1685600363076546,0.9201265121304558,0.7264006030516553,18.44821211281949,29.770903935896055,25.935835794354723,1.150209665298462,1.3984589576721191
00352_snr+5,5.0,105.42834363742597,33.07175148078118,1.0,0.9985317392263869,-7.035678651765388,0.0,10.22619670943171,4.191044330596924,4.643888473510742
00353_snr+5,5.0,4.4448184967893996,2.508338539190525,0.9280451144992349,0.7972121201326711,5.3216740798599895,33.93323333398634,24.148122372092555,1.2167372703552246,2.6437840461730957
00354_snr+5,5.0,3.4303268587843454,9.459990609160077,0.7241542410142354,0.7092585485701445,6.835809895266676,32.628577614565536,15.350819570088259,1.3366994857788086,1.136998176574707
00355_snr+5,5.0,5.00788083341004,-1.6900022383178452,0.689192358068274,0.5872099889334118,nan,nan,29.434448447098617,1.1168938875198364,1.0991884469985962
00356_snr+5,5.0,4.70863066399062,1.0080999878089243,0.9722373370135763,0.8177479961871567,6.32420409847919,7.7873191884450605,26.831502055610652,1.2392158508300781,2.0599052906036377
00357_snr+5,5.0,4.900801729643842,5.864296658678299,0.6985305164885246,0.6989525501805487,nan,nan,15.074227114312844,1.3140125274658203,1.1150010824203491
00358_snr+5,5.0,3.959741417493702,0.011463963794969015,0.7804699965258305,0.6266585045552352,4.55582218360631,30.782046129187115,30.55844925851222,1.1226310729980469,1.2763409614562988
00359_snr+5,5.0,4.3782130267644,8.013942696270743,0.8541424844469939,0.9027432015596675,-2.255486186306594,18.337613331357858,14.771362987924016,1.623000144958496,1.2425428628921509
00360_snr+5,5.0,4.178212322092118,2.209639720342984,0.7422082197996677,0.6037303668332696,17.182286291747637,33.956273090488345,24.492782685249093,1.072243094444275,1.085881233215332
00361_snr+5,5.0,3.6605125701700825,4.788853466933645,0.847635519471616,0.8592618854650814,12.335383187440899,23.014072924158206,13.249293222083903,1.6447887420654297,1.402706503868103
00362_snr+5,5.0,4.062704182157986,5.978437885566979,0.8246721778799984,0.7967162088471474,0.12105402221419284,26.566380013836707,11.847804718756061,1.3094033002853394,1.1578245162963867
00363_snr+5,5.0,4.197664406567231,3.926402845878134,0.9024252747320429,0.7765082278037491,0.007172168894190379,26.716204192393626,24.847338025060377,1.2666577100753784,1.317917823791504
00364_snr+5,5.0,3.5746442383055994,6.363050561734377,0.9594667014220845,0.8170361552309625,28.942705488129633,38.02669838932943,22.130053039735277,1.493515133857727,2.296980619430542
00365_snr+5,5.0,4.891928923291223,1.4908943630268872,0.8301251228673556,0.7659089050771924,nan,nan,26.405754110375284,1.9318993091583252,1.214475154876709
00366_snr+5,5.0,4.97048784802055,4.013140194263452,0.8349116098682127,0.6417379726783052,-6.497584085646672,24.66620919880308,22.59325026546246,1.1755012273788452,1.3369532823562622
00367_snr+5,5.0,4.938162514824948,-4.498491745109638,0.7600039043206205,0.5936692927092099,1.970648565160797,28.255049674587337,36.769398003842134,1.0511530637741089,1.1342337131500244
00368_snr+5,5.0,4.081937686169584,-2.5120901903561474,0.8230613156220349,0.6796340797734911,-10.366554150540006,23.989440184798546,32.298475253461234,1.156520962715149,1.349705696105957
00369_snr+5,5.0,4.93103633925047,6.4086868445446745,0.9158272088182933,0.8202210315530827,nan,nan,15.952509361783036,1.1754913330078125,1.1132028102874756
00370_snr+5,5.0,4.393613473878695,2.691950895311112,0.9485590018862735,0.8273230357051481,-9.175096088353369,25.548804089079677,23.115456293180635,1.3046214580535889,1.5101268291473389
00371_snr+5,5.0,4.396815323916378,3.8788363785649045,0.8828264726874301,0.7949969255175546,33.914800075136796,35.817794115939485,9.373427464788264,1.316831111907959,1.5093498229980469
00372_snr+5,5.0,3.9257500032265065,-4.553026176844211,0.7925908114802162,0.6053087273752685,25.837567370842038,32.58255126446036,31.25224451105773,1.071958065032959,1.142963171005249
00373_snr+5,5.0,4.201130600565824,-2.9526708707649703,0.9123526448484623,0.7461546527746447,14.937142647239945,27.57882225390145,30.53714988548189,1.1551604270935059,1.1864817142486572
00374_snr+5,5.0,4.374952799742997,11.810344628046563,0.7938080271701927,0.8847416533514343,-2.1160846325951823,36.792436094336736,14.778284730326568,1.7931069135665894,1.0471514463424683
00375_snr+5,5.0,4.987737932294469,5.182039540366061,0.8592571374692125,0.784336699321477,nan,nan,17.974622669953877,1.11704421043396,1.2007970809936523
00376_snr+5,5.0,4.972946728828753,10.685980843770949,0.6818965672528621,0.7498917416345043,nan,nan,18.296125959673866,1.440082311630249,1.2379101514816284
00377_snr+5,5.0,4.741229183794199,-1.5485355985196128,0.7794659935782634,0.6875104989583821,8.792682235669846,31.435096267168294,34.76595812323067,1.1806846857070923,1.201371669769287
00378_snr+5,5.0,4.547854549915169,-2.7682709736601723,0.7821072342622809,0.6430001780174825,-0.7870502254430211,28.70848302801079,28.51559894025086,1.0987824201583862,1.0652669668197632
00379_snr+5,5.0,3.6873373141420913,1.4464709086047498,0.8448154719048175,0.6491262667777423,14.72011210557712,27.446264377045463,27.79954295145064,1.1524821519851685,1.2251495122909546
00380_snr+5,5.0,2.5565893889665157,7.644104705877801,0.8886618569270646,0.92215177233814,37.65016093170164,45.701355281948615,11.258269484039486,1.559049367904663,1.200056552886963
00381_snr+5,5.0,4.304408471048115,0.4517743120677772,0.9652223806712625,0.7948161626346143,4.9621853979395905,13.536310927374796,17.412855850139906,1.2655603885650635,1.6252460479736328
00382_snr+5,5.0,4.905670038921059,-2.1909774779629947,0.8241528854555977,0.6506849182457758,21.593187651522506,30.575818024574115,31.300844594064767,1.2275052070617676,2.095649003982544
00383_snr+5,5.0,4.9728369765249845,0.23565118326641918,0.7747700335321749,0.6366330102521577,nan,nan,29.2801653984485,1.2199819087982178,1.3683749437332153
00384_snr+5,5.0,4.226768101031402,-1.31999944689601,0.9413709464949328,0.7614730153538855,18.81991610299843,24.838374395880173,28.820374932385203,1.1290875673294067,1.7470543384552002
00385_snr+5,5.0,3.9186207877749912,-4.289072100013606,0.9259685232872293,0.7210001498100894,13.809715866665256,40.2180586729153,30.89004361064707,1.3491103649139404,1.4292820692062378
00386_snr+5,5.0,3.9750505117101875,11.739074744714788,0.9300663484056946,0.8610674536698336,5.928766477937836,28.61089711129104,16.686679327508394,1.611518144607544,1.388759732246399
00387_snr+5,5.0,4.4648343070077665,3.6549976737765943,0.8577940426765119,0.7861817841517769,-3.312294980654844,25.25545102319469,25.61116099997794,1.2708632946014404,1.338247299194336
00388_snr+5,5.0,4.965379529333892,1.9769918474336925,0.9026591259976356,0.8283108796946896,nan,nan,25.468513283670926,1.2673975229263306,2.8293354511260986
00389_snr+5,5.0,4.368017232941141,-2.4964958384561804,0.7245428104577427,0.6355673669710292,26.15120500328385,30.1659019691788,28.43309450515144,1.210444688796997,1.1897952556610107
00390_snr+5,5.0,4.91834749054373,-4.450423413211302,0.8898018232385174,0.642163008283954,nan,nan,34.876437592359785,1.138408899307251,1.9727349281311035
00391_snr+5,5.0,4.651318167834113,2.190168239414348,0.9519128773122166,0.7427735275247705,4.781811643853351,31.359352726763742,26.290789638461202,1.108414888381958,1.2498173713684082
00392_snr+5,5.0,4.432448593222849,5.721929620126007,0.9226562794859198,0.7916413051480043,1.3223653903108241,25.2016442265292,25.557702599178977,1.33634614944458,1.5997684001922607
00393_snr+5,5.0,4.953394541558469,5.533557936581849,0.8461774861034975,0.7429663301105495,nan,nan,20.225310969125417,1.3497753143310547,1.4152326583862305
00394_snr+5,5.0,4.3817822981369385,8.11578501961854,0.821526226653522,0.8391117307720745,2.162329346463701,35.822738622583344,16.96481989051788,1.5759093761444092,1.3275811672210693
00395_snr+5,5.0,4.708795510723804,3.707940217303144,0.9953154163378103,0.7706374103029752,-4.9886060117498205,36.00688987364836,18.898622221592138,1.2183635234832764,1.2330117225646973
00396_snr+5,5.0,4.632599567160331,4.762204013767717,0.8779709673355176,0.7773531954257421,10.344903690001615,34.62814837693521,19.45620771105388,1.1457109451293945,1.1357532739639282
00397_snr+5,5.0,3.993554357818482,1.7841000803500473,0.8665197792558076,0.7044572804567386,15.224772905579293,30.427706475238743,25.389578267356296,1.4202450513839722,1.1781278848648071
00398_snr+5,5.0,4.3413513089357005,1.906130591158931,0.909772003719319,0.7263867231989313,5.461576366759383,28.02005142349257,33.23784358415117,1.1675301790237427,1.449570655822754
00399_snr+5,5.0,4.869314649691951,4.355646740950591,0.7893557588208787,0.6125947248022868,2.7263471399140986,25.19307518204954,17.38365918482957,1.0887041091918945,1.089097499847412
00400_snr+5,5.0,4.76704670560471,-1.4922175032764424,0.8720236475875047,0.7081087939254561,0.5328404864969781,33.13932360830963,29.960917039849267,1.1182143688201904,1.2761708498001099
00401_snr+5,5.0,4.163806534238082,2.6651875135427874,0.957568708560762,0.7861376522238118,-0.6725513305394447,27.24523797974949,26.20471345233496,1.8192808628082275,1.42403244972229
00402_snr+5,5.0,4.960802965713143,9.991360344816806,0.8454957639793768,0.8567442509842716,nan,nan,15.661712801673024,1.2831571102142334,1.1543805599212646
00403_snr+5,5.0,3.8863153574769385,-1.3963714518775414,0.9208536483836569,0.685935367121708,15.45119562212599,36.49689006818565,35.07992770479845,1.122998595237732,1.4908157587051392
00404_snr+5,5.0,3.399463848128189,2.41060318057552,0.8818126744394809,0.7534579052468047,41.10307395812738,47.29157136762951,18.77206042089189,1.112939476966858,1.3170756101608276
00405_snr+5,5.0,2.348527904436862,3.30414466327893,0.743683756449696,0.7332524855530848,34.6312768340364,37.010532120357894,12.59715172724234,1.1514285802841187,1.1814085245132446
00406_snr+5,5.0,3.64439924585467,2.1728876551864467,0.9501214422908538,0.8732719872436965,6.596407839817808,11.617167763882325,25.21375683821977,1.275842308998108,2.231022357940674
00407_snr+5,5.0,3.875889623715862,5.528532996394732,0.9755761458680381,0.9289246638449563,36.702526786386834,42.456420379951005,12.33373028008499,1.987739086151123,1.6190998554229736
00408_snr+5,5.0,5.016052156831416,2.8639387529792875,0.7561350745841251,0.7239933913194191,nan,nan,24.812882131200706,1.2705388069152832,1.126604676246643
00409_snr+5,5.0,4.449226942970426,4.2106271864406555,0.8543888063575145,0.8055465341498971,10.524414211378911,32.13487256341833,21.18074769324365,1.2111802101135254,1.2449636459350586
00410_snr+5,5.0,4.998525547987275,5.216933623959621,0.806691272803688,0.7635477191414726,-6.247298266392432,13.146128861287355,24.500423078834185,1.494186520576477,1.5602498054504395
00411_snr+5,5.0,3.989411680242715,8.792884199184153,0.8892251415874962,0.9363040990379151,-5.323146416098034,9.300564839112294,11.570906400823482,1.765698790550232,1.2523510456085205
00412_snr+5,5.0,3.8583370076651247,-2.8650034777628037,0.840309296571683,0.7182714805467681,15.29801228067015,32.43311904313419,29.80530307525912,1.125742793083191,1.332434058189392
00413_snr+5,5.0,1.4177449142965157,9.120206246897704,0.9935942407655304,0.8225958285043696,14.104147044142863,37.46632847239423,9.029462004771515,1.8300766944885254,1.6116597652435303
00414_snr+5,5.0,4.506496119708013,1.0247929534528752,0.9240782834216849,0.701158599287215,-4.981345845465971,0.0,23.46605704632665,1.1605241298675537,1.725995421409607
00415_snr+5,5.0,2.174171118144394,1.1344449933316614,0.965337482758833,0.8467876701105562,26.585503646992656,32.75289692372363,14.156298043823377,1.3191149234771729,1.66790771484375
00416_snr+5,5.0,4.891743972464971,6.630482878291279,0.8569571861641642,0.7887633948306354,-0.032016875959427475,23.695232685511407,18.340440078222592,1.4242700338363647,1.3623958826065063
00417_snr+5,5.0,4.906078778072338,11.15451455123357,0.8325377471877409,0.8919633735365329,4.007169838967383,23.421691462662004,15.457138233165786,2.0926713943481445,1.6243317127227783
00418_snr+5,5.0,4.215272358439314,-4.850618193624426,0.8505992489121412,0.675959184649582,11.297101610693801,26.17358211017972,31.583781276880256,1.0866954326629639,1.162890911102295
00419_snr+5,5.0,4.650312102429197,-3.269174163800033,0.9243662468982095,0.6385867989518439,-4.181956213699758,20.307559003691722,28.307398431947192,2.9942667484283447,1.4355289936065674
00420_snr+5,5.0,4.702927623558331,8.17940682932404,0.8417034877961669,0.8437822307623013,nan,nan,16.46744872417802,1.2909753322601318,1.1778885126113892
00421_snr+5,5.0,4.637432952782774,-9.54500280514903,0.8073016356454297,0.6034649626694771,3.3300849695285155,29.390440116481614,36.76496210387026,1.0488301515579224,1.1464897394180298
00422_snr+5,5.0,5.035951333783118,-3.547361081439915,0.7813801670474549,0.6592982058950995,nan,nan,32.180894264678685,1.14250648021698,1.1385507583618164
00423_snr+5,5.0,4.99586295732618,4.967026918359458,0.6701953137330503,0.6579069586018546,nan,nan,22.401780867304062,1.1466871500015259,1.2073025703430176
00424_snr+5,5.0,4.968927353039288,-0.3896505703372276,0.7852367780431994,0.6930192749286763,nan,nan,30.210121226384377,1.1228595972061157,1.1667611598968506
00425_snr+5,5.0,4.644047471982668,4.7648935644285055,0.8157186500546644,0.7334648096961458,17.67363570132297,27.25259036044664,22.357653889800215,1.205349326133728,1.3480312824249268
00426_snr+5,5.0,4.386258163766241,8.2420165420926,0.8988006240127081,0.8956016658533732,-3.6998429450246135,29.401780053234386,11.78346452509175,1.3548263311386108,1.373810052871704
00427_snr+5,5.0,4.11459034711019,1.1073028632856818,0.8866306244067228,0.753243514077834,32.93357457782159,34.085078475051354,24.50347098576475,1.230705738067627,1.5002961158752441
00428_snr+5,5.0,3.463240730171811,19.82762874812259,0.9999980917045075,0.9820580835025207,-1.290304768617011,34.26337238396344,11.793682012789878,3.5094985961914062,4.031921863555908
00429_snr+5,5.0,4.394871184964683,-0.8398000095448517,0.906901520912873,0.7706987800862566,25.14281354618081,31.32608297840877,27.41611649258131,1.118287444114685,1.523118019104004
00430_snr+5,5.0,3.8398984713025053,-2.784488704632146,0.7051556391247144,0.502766235092798,19.224488608033678,30.735793237571425,31.03828998142516,1.0857064723968506,1.1441993713378906
00431_snr+5,5.0,2.967851223761346,10.825975623288834,0.7895038794958252,0.8690284197234375,8.892498308971597,30.79978935235364,11.023060085546248,1.9625129699707031,1.1751494407653809
00432_snr+5,5.0,4.276586163454761,-3.25138918749753,0.8356075590678043,0.6270570126728603,29.088818586103283,35.22454978568034,28.00789711387605,1.1162776947021484,1.061929702758789
00433_snr+5,5.0,4.429833684303587,3.9309909656208792,0.8622213430997615,0.731513211922773,-3.3368424383821207,14.576609052348864,22.81636122602982,1.125184178352356,1.169997215270996
00434_snr+5,5.0,4.556803561675096,8.183859941152758,0.9189091875872576,0.8887745240166083,22.490467434740744,33.05979356437238,18.76496445833629,1.3953311443328857,1.2993677854537964
00435_snr+5,5.0,4.303558832906696,-4.192085031530261,0.7869664367005879,0.5736153990550953,9.12930606145834,34.28759640679209,26.878285065228493,1.1958783864974976,1.0645312070846558
00436_snr+5,5.0,3.828348402641745,9.362496003034147,0.8428658961054452,0.892926523750652,7.012971548867001,29.39502457129231,16.326913034355595,1.402318000793457,1.1094564199447632
00437_snr+5,5.0,4.26939965715558,2.580517873657823,0.8701580120884366,0.8061321077215116,-0.2931408540992829,28.98676801038413,15.954007942293448,1.33347487449646,1.1774320602416992
00438_snr+5,5.0,3.3000418884008074,1.4368473058260391,0.878211233753726,0.7504038477129015,33.016200933520324,36.81389509384711,26.15682703799969,1.1106714010238647,1.1923227310180664
00439_snr+5,5.0,4.238041245576411,0.08278356176385024,0.8945730127200554,0.789282914416974,14.028443538693997,32.89280058349581,27.164181821685524,1.1639763116836548,1.2417733669281006
00440_snr+5,5.0,4.651863878680143,-0.5277808049843093,0.7682286267479803,0.6730566313283595,11.713169038335817,31.0708311741992,28.198525392920253,1.0630747079849243,1.0762228965759277
00441_snr+5,5.0,3.653401258722572,4.948962521442136,0.807187948548325,0.7180832202525346,30.90017859720475,42.085562389082796,22.7621490814478,1.2168132066726685,1.111005187034607
00442_snr+5,5.0,3.748731480511954,-3.5708832957137333,0.8965011272459894,0.6704283290611609,18.362990481908245,37.263613312588916,34.75281002321315,1.1026673316955566,1.22370445728302
00443_snr+5,5.0,4.601082301144893,3.8026372303577687,0.8732277597765895,0.6327721279502527,15.969821757455467,27.0393486376741,26.201457808188373,1.0892503261566162,1.3083324432373047
00444_snr+5,5.0,4.004812383094948,2.4793060935244577,0.9790739062508841,0.7511361299950299,5.248501684498276,36.49619738250739,23.825087064017488,1.3501948118209839,1.8523027896881104
00445_snr+5,5.0,4.5975396548773535,1.387290028770272,0.7915685732279713,0.6973894775392514,-5.351129067680328,29.14281989164184,28.21794166878299,1.1355054378509521,1.0498054027557373
00446_snr+5,5.0,4.99530356726951,5.298817147672636,0.9184786205807042,0.8664165815615589,nan,nan,11.622656160655055,1.376802921295166,1.414750576019287
00447_snr+5,5.0,4.924536609121526,-1.3669521847184574,0.8868639457203986,0.7278368548291376,nan,nan,28.63435080702951,1.1924690008163452,1.7590785026550293
00448_snr+5,5.0,3.8516377810720845,8.615090324358862,0.8128107379984523,0.8192844358062615,nan,nan,13.836478291614098,1.6812490224838257,1.281224012374878
00449_snr+5,5.0,4.962322365053933,1.1081463295381948,0.8595698710108208,0.7650759304960396,nan,nan,23.307008684751178,1.1506867408752441,1.1763193607330322
00450_snr+10,10.0,9.573183864488513,6.678628156829697,0.941155404753631,0.7105071658079797,-0.3397687156290309,23.007611068498708,15.167589413375469,1.2887800931930542,1.6003953218460083
00451_snr+10,10.0,8.550186470018511,9.783617528102766,0.9163873780176125,0.91790824903155,18.448666936136064,26.157987488306414,14.644510510597094,1.792685627937317,1.9606893062591553
00452_snr+10,10.0,9.865964414188594,12.936899074540486,0.8820684750136522,0.8852705267564799,39.99794626167353,69.51801935961798,14.078129673807654,1.6046785116195679,1.175206184387207
00453_snr+10,10.0,9.043759382571325,1.4460977966803759,0.8928097535404934,0.7575299341367759,-0.36433490890341524,21.48887527766396,28.91458961863402,1.1867650747299194,1.587568759918213
00454_snr+10,10.0,9.276620644470842,13.783610207630673,0.7727493207602075,0.8668568412472711,-3.91333330135468,23.99611086758689,12.363950252039952,2.229712963104248,1.2842000722885132
00455_snr+10,10.0,9.534852135763721,1.9640262762380858,0.9368080464989889,0.7747152795546481,16.22438615717247,34.37661083094558,30.04425373232587,1.1595361232757568,1.932192087173462
00456_snr+10,10.0,9.097769165827495,1.9355100169053108,0.8875378118452566,0.7214299550633502,15.36855907833775,26.784181037508624,29.858968532583656,1.155974268913269,1.7810062170028687
00457_snr+10,10.0,8.509449466465298,11.890320565486208,0.9294637219552859,0.8858072813323251,13.826841348613605,31.03968147566748,19.09332110960202,1.2935986518859863,1.2259141206741333
00458_snr+10,10.0,9.641827014645273,11.435465085732478,0.9516787402379413,0.9368492869138488,5.953622897089415,13.911698417123988,7.746592316695442,2.015047550201416,2.008042812347412
00459_snr+10,10.0,9.68123215976059,0.33765720997126136,0.9984469965180931,0.785987421178098,-2.1637681643196904,25.483816661069344,33.109507508936666,1.1725730895996094,2.2048065662384033
00460_snr+10,10.0,9.973895754945708,-2.6665021929962505,0.864863918042721,0.6600329131079983,-3.9909388659738587,8.728026748453178,29.811923691326555,1.3741912841796875,1.4110264778137207
00461_snr+10,10.0,9.981850279405776,12.91451892596831,0.852359570174184,0.8532774196156644,nan,nan,16.558809959113802,1.6066391468048096,1.5812325477600098
00462_snr+10,10.0,9.384535897313267,-0.8075191364063049,0.9278976190002078,0.7025267381346049,-2.3590339926067676,21.011713969273856,33.994775005621655,1.1412506103515625,1.7426031827926636
00463_snr+10,10.0,8.627063222905882,6.576474690209131,0.8745079591355355,0.8859294716597157,18.01756107872843,24.07794565843059,11.827569770931776,1.2984371185302734,1.299443006515503
00464_snr+10,10.0,9.229687159832064,1.4780020770976974,0.8743000584219576,0.6122558730678334,9.977993919297534,22.998230261562966,32.826926334163076,1.109723687171936,1.3050003051757812
00465_snr+10,10.0,8.105777786100738,7.315677080518387,0.86772483270991,0.833482048343482,14.364878172452704,25.841381346841622,14.126319715367272,1.290621042251587,1.6772582530975342
00466_snr+10,10.0,8.670514034566818,3.2260129989454245,0.8860070433560178,0.7732873600015292,23.421129680398245,25.736282226179515,21.737763670418765,1.1844282150268555,1.3198901414871216
00467_snr+10,10.0,9.77735886878882,11.489280968254727,0.933794666719856,0.8500482125387179,-3.780577319121325,25.210605939392956,18.83592861670238,1.7333920001983643,1.9929215908050537
00468_snr+10,10.0,8.869654634126054,6.601228068018369,0.9343924502967276,0.8618594973910405,13.824491519374185,26.119870236738123,11.385132261107616,1.6615406274795532,1.5143439769744873
00469_snr+10,10.0,9.98293719217655,-1.9387391282491064,0.8944461520197757,0.7614055676067859,nan,nan,32.822722850387166,1.1051037311553955,1.3105950355529785
00470_snr+10,10.0,9.475390394339362,-1.0034518459749755,0.8999635563862121,0.7085071382313001,-2.226533126134567,22.595823492428227,28.53356079886371,1.1662912368774414,1.3688229322433472
00471_snr+10,10.0,9.417412094235027,3.001709414669691,0.9366238461513329,0.7694817080304197,1.1799402460292445,20.161510990933937,26.67480127858789,1.1859246492385864,1.6421723365783691
00472_snr+10,10.0,8.285087998382748,14.780201131986512,0.9157470944291967,0.9491444205766889,5.523571275847081,25.594941662577458,11.170785212617961,2.423203945159912,1.1185121536254883
00473_snr+10,10.0,9.289494489461521,-0.6630023184751985,0.8955169636356999,0.6394264847278354,12.275318881537622,24.545593340297344,28.96634405320011,1.3748347759246826,1.2108047008514404
00474_snr+10,10.0,9.030241614016148,3.025965301627545,0.9675306174909238,0.7332288402174897,3.644499871018571,27.57671063126299,20.8774906937739,1.1537089347839355,1.508773922920227
00475_snr+10,10.0,9.778315126402283,-2.187985945327697,0.8745052053594612,0.7040515923112689,-4.255476318735733,22.677048884472136,34.82908636484358,1.1114968061447144,1.2233786582946777
00476_snr+10,10.0,9.81394272846494,7.461763222667058,0.8351053058617265,0.7292745027613045,8.918406530410314,18.740309094090634,20.48081080906512,1.0856434106826782,1.1715065240859985
00477_snr+10,10.0,9.078004455904857,3.673224353852687,0.991824689857027,0.8641613674731761,1.450345410933881,29.711504678801216,23.71047269406237,1.55046808719635,2.2352070808410645
00478_snr+10,10.0,9.882770407268769,1.5718678910480506,0.9433860452359442,0.7540332870364305,5.868699033890477,17.063407312879065,30.688252530944425,1.1471495628356934,1.6065123081207275
00479_snr+10,10.0,9.557927477954179,4.870379768986175,0.9121069484735181,0.7770091968872844,-4.413476085141367,21.171371305988277,30.34784701312008,1.204596996307373,1.3331708908081055
00480_snr+10,10.0,8.269507338393627,-0.18742522307789253,0.9617668959532799,0.8288273515142005,17.779027577655885,28.493021538896794,22.503936564488054,1.8690829277038574,1.5338327884674072
00481_snr+10,10.0,9.966599348788334,0.9201015860743209,0.9717520520227793,0.791647112330763,nan,nan,31.685355121980745,1.199445366859436,2.8816237449645996
00482_snr+10,10.0,9.963976546670963,4.4322589700292605,0.8642017512836737,0.7484567478613621,nan,nan,19.814723046369497,1.2160511016845703,1.3070411682128906
00483_snr+10,10.0,9.172890270735039,12.155938873800734,0.9909057207998896,0.9500408089028294,0.2948431170661344,28.764067671811283,7.792580944937917,2.523653984069824,1.9399640560150146
00484_snr+10,10.0,9.478850347500504,0.47605654842991973,0.8869685948036384,0.6749590015303079,12.173070172433881,21.804507438974312,30.840937393872164,1.1136149168014526,1.2402284145355225
00485_snr+10,10.0,9.35233180439531,-4.946407338082079,0.9051079327684797,0.6661775761878398,-0.12104398275839881,23.851134741725364,30.643570866161884,1.0758044719696045,1.2227146625518799
00486_snr+10,10.0,9.870697344215186,11.231148298362964,0.8990054846149153,0.8880541539902733,14.006657474150384,28.000810534483662,13.268934441730522,1.7531566619873047,1.3911304473876953
00487_snr+10,10.0,9.991153164069171,3.495314746542595,0.9363802276366664,0.7385219895695307,nan,nan,27.74876698157153,1.2412559986114502,2.2546727657318115
00488_snr+10,10.0,8.620790550958674,11.151301138317066,0.8952117785377829,0.887822851356751,18.770631731636158,27.098319144306707,13.900340246482129,1.5814448595046997,1.425464391708374
00489_snr+10,10.0,9.050035031221807,9.520922388169316,0.9138520182027434,0.9031553774961214,1.4629575353927329,25.176275208958753,17.898771481547108,1.378263235092163,1.252713918685913
00490_snr+10,10.0,8.3844086278372,15.834300845671951,0.9490643279005916,0.9661057038742709,-1.5151600518411645,30.888204208132144,10.073566311191225,2.5629234313964844,1.8339933156967163
00491_snr+10,10.0,9.819542904733503,3.0443837404232847,0.954646609098921,0.820267458870998,3.5447479339210144,24.2515151029089,28.464790523216738,2.2175350189208984,2.6863317489624023
00492_snr+10,10.0,8.007593965689283,-1.2397680214068365,0.942274215114425,0.7804056760377951,5.313667561527073,31.448257780874425,34.49288103256274,1.1851321458816528,1.4510623216629028
00493_snr+10,10.0,9.986567763562613,11.385936777558035,0.88269062619921,0.8729567124474216,nan,nan,15.103990446877852,1.5073084831237793,1.4699043035507202
00494_snr+10,10.0,8.596254360268677,-0.5130045502463908,0.9487680854963179,0.7336667233626335,1.341645042495918,28.32574079715002,31.410886445254377,1.1816414594650269,1.5831366777420044
00495_snr+10,10.0,8.89023580898434,11.601913609477645,0.904951206290764,0.8978092094159155,12.493457322636685,23.345238189369788,12.649178995454697,1.4666920900344849,1.213355302810669
00496_snr+10,10.0,9.944624196507094,12.038243090300853,0.9784747703173,0.9662642034643413,nan,nan,14.290534081163546,2.7568273544311523,3.2906062602996826
00497_snr+10,10.0,9.44760888715925,9.142758638392017,0.9031353504642503,0.8703387767786587,-7.632465646825796,23.09671837743199,17.872681129783683,1.4045050144195557,1.2636932134628296
00498_snr+10,10.0,9.186626014610917,-0.02929350313552698,0.9296913305152491,0.7919956870069111,13.774825923592743,26.835256961791018,28.90135741846489,1.1791313886642456,1.380360722541809
00499_snr+10,10.0,9.95795352252566,7.215613246193286,0.8946040079234889,0.702350782650142,-8.968390259759268,0.1811768057747579,12.920530683156558,1.0899072885513306,1.4170140027999878
00500_snr+10,10.0,9.373860285044412,7.873274083618959,0.9908936499536963,0.8938282684058262,6.356662044270806,39.32736800976596,16.90360912519665,2.056217908859253,2.3689310550689697
00501_snr+10,10.0,9.852331154007091,-0.6408582146426509,0.9060013928103194,0.7581379435222233,7.561597715539364,16.62690993611633,29.787474217260353,1.1420633792877197,1.5105714797973633
00502_snr+10,10.0,9.771092722266467,-4.933743270242142,0.9757714783613708,0.6965472339840013,-7.51510715766858,20.561865064929606,37.22173956185194,1.1721949577331543,2.8800623416900635
00503_snr+10,10.0,9.276277829475843,-1.3852407760793701,0.8826085914856882,0.6587839529748364,-6.939050223133428,25.85588218739797,27.23775395145661,1.1405291557312012,1.1307026147842407
00504_snr+10,10.0,9.328508605061879,0.3608480601426227,0.8496332939043637,0.7167180104243303,2.3232480425954924,28.120069759889933,29.50855371084553,1.129361867904663,1.100114107131958
00505_snr+10,10.0,9.221222525688864,2.2220477077667353,0.9608257459432377,0.8727375070968197,13.46733370591351,22.640925827801503,19.78789117207919,1.4426565170288086,1.9236340522766113
00506_snr+10,10.0,9.981594363656093,-1.7170244023197343,0.809485021804344,0.6829741175999654,nan,nan,31.752394176083083,1.0997036695480347,1.254387378692627
00507_snr+10,10.0,9.293390538472137,0.7671209027912635,0.9167569599764464,0.7682226499982657,24.675555762823596,29.262830485569108,24.996354307048723,1.1287882328033447,1.179443359375
00508_snr+10,10.0,9.672833233603937,12.287910338467807,0.9707280381093291,0.973704541231519,-0.6869779655785109,17.433938118331625,11.959521903038368,2.4582936763763428,1.6226708889007568
00509_snr+10,10.0,8.99357885340195,0.43137963721714406,0.8672118782088719,0.6702898781682273,17.303646220478036,26.950993361233458,28.059432234646472,1.1283671855926514,1.1756151914596558
00510_snr+10,10.0,9.635470961983101,5.135828459339882,0.9470861377860004,0.8308141580997374,-6.3805817835499195,26.248866392026834,20.748416593587592,1.3076010942459106,1.2842938899993896
00511_snr+10,10.0,8.462390662224541,1.7956474365015287,0.9090072391571572,0.7514151900931263,3.4309381239459027,37.61580385309039,28.04809423322968,1.2894723415374756,1.4808924198150635
00512_snr+10,10.0,9.122514385544411,0.663905983146752,0.8999938668241797,0.7349185415730097,0.4598762279997112,26.10992762915943,28.324004012825135,1.1418757438659668,1.312961459159851
00513_snr+10,10.0,9.300095885829352,10.16402277498277,0.893678504087038,0.8635097599209112,-9.518621862099819,25.93985525244073,12.60472264532166,1.8283965587615967,1.5211925506591797
00514_snr+10,10.0,9.078737696203952,7.648860666865835,0.976359344163026,0.8827092601145574,7.395983924806054,17.68467879373406,17.762318594605244,1.7285630702972412,1.6203047037124634
00515_snr+10,10.0,9.278206560152995,1.1842661028558314,0.8284712130707218,0.6970682496419564,1.598988037820491,19.14602837110821,29.839940900829223,1.1439815759658813,1.3805922269821167
00516_snr+10,10.0,9.23968266772971,3.871123155636988,0.9063465985355167,0.7870419814258118,8.271337082960443,24.99010105843924,28.959933083763072,1.1598395109176636,1.1913437843322754
00517_snr+10,10.0,9.99774859705097,-2.7572922048381794,0.8264097744016041,0.6986200495214673,nan,nan,32.00426426522984,1.1115761995315552,1.3409701585769653
00518_snr+10,10.0,9.752487716753514,3.0742789772503687,0.912263480236594,0.7866375884715776,17.622675587292896,28.917110604380426,26.395474215295835,1.207564353942871,1.966355323791504
00519_snr+10,10.0,10.014291673604156,-2.425331344716915,0.8978930019222412,0.7151441325793808,nan,nan,35.32902280752218,1.1207964420318604,2.258618116378784
00520_snr+10,10.0,8.907906451482067,0.43627478845652495,0.960349103425245,0.7379813887546998,-3.8819825083401267,32.2334935471867,27.982703506667857,1.253976583480835,1.8492201566696167
00521_snr+10,10.0,97.52440491256893,12.246894473072116,0.9999999999999992,0.9463076782947173,nan,nan,12.26380021014519,2.8315393924713135,4.643888473510742
00522_snr+10,10.0,8.39548306406058,8.580862745200603,0.8523282497937119,0.7584087698963913,1.1994908101938009,21.32629443761282,8.843294503947387,1.495120644569397,1.4807960987091064
00523_snr+10,10.0,9.259917292701132,1.3807046208622857,0.9207397914895633,0.7646555336572182,-5.726490697088122,25.889971576427335,28.81266213264729,1.254227638244629,1.601433515548706
00524_snr+10,10.0,9.268665276077432,3.532591688405514,0.9356547571337418,0.772102521126106,7.647819978178133,23.90917328736379,27.51115144484065,1.3035980463027954,1.8669278621673584
00525_snr+10,10.0,9.45369784606014,-0.8034338947499808,0.8504385905349752,0.6910522364763352,17.980694980295226,29.475318404081964,26.69443248087841,1.09470534324646,1.1093389987945557
00526_snr+10,10.0,8.96540039693496,10.745000676590596,0.8436325690058919,0.8417207775965581,-5.639896913593592,17.050386967377232,20.122336948936073,1.7255158424377441,1.6998462677001953
00527_snr+10,10.0,9.91190520434297,3.880480956523199,0.9667469086973522,0.8354311374623814,2.4753526696215973,10.756156657148706,22.77374368522534,1.20440673828125,1.8346542119979858
00528_snr+10,10.0,9.956717152927713,13.155041445033222,0.9289460629176056,0.930666062444344,nan,nan,16.088745909031086,2.2877776622772217,2.5681052207946777
00529_snr+10,10.0,8.122724888412753,9.76274164378757,0.9012920459520489,0.8790477970513584,34.3769219788011,39.40755943158645,14.753872987780188,1.209418773651123,1.1054059267044067
00530_snr+10,10.0,8.715073886591577,13.22637891942826,0.9825615960168568,0.9698846389006509,12.054165572290012,30.76322754828319,13.07227578673558,2.569687843322754,2.7678232192993164
00531_snr+10,10.0,8.39265445749538,8.407927987320573,0.9390058663997849,0.9363207252942654,3.8138791520802116,13.998303649528982,10.8307066702675,1.562290906906128,1.4848175048828125
00532_snr+10,10.0,9.501851773677943,11.469919157319072,0.9396258269194179,0.8756695316269144,1.375888897619538,31.210487022182747,14.535061188322615,1.6577070951461792,1.6215331554412842
00533_snr+10,10.0,9.988921632566983,2.750766056698833,0.9616294909923271,0.819375985533603,nan,nan,25.7592522323975,1.1580184698104858,1.3847427368164062
00534_snr+10,10.0,10.006336212947229,5.643749342148116,0.9322785652540809,0.8336976075748457,nan,nan,21.23821988140521,1.4747445583343506,1.722485899925232
00535_snr+10,10.0,9.743406255314309,10.502465303725462,0.8999747241745526,0.8053303539811691,-1.6866484835027438,21.76379171489326,20.801337316464643,1.414327621459961,1.5543482303619385
00536_snr+10,10.0,9.671725824125986,11.123685162892574,0.9902529509569763,0.9292774023351748,-2.138379812783064,30.973315699838373,14.553140890053026,2.059898853302002,2.9607722759246826
00537_snr+10,10.0,10.058131638541987,10.5232980376352,0.9792380833309487,0.944175472534933,nan,nan,16.662032250627362,2.1961281299591064,2.4138946533203125
00538_snr+10,10.0,9.925264615325698,4.191938095312514,0.8708240282610153,0.7732329443275211,-5.8048074051480665,17.437411779744345,27.522165428253903,1.27781343460083,2.0600152015686035
00539_snr+10,10.0,7.584114290542747,9.703561710985252,0.8854311977308593,0.8386279230419866,-11.296796214394524,23.984295280491544,12.935599790797125,1.7766075134277344,1.359968662261963
00540_snr+10,10.0,8.734316223359848,10.163146061260154,0.9325095756095672,0.8771479666971463,-5.969687310980191,23.32769342834521,15.49711744221428,1.9364643096923828,2.2531685829162598
00541_snr+10,10.0,9.266141746166207,12.45805318071945,0.9289732981184015,0.919593110056319,18.70653706634168,27.93054658675585,14.6226800599134,1.6537821292877197,1.5975100994110107
00542_snr+10,10.0,6.509028130651622,10.389060960197558,0.8893897784614504,0.8936497085253908,27.359768178261973,39.15498607907876,12.02003198557364,1.3375890254974365,1.198718786239624
00543_snr+10,10.0,9.925274984363657,10.813877814221758,0.8926239106164171,0.901096506650197,nan,nan,19.01177208274316,2.233969211578369,2.176420211791992
00544_snr+10,10.0,9.976451997145874,4.440306972599066,0.9772963291282348,0.8569306949989332,nan,nan,20.581689758385615,1.248810052871704,1.8512136936187744
00545_snr+10,10.0,9.980931431743317,4.07440894072156,0.9221565337549521,0.8177365297891456,nan,nan,25.803231879293847,1.2558400630950928,1.5960023403167725
00546_snr+10,10.0,7.105775337409225,13.95075389968865,0.9374656709554302,0.9402435217845853,19.86700596761912,33.49096733207303,11.119398896635696,1.8178510665893555,1.2993417978286743
00547_snr+10,10.0,9.001220848828686,-0.053182694620527105,0.9022949264490429,0.6831781666664816,15.030933607217904,28.805452866877104,27.927638038972084,1.1249784231185913,1.3342931270599365
00548_snr+10,10.0,9.088430925722768,4.248339705645631,0.9761037695282081,0.808975199659959,16.845210356420054,24.753297935628794,22.662519181041475,1.5969831943511963,2.88727068901062
00549_snr+10,10.0,9.566177668914694,0.08252945660592595,0.969650189010381,0.7563576488485645,13.974235078215393,30.139621627052726,32.69581410257393,1.1775429248809814,3.295060396194458
00550_snr+10,10.0,9.54705107497511,0.805472251643739,0.9001714029925322,0.7860480192466722,-5.067935666210123,20.0392285013535,25.087366788123,1.212239146232605,1.3564236164093018
00551_snr+10,10.0,9.943259446006373,-0.34746375080166836,0.9121339738405788,0.7829127439718564,nan,nan,31.11115936189497,1.1444863080978394,1.6720552444458008
00552_snr+10,10.0,9.973224080956964,4.104055322834949,0.8324974049836846,0.7358897759173632,nan,nan,23.43488711146397,1.1234074831008911,1.1678086519241333
00553_snr+10,10.0,9.915188385201512,1.5929111323703506,0.8613706241349423,0.6791111313436173,17.25326479292876,25.004414994922882,33.78052567989734,1.0935173034667969,1.2876096963882446
00554_snr+10,10.0,9.486920648600641,-1.3370634534463977,0.8511247009474613,0.6938449783992142,-12.58119819738485,22.599416028540595,30.872339773106248,1.1931060552597046,1.3176957368850708
00555_snr+10,10.0,7.615851111433488,6.148900239939024,0.8968485387924262,0.8154577139094991,22.145721566599526,34.03007864934615,20.910014112693933,1.3020713329315186,1.145453691482544
00556_snr+10,10.0,10.008247945790687,-1.3966244366688365,0.9350992640822567,0.7452290856532423,nan,nan,31.939698899607595,1.139500379562378,1.4198966026306152
00557_snr+10,10.0,9.374912623616128,11.17878550895018,0.9225773974126082,0.8641290520202316,2.9591992778502716,19.4853104539864,18.089412982146786,1.4070476293563843,1.4728107452392578
00558_snr+10,10.0,9.656046790402073,1.4416677291309832,0.8228051621449555,0.723486587184262,5.85879832364,18.947666302941983,27.06253776610559,1.1214112043380737,1.1790058612823486
00559_snr+10,10.0,9.046219857066985,4.491741810302037,0.9414614254506032,0.8190025237991421,-3.2484768000172455,22.315731389483958,28.632838993795055,1.3179347515106201,1.7941925525665283
00560_snr+10,10.0,10.001317987709033,0.3025789464663276,0.9753108930522457,0.8466430786552875,nan,nan,26.387853401925668,1.3153579235076904,2.1163101196289062
00561_snr+10,10.0,9.566242608504187,7.339528437377813,0.9389330540359874,0.8822361163814147,-1.4866408170771899,26.43759345940945,15.649179568794386,1.3509631156921387,1.1888470649719238
00562_snr+10,10.0,8.63732067633595,2.4516957705992217,0.8234715947850125,0.6654483923264389,-4.655023176552947,21.937958852064448,25.135335996361242,1.3024251461029053,1.5912818908691406
00563_snr+10,10.0,9.462391287779626,9.719979054166103,0.878914373871579,0.8605264582821387,-0.13356571561767702,22.945614570949196,12.513386574789317,1.3983943462371826,1.2857643365859985
00564_snr+10,10.0,9.561176616722806,3.6734144819818852,0.975352255408764,0.8468272128256858,-3.9276314817542786,-0.0011792280676949062,24.270691131980975,1.338832139968872,1.6278934478759766
00565_snr+10,10.0,8.828570799936086,1.3999783471583447,0.8427507345053686,0.6698412011744183,-4.299473846330222,27.76481999213676,23.838604360850045,1.1375761032104492,1.211647391319275
00566_snr+10,10.0,9.927181781955595,5.36894867807815,0.736722653360268,0.709285564508286,nan,nan,24.102206517442447,1.2009236812591553,1.1787029504776
00567_snr+10,10.0,9.586086327179569,-2.7717566131645994,0.9473494564397883,0.6872729951070449,33.07751654531503,36.723771397952035,29.52868999816394,1.1530959606170654,1.9903819561004639
00568_snr+10,10.0,9.305181788595995,11.280168519894879,0.9295276146867522,0.8489450566803621,13.649724829755591,25.6528333202565,17.687539857966524,1.7433654069900513,1.7498352527618408
00569_snr+10,10.0,8.944475958542368,12.212798983793805,0.999990272500425,0.977048196990303,24.047089090635318,31.771727427023745,12.05285036233107,2.057001829147339,3.9971354007720947
00570_snr+10,10.0,9.216577860127604,10.85374338949947,0.9365956690743211,0.9135707931016813,-1.5929840010536276,27.252222829371526,9.940307648804458,1.789862871170044,1.213218092918396
00571_snr+10,10.0,9.257396961507405,4.808669751601389,0.8981815403428748,0.787654582166484,1.4196589762640122,22.129275746020426,24.89298690545709,1.3234456777572632,1.6373393535614014
00572_snr+10,10.0,9.983947210223509,13.630053030995423,0.928560169560028,0.927080799007325,nan,nan,14.695858271857494,2.0061211585998535,1.415762186050415
00573_snr+10,10.0,9.965861739518026,-0.26517122339834925,0.8902882441449734,0.7128060812571377,nan,nan,28.133592263003713,1.1150782108306885,1.3646005392074585
00574_snr+10,10.0,9.95678548011348,-1.6148293227472366,0.7205381251420839,0.576562070708718,4.9881557329820305,24.662011160483015,29.31691862322483,1.1145670413970947,1.133899450302124
00575_snr+10,10.0,9.968773313391823,17.944884645413083,0.8684018908482604,0.8742281119968117,nan,nan,13.086161239188549,2.8489789962768555,2.0006613731384277
00576_snr+10,10.0,9.408173982983339,-1.80648865252313,0.9582927564562886,0.7487814546179764,1.713134452404922,26.444245000298793,30.524268364554498,1.251693844795227,1.4602558612823486
00577_snr+10,10.0,9.79733583622368,-2.2051382312904395,0.9332379509102904,0.686654916050772,3.7293098266714466,23.898200453072317,32.17478183111192,1.1067774295806885,1.5646140575408936
00578_snr+10,10.0,9.527733965680161,0.4535738711741946,0.8936993470448834,0.6855298744330408,-5.442267948043773,19.607090186085724,29.63225654669305,1.1320453882217407,1.279179573059082
00579_snr+10,10.0,8.698794936267891,-0.2519852162810851,0.8912167046026517,0.7152135069450531,6.689390621331731,28.79982266756054,30.967550569467743,1.5542323589324951,1.1734919548034668
00580_snr+10,10.0,9.950592172868744,4.3614230163719405,0.9695587816515684,0.8358845576934032,nan,nan,27.354882022855033,1.3996490240097046,2.3588008880615234
00581_snr+10,10.0,9.837349015223836,8.842102283874185,0.840999988232477,0.7820798207573979,3.8345079880955586,27.055291301978322,11.85099943611503,1.3600798845291138,1.1947109699249268
00582_snr+10,10.0,9.977757297178483,15.67081874703624,0.9353213987780654,0.9396160158803484,nan,nan,11.359104625486088,2.041501760482788,1.8448190689086914
00583_snr+10,10.0,9.806131992383765,9.78979296843829,0.912026610273493,0.8970094384711742,13.989171026693594,24.738981914794653,13.470360237190338,1.5363903045654297,1.2017627954483032
00584_snr+10,10.0,9.350383946057667,-4.599488266261862,0.8984104800460503,0.7176399521788651,-14.508323936326263,20.282320940092333,35.43960149249873,1.1385442018508911,1.6093406677246094
00585_snr+10,10.0,9.791825606301103,5.954549675755246,0.9426546469836506,0.7530968775615275,-6.693877853461712,12.868720204708005,14.063572352239763,1.261742115020752,1.390036940574646
00586_snr+10,10.0,8.859948293593758,13.446089204159225,0.8361624088414404,0.8719013795157137,11.90627790121576,22.733675335807554,9.287526472098982,1.6166443824768066,1.3717780113220215
00587_snr+10,10.0,9.588834009674732,-1.5119130117727189,0.8318666604627264,0.6974975796212399,6.016752833333746,28.29883746669519,33.27364829397835,1.0953580141067505,1.1807689666748047
00588_snr+10,10.0,9.33294990180521,16.52046262886597,0.9158684489880231,0.9564937431777573,-4.948874441665785,27.545384414455405,14.30840163326369,2.207655906677246,1.5370762348175049
00589_snr+10,10.0,9.955987205555228,2.9176405412112834,0.9541557178362573,0.7984663416567674,nan,nan,24.620660769809657,1.2260007858276367,1.5292587280273438
00590_snr+10,10.0,9.878318252023298,-0.8545999002107161,0.9082227214290401,0.6710861311470528,10.909884674685447,15.583138688628551,31.90155515511953,1.0762087106704712,1.7092856168746948
00591_snr+10,10.0,9.261824531984221,8.096920857201553,0.8373847260072405,0.7910399352418761,0.0022467993213722646,30.144957507796853,18.134496437413464,1.3099443912506104,1.4360538721084595
00592_snr+10,10.0,9.421868443284335,0.9978886377101626,0.9372745578276976,0.8071588724177085,9.2849553531129,29.616532145988256,25.380216991280577,1.21848464012146,1.6099207401275635
00593_snr+10,10.0,9.462375055351725,2.259984088338733,0.9640450693326053,0.7940201143974104,-6.634407311237858,24.94621904333298,25.05480450613317,1.2716072797775269,2.004889726638794
00594_snr+10,10.0,9.978827223105963,0.1289062126398354,0.9020779673893743,0.6925245093310387,-7.376201876848691,23.707561186886355,29.77270833028574,1.2517988681793213,2.6291110515594482
00595_snr+10,10.0,9.203184931080324,0.01559925443595525,0.9855049975860487,0.7536882674079416,9.278192388438631,31.510402884316644,31.713652091759297,1.228840947151184,2.184483528137207
00596_snr+10,10.0,8.399495997272945,10.307217258352717,0.8560712684999976,0.8599457445181384,27.50557393040919,29.130162214204283,11.984651568582427,1.5364758968353271,1.512589931488037
00597_snr+10,10.0,8.107493196450875,6.766756393460272,0.9086265701356163,0.9394836475907511,-3.9418076334507157,34.158888018220644,16.95146961502787,1.6853249073028564,1.3313204050064087
00598_snr+10,10.0,9.4798098315074,9.471116102866246,0.9208324465041712,0.9017649598888097,25.555347376221825,27.80068773447192,15.626556586205004,1.2554612159729004,1.3782527446746826
00599_snr+10,10.0,8.874520712362502,6.837344338240502,0.8376071057511892,0.7096950672031687,-2.397084709842822,21.784131805067545,26.932532592371686,1.2269824743270874,1.2044237852096558
