id,snr_db,sisdr_noisy,sisdr_enh,stoi_noisy,stoi_enh,pause_resid_db,pause_resid_db_noisy,speech_lsd_db,pesq_enh,pesq_noisy
00000_snr-5,-5.0,-6.050548182058839,-3.4056609068539516,0.8367707545400914,0.6389166089029057,38.03837355725002,44.70934338717314,22.15786297948691,1.1494364738464355,1.387115716934204
00001_snr-5,-5.0,-5.070439647877202,-4.476166509308342,0.7211205922735272,0.5193428211521004,nan,nan,26.493411155968452,1.0591797828674316,1.047074794769287
00002_snr-5,-5.0,-6.320000471455734,-11.4957582478256,0.8690641054133231,0.6088807677685719,12.832216020483296,24.92509477120381,35.047878102349365,1.0866695642471313,1.1859756708145142
00003_snr-5,-5.0,-5.84597314050182,-12.553593346221534,0.6296379484381658,0.41996896626132857,21.910543844685776,32.3390572654379,27.861172897843474,1.045421838760376,1.0513668060302734
00004_snr-5,-5.0,-5.037695175966562,-2.6491876713901052,0.8176554157623133,0.598750573808133,-1.6368408115109463,39.62188654556524,24.323659873956533,1.0976613759994507,1.4040312767028809
00005_snr-5,-5.0,-5.423223940557107,-1.2263627217764144,0.5947395354385446,0.5175001459331101,27.706769658044227,38.73099664034092,19.562648627211605,1.0371640920639038,1.0599335432052612
00006_snr-5,-5.0,-6.074347969273305,-4.910669205693819,0.7746169554963671,0.5785537213211877,8.56414251590802,40.17966500125317,29.188178854297316,1.0585451126098633,1.1427713632583618
00007_snr-5,-5.0,-6.2573618468466305,-19.21843037295305,0.6582136125882482,0.3969631452580536,21.158286535517522,41.38798315434648,30.651933901591967,2.8021798133850098,1.0789083242416382
00008_snr-5,-5.0,-4.973088783243822,-5.386183531836589,0.6819675216843508,0.42308705482896475,12.270873851807275,38.08632285650878,26.615860045591564,1.0428787469863892,1.0949047803878784
00009_snr-5,-5.0,-6.365221520858846,-4.378955105811385,0.8177560606941928,0.4783664188361815,6.098672044968253,41.98865078250855,24.171089146119442,1.0587823390960693,1.0943057537078857
00010_snr-5,-5.0,-5.811128766434379,-7.888914506555421,0.638271678899934,0.3630857135759704,19.69447373196004,42.175507425609396,27.016768685973947,1.043249249458313,1.041823148727417
00011_snr-5,-5.0,-5.625983691231945,-26.506313157281053,0.5334552871839353,0.33630540625356675,19.5136857655916,34.357897768042605,27.11128939839164,1.4387171268463135,1.101860523223877
00012_snr-5,-5.0,-6.450401531454055,-7.144022951029514,0.6025660677649927,0.49513244987023836,24.14787552220065,42.393623826490696,26.246313288158536,1.7093415260314941,1.0497055053710938
00013_snr-5,-5.0,-4.777352708299811,-12.741261409474681,0.4438688015333131,0.313241254133362,nan,nan,26.8130228223573,1.9504146575927734,1.0702627897262573
00014_snr-5,-5.0,-5.229531521526578,-9.348610300553641,0.7371759328771191,0.5010985370858434,-3.1823155821721687,33.79345025237343,31.132362639226123,1.0495742559432983,1.1082446575164795
00015_snr-5,-5.0,-5.356390368871082,-5.783720435855847,0.8465438452844346,0.5827542751044206,9.18689995770489,42.72517711801464,25.367154331897957,1.053970456123352,1.0704141855239868
00016_snr-5,-5.0,-6.005529132046989,-6.024901227612894,0.5622218899452391,0.3178313374737352,16.60579926644366,38.60321467913326,23.59707781201166,1.1268583536148071,1.047783613204956
00017_snr-5,-5.0,-5.881710929340224,-11.217084017575527,0.5350784710251858,0.2988805433585927,9.435587156656556,44.56334596922635,27.151505169281474,1.078220248222351,1.0453044176101685
00018_snr-5,-5.0,-5.468904874607774,0.9598891382787853,0.663084419802249,0.6067778339839075,14.481427975591885,35.82463100041722,15.008325152085606,1.068427324295044,1.0690419673919678
00019_snr-5,-5.0,-5.1103657108360245,-10.28474659716315,0.5274917707640775,0.40657621381653636,17.99091518915976,38.666377660567434,26.447795521335614,1.6303057670593262,1.0718412399291992
00020_snr-5,-5.0,-5.248945471976589,-21.4702922026512,0.8027176344220724,0.4883650037285505,24.36514772314196,27.915057222986782,29.105850569309688,1.9027955532073975,1.2436517477035522
00021_snr-5,-5.0,-5.5623419902810145,-6.522004597500464,0.8513365721261472,0.6301490681294185,11.262260583083002,15.804298138001283,17.294253837846984,1.382789134979248,1.5202741622924805
00022_snr-5,-5.0,-5.539835541488997,0.2759729999879532,0.7690714259207942,0.6393065548147143,29.092444360191333,41.14857460917296,23.945341597338558,1.2775958776474,1.2731256484985352
00023_snr-5,-5.0,-5.388742454272929,-2.2723111059647834,0.6525701967607718,0.4608462220791112,28.284545246484814,40.755744766412924,25.432530912620365,1.0535778999328613,1.0589152574539185
00024_snr-5,-5.0,-5.374868419925396,-11.608615899316796,0.6435521224348992,0.4811481938017464,8.989493436040373,34.530426220361036,24.725129347482273,1.4710978269577026,1.045608401298523
00025_snr-5,-5.0,-5.841623447415907,-5.332699207195421,0.6635987474128542,0.5345818404133627,7.6739072370224415,43.432055517225265,20.172203960427982,1.0849496126174927,1.0382686853408813
00026_snr-5,-5.0,-5.906248826637047,-0.03621121898880448,0.9415832473415489,0.7498541347215448,19.156622868817504,44.25710671837871,24.09821476230543,1.424438238143921,1.4008573293685913
00027_snr-5,-5.0,-5.147168970092524,-14.656701052183559,0.549611821244896,0.3489813611650325,30.261893495597946,35.563032374112964,25.743831753159473,1.0690028667449951,1.028411626815796
00028_snr-5,-5.0,-5.507291180050167,-1.9642311500628427,0.794900523690066,0.6169281097793747,2.0114397026274053,36.31874945749535,32.440533884805824,1.1261845827102661,1.1030718088150024
00029_snr-5,-5.0,-4.8920525709397165,2.4996008039696966,0.6753239406051059,0.6268588794596716,nan,nan,16.694950779000923,1.0995361804962158,1.0441081523895264
00030_snr-5,-5.0,-5.1032017046367,-1.3320979888577456,0.8899563382960909,0.6529899902131616,nan,nan,22.283513116766674,1.1582393646240234,1.2456226348876953
00031_snr-5,-5.0,-7.13361401455924,-4.49086532817047,0.5688210484677471,0.40801813836886613,29.442814913748563,43.40747188406257,19.739041153483694,1.0964932441711426,1.0849578380584717
00032_snr-5,-5.0,-5.970227275856431,-7.288300715640106,0.8273111988604759,0.5653135475538633,20.86921783518846,42.93728036628475,29.86749093298967,1.4946630001068115,1.0845810174942017
00033_snr-5,-5.0,-5.04454165936949,1.685746302078467,0.5197545076114007,0.462678254396741,nan,nan,15.128031936434201,1.0718289613723755,1.0582841634750366
00034_snr-5,-5.0,-6.213307732598397,0.6454918039892865,0.761674694749516,0.7016610533840462,9.429608843819695,44.77386508595549,25.519685294523114,1.1164677143096924,1.0525014400482178
00035_snr-5,-5.0,-5.175866507676291,-5.590200589882553,0.7452414126836503,0.529424718987676,9.3637082512389,41.154387089248544,13.518160667138117,1.0612901449203491,1.1038445234298706
00036_snr-5,-5.0,-5.073958240219075,0.3236131589480313,0.47911491800294703,0.4797057142104209,nan,nan,16.714136998745516,1.0552809238433838,1.0346837043762207
00037_snr-5,-5.0,-6.516404159527466,1.9416153473256164,0.8327868748073892,0.7123699943519628,22.401117023855697,41.22519622618359,9.786654144693953,1.1762257814407349,1.103332281112671
00038_snr-5,-5.0,-5.399228843656852,-11.295936145545532,0.7983578241344715,0.5673178058089544,20.695254418004346,37.044466979337855,27.976851736841933,2.1522865295410156,1.1007647514343262
00039_snr-5,-5.0,-5.139185948487913,-1.7720182462261944,0.8523898649608354,0.6646651388411371,15.442456399508767,32.23784301112517,23.137509995362098,1.1930367946624756,1.311154842376709
00040_snr-5,-5.0,-5.5295813603921875,6.8142334300014715,0.8807497327082268,0.7456105914276447,18.641096139196755,48.784277295721594,19.66771666513341,1.2348122596740723,1.3853371143341064
00041_snr-5,-5.0,-6.220257950820721,-5.086351289508765,0.7310622876730825,0.7185784658169725,36.31587175066514,39.449780190581144,12.835465599395544,1.4540854692459106,1.3411282300949097
00042_snr-5,-5.0,-6.856291000262139,4.286565870785267,0.5906619474605687,0.5632867132907357,8.272805923343642,41.108842543856916,15.991369534080949,1.2012468576431274,1.0437195301055908
00043_snr-5,-5.0,-5.541699454603978,-18.084759770472335,0.5582329243440757,0.3904647021342015,13.125152725469853,39.12796246263127,28.59608742204909,1.0952165126800537,1.0534772872924805
00044_snr-5,-5.0,-6.824234636702843,3.867095204655559,0.4531383703589911,0.39617748170103395,21.217231795171617,52.71629412008235,15.058202789257276,1.0813814401626587,1.044822096824646
00045_snr-5,-5.0,-6.334694473663784,0.5317738922321782,0.7953471105750668,0.5975392307969506,5.618364355644952,37.04916167015526,19.507342467172,1.165277361869812,1.1070536375045776
00046_snr-5,-5.0,-5.581081972889221,-19.597323855443754,0.5706082799393768,0.34535543800166285,17.247140570626335,44.60390842343699,27.73168825932729,1.0681334733963013,1.035876989364624
00047_snr-5,-5.0,-5.097502158200333,-3.7125581018389924,0.5267907096530784,0.400642345181707,27.107151115622557,38.76759495443639,27.802003095050168,1.032643437385559,1.0372997522354126
00048_snr-5,-5.0,-5.209390823116196,-17.220187135850974,0.5553777169425741,0.3534712711628018,33.31931410514435,47.08390570181014,27.612810458478567,1.1515287160873413,1.0415316820144653
00049_snr-5,-5.0,-5.490308814188078,-7.753236155115996,0.5051525224623731,0.30169309941796774,4.101401882131957,30.839150494007708,26.995471885856244,1.1741645336151123,1.0420804023742676
00050_snr-5,-5.0,-5.8906801769943264,-10.122640070393167,0.8465505711707301,0.5114323836850279,33.49767415520843,44.43099254308355,30.081872253472593,3.0525639057159424,1.3577468395233154
00051_snr-5,-5.0,-5.509366593561697,-7.716402964645076,0.5808070492345448,0.4478364497551232,9.714298162782976,39.25999111220487,27.21873790229277,1.0349303483963013,1.045376181602478
00052_snr-5,-5.0,-5.49213982231077,-4.143755201372299,0.8936767142285297,0.6536141496392344,32.353274114847586,44.707342936899224,25.650048195044242,1.100306749343872,1.4268720149993896
00053_snr-5,-5.0,-6.054243319785622,-1.0005087483614368,0.5891891248372602,0.48457693143811703,17.91769173240416,44.52153613449784,19.402138361187397,1.039785385131836,1.0539075136184692
00054_snr-5,-5.0,-6.262764350818739,-5.769482587172574,0.6726654337025958,0.5123361876843274,15.686422265046716,41.41168422558553,28.826358093965712,1.041642665863037,1.0771019458770752
00055_snr-5,-5.0,-6.132507416620213,-11.043172922318403,0.643453042272001,0.49317770890751744,19.668106227970647,40.20707806022451,29.655635390959876,1.8098138570785522,1.0517971515655518
00056_snr-5,-5.0,-5.19217130393876,-13.785041722924783,0.6716809815966979,0.4739162697558248,19.413018066946407,41.53687797552073,26.965522760877867,3.4042766094207764,1.0918762683868408
00057_snr-5,-5.0,-5.303979488265225,-1.457025247613684,0.9257462857607466,0.8525479392111809,4.685757604096118,19.28727528859808,13.541169019963874,1.0536020994186401,1.042741060256958
00058_snr-5,-5.0,-5.014515434602956,-0.5766009573379193,0.3596424098161544,0.5553047887366006,nan,nan,18.185741714254984,1.1668812036514282,1.151836633682251
00059_snr-5,-5.0,-6.996102271741112,5.800709877457557,0.5563205749919417,0.32921319524316683,9.569719794530357,43.42432953395705,23.784739725188675,1.1404786109924316,1.141396164894104
00060_snr-5,-5.0,-5.3910293797322995,-3.892190309348483,0.9316832130989307,0.6972256231499706,-2.113686771071428,42.916860860047336,17.65703393010415,1.1508841514587402,1.2391223907470703
00061_snr-5,-5.0,-6.31475165504458,-3.3750927124834114,0.6263810079740187,0.45202089818825775,16.58369370469342,42.52400654180931,22.49648878224805,1.0526583194732666,1.0701959133148193
00062_snr-5,-5.0,-5.664167306634487,-8.056570218260887,0.7472765493071851,0.5580238884509656,23.2165159501726,44.842621485337915,26.666905350170907,1.0388610363006592,1.0544376373291016
00063_snr-5,-5.0,-5.074810915099298,-10.835516056264032,0.6675123258982065,0.38023940195949174,nan,nan,19.008941164993644,1.0505328178405762,1.0422017574310303
00064_snr-5,-5.0,-5.405701770383441,-5.856321187364044,0.8561261203784111,0.6431929162267801,46.06794313522479,51.835427658157485,24.5076229817595,2.1752429008483887,1.7818124294281006
00065_snr-5,-5.0,-5.691912635066403,-5.944429581342485,0.8359371452823522,0.5497837356666585,9.143032183767163,41.787453051600735,27.73694509529749,1.0840998888015747,1.063647747039795
00066_snr-5,-5.0,-5.694113151551743,-10.861621356444612,0.588732624407259,0.5072502490381584,22.331118218848033,41.47898695737861,28.32397513255394,1.1062368154525757,1.2904921770095825
00067_snr-5,-5.0,-6.458520411412099,-2.0174592553279163,0.6862992195425056,0.5792013431360504,4.7022631839741935,38.91900444744718,21.83386606921723,1.0621275901794434,1.0505808591842651
00068_snr-5,-5.0,-5.577459886219806,-8.586398460720634,0.7463088165448484,0.5640271124572921,8.180271458607699,32.48225514947866,30.01952716961361,1.0774492025375366,1.2235631942749023
00069_snr-5,-5.0,-5.780855137297031,-18.050699640096447,0.56404087789864,0.4717591793454978,20.61214917853374,45.09754555199194,29.498903447427015,1.7633750438690186,1.0915629863739014
00070_snr-5,-5.0,-5.629063259807481,-8.020374647426069,0.5630035838245407,0.38388207835245963,21.055871858394795,47.650640723910975,22.59251814422106,1.0315601825714111,1.0848075151443481
00071_snr-5,-5.0,-5.730246901699294,-8.647181349924631,0.7468295587841939,0.6183114956996028,35.112393473112505,42.287602504984406,17.551069205866998,1.0720182657241821,1.1230028867721558
00072_snr-5,-5.0,-5.030281964284795,-12.556371261136459,0.6553080406302364,0.3713674718712083,nan,nan,20.72098977439637,1.1067739725112915,1.1167982816696167
00073_snr-5,-5.0,-5.7623916354100055,-11.347563238883636,0.9297491534992334,0.640101440054107,48.574454037468655,49.16545334189017,25.713407426756767,1.0718556642532349,2.4172070026397705
00074_snr-5,-5.0,-6.137770699406737,-12.399729309465059,0.8088142508233958,0.5381663597652725,23.858127146958704,44.54705006841702,28.1705785425868,1.071709394454956,1.0962618589401245
00075_snr-5,-5.0,-5.728839159216369,6.352685662323278,0.9569114467019624,0.8046784647885872,16.086069517585234,41.138570385293264,14.693592149198482,1.4070312976837158,1.594497561454773
00076_snr-5,-5.0,-6.228964278834898,-10.307852287552928,0.7075184692456271,0.5076074283788916,15.586745196782633,21.632966622710367,16.874573637552547,1.080496072769165,1.125076413154602
00077_snr-5,-5.0,104.31342102708072,-2.2824640649041763,0.9999999999999998,0.6251471201535448,-9.933073399267435,0.0,23.510107185514748,1.1389319896697998,4.643888473510742
00078_snr-5,-5.0,-6.191398173457397,-3.3724582573427506,0.8428305176580705,0.7958731629818577,30.633767008381962,39.810141047009154,12.799907346467648,1.0816588401794434,1.0446265935897827
00079_snr-5,-5.0,-5.77297683411087,-5.023126116540785,0.8887184028157411,0.7251081759916151,25.663003954260304,41.932008523448914,21.326221031743778,1.1507067680358887,1.3526310920715332
00080_snr-5,-5.0,-5.763487030959079,-6.144475581773298,0.7192885366582001,0.5481599731057242,4.943189363497616,41.1022396066151,26.010253451137245,1.0444906949996948,1.0543370246887207
00081_snr-5,-5.0,-6.324727143304873,-9.693190309968765,0.6381514222598793,0.47465630680137877,26.634217166154546,45.359807546527264,15.984118023258302,1.033907413482666,1.0253139734268188
00082_snr-5,-5.0,-6.268588598708864,-36.15110476775581,0.8728513940134215,0.5466011377564942,8.692089666223152,43.68781826883638,32.615912869560454,2.13893461227417,1.3635940551757812
00083_snr-5,-5.0,-5.6672781355731106,1.9807681450380985,0.6747591951604641,0.581647813066228,17.185077778243592,38.562508521076055,19.139511652436127,1.11214280128479,1.1474854946136475
00084_snr-5,-5.0,-4.98769460894183,6.213941430691278,0.8129775744489156,0.667818612475725,nan,nan,15.011495686173525,1.1746081113815308,1.1271543502807617
00085_snr-5,-5.0,-5.975525941055926,-3.629521529633231,0.7048119505110565,0.7051088495957881,34.05672005654835,50.13424169314399,13.953157982098105,1.1049152612686157,1.0698531866073608
00086_snr-5,-5.0,-5.236923379061599,-19.47850892180847,0.674659521422755,0.32295215262140314,21.393903002586203,42.52897432333506,21.500626306604122,1.0300720930099487,1.0325543880462646
00087_snr-5,-5.0,-7.1576630005061705,-4.033417052625078,0.6124914579780054,0.5635537654210729,34.16632186516048,44.9600003150973,15.824154842098082,1.0788500308990479,1.0872678756713867
00088_snr-5,-5.0,-5.687650629179066,-8.452940367191603,0.7735056958485715,0.48182265774208116,19.54710952410262,45.819439140078174,28.88369709569235,1.036700963973999,1.0361634492874146
00089_snr-5,-5.0,-5.6311115708624175,-16.76542148339928,0.5651665517806331,0.3581349664913492,26.204183084474685,36.42995740631504,24.452570891726875,1.8873133659362793,1.0437766313552856
00090_snr-5,-5.0,-5.55880313389188,-9.16579230273021,0.5812238832571341,0.3842982078884766,34.47982821534712,41.01726403078342,24.806215828005577,1.0562312602996826,1.0868713855743408
00091_snr-5,-5.0,-4.995323131259411,-5.459179873745697,0.6120648120521408,0.46839349802603103,nan,nan,24.639415484257135,1.0347647666931152,1.0283470153808594
00092_snr-5,-5.0,-5.006234748413635,-1.61743698269911,0.825935202838787,0.7362115138566243,7.726680018400359,27.260207510387428,17.18663423148162,1.288509488105774,1.552506685256958
00093_snr-5,-5.0,-5.23791257398484,-5.3289965882729495,0.7427089577416808,0.49363571111132676,22.124350302728665,35.550989577003314,29.175155750481984,1.0675233602523804,1.1802468299865723
00094_snr-5,-5.0,103.24065347456809,11.301070375840252,0.9999999999999988,0.9473363909362321,nan,nan,18.655666058537403,3.3390157222747803,4.643888473510742
00095_snr-5,-5.0,-5.275184326403344,-4.464227888789044,0.5286929514135466,0.4690177457134114,11.423576629526444,35.82986522419179,22.635927464029503,1.0363398790359497,1.0460357666015625
00096_snr-5,-5.0,-5.607233198669612,-16.20379564014598,0.6848098656047095,0.47040106831476414,30.280587832024587,42.785014561638484,32.97499692849806,1.5326404571533203,1.0418155193328857
00097_snr-5,-5.0,-5.366335906493377,-4.598602422379564,0.6139622463242492,0.454005073769956,11.522130774586989,38.361274836328214,24.164613938515817,1.0294603109359741,1.0292257070541382
00098_snr-5,-5.0,-5.112240079006804,-8.989804809974194,0.6204525393925916,0.4849412499477058,-4.388791794917816,41.24726176690362,21.44538999859545,1.029647946357727,1.0428707599639893
00099_snr-5,-5.0,-6.043549698924778,-6.518463154768743,0.6241594612410089,0.5164712055264857,19.55847489121752,42.54421607577038,26.37160668707893,1.0299946069717407,1.028041124343872
00100_snr-5,-5.0,-6.393797557007135,-0.7222076071969166,0.7550801134582037,0.6270542790602184,11.669339561943309,44.725584482136185,17.508625988680816,1.1677848100662231,1.1171027421951294
00101_snr-5,-5.0,-6.737118154921137,-14.310019614917932,0.6483868829345494,0.3594776045705164,34.23077213689774,46.70458687003831,18.876460280714344,1.0396928787231445,1.0635713338851929
00102_snr-5,-5.0,-7.227858339541207,-5.708550659501279,0.6410297406716717,0.347064895798227,11.527267618881096,44.05657361889478,24.432408591348466,1.1085842847824097,1.2994590997695923
00103_snr-5,-5.0,-5.233444307440282,-8.44328211198136,0.7703158206479098,0.5236384330684783,28.402145145138313,33.50301972043633,26.05058424485589,1.059962511062622,1.0988496541976929
00104_snr-5,-5.0,-5.002939032596459,-4.329703709389827,0.5106135711221274,0.39527400765495535,nan,nan,26.110830235921703,1.0670971870422363,1.054855465888977
00105_snr-5,-5.0,-5.09523446668684,-3.987132340926423,0.5474037900709984,0.49009115050899427,10.885509753864921,34.86276179129352,23.71142214220383,1.0581287145614624,1.0345697402954102
00106_snr-5,-5.0,-4.984956358437071,-3.452526114677918,0.6951238315642458,0.5817880755153166,nan,nan,19.391558819510223,1.066061019897461,1.0775152444839478
00107_snr-5,-5.0,-6.716201649313125,0.3623598537274032,0.8281370778453592,0.6874455845267496,13.9808485858102,40.54632543655149,13.56453471080506,1.4123098850250244,2.017159938812256
00108_snr-5,-5.0,-5.726754898386027,-7.843039030655586,0.5696537935738967,0.4363399845748787,28.1324807376342,44.331999063309084,24.429770219642457,1.0663952827453613,1.0890743732452393
00109_snr-5,-5.0,-5.135362828765022,12.241581014409102,0.9666861680821917,0.9317068688716228,7.481305239698348,43.667760891040466,12.295171647190047,2.530834913253784,2.051478147506714
00110_snr-5,-5.0,-5.005197860181688,-0.3980680434368686,0.7076990959943149,0.519928864359317,nan,nan,21.36668709472925,1.0624549388885498,1.1007517576217651
00111_snr-5,-5.0,-5.82792647487325,-31.105933554940574,0.8058126228059755,0.3264031920481955,40.681904106651615,42.45870892180938,23.647406082415053,1.0204967260360718,1.0390281677246094
00112_snr-5,-5.0,-5.643613052221275,-4.12611179683811,0.721713418323128,0.5681718440709679,-3.7457839593700633,24.044891474846434,24.64210617945413,1.1177197694778442,1.2189552783966064
00113_snr-5,-5.0,-6.555536126478364,-11.832919364531516,0.7064812050625495,0.28965501029238366,41.04638498646024,46.96660774180468,21.08591089725772,1.0398731231689453,1.0668833255767822
00114_snr-5,-5.0,-5.242545584230006,-5.209893357413416,0.7260544715754341,0.534243162882221,21.317476864370487,49.4990661630963,28.385658804850454,1.0545787811279297,1.1037073135375977
00115_snr-5,-5.0,-5.110554839505504,-4.4810869866415945,0.6486218656161195,0.49602085905730386,15.196314895163583,26.407580935070175,22.395056460108446,1.0345523357391357,1.1300030946731567
00116_snr-5,-5.0,-5.9970198157839425,-1.1461546352181755,0.7955520417447686,0.6778229321499514,7.2819703077383195,41.16527974850229,18.833972843663858,1.1406371593475342,1.7131675481796265
00117_snr-5,-5.0,-5.881847758519957,-8.62678827798511,0.6592652821039714,0.4470263244381365,12.773972288527338,41.3609051875051,25.517526431386724,1.058890700340271,1.0398858785629272
00118_snr-5,-5.0,-5.319691248095543,-10.724373495006486,0.6356233060932258,0.49401459290435773,17.718388118915474,38.452921209476315,26.560053441344145,1.1762480735778809,1.0344794988632202
00119_snr-5,-5.0,-5.27527292216396,-7.669379656140749,0.6157011088056943,0.47485434226713236,5.873973303061829,36.558047959649116,28.230909061160666,1.042168140411377,1.0671175718307495
00120_snr-5,-5.0,-5.083318190594892,-15.30119777672661,0.5651697523274146,0.43182073075727334,24.557395503149127,34.84409070060546,27.26719850387044,1.0466618537902832,1.0941002368927002
00121_snr-5,-5.0,-5.3590579099217,-2.0915500406122174,0.8018693064164244,0.5648720454226162,3.4691459759405947,38.325859733725764,31.074387059180086,1.0790035724639893,1.1182219982147217
00122_snr-5,-5.0,-5.247159726762435,-9.615668919470707,0.6739395243473547,0.3643630375452953,10.675753510137447,44.0188751063613,27.270124729516457,2.6901285648345947,1.0308177471160889
00123_snr-5,-5.0,-6.567899661554851,4.190586309784009,0.6610082465989936,0.6019459507081888,16.061541115049568,39.20026424973214,19.652382931442855,1.1244746446609497,1.0635422468185425
00124_snr-5,-5.0,-5.658730790037739,-19.004248705996993,0.7615461900711181,0.34829100152975945,24.473018239748484,27.44018400565324,19.159370488224347,1.0532768964767456,1.0939874649047852
00125_snr-5,-5.0,-5.947067387359018,-29.33209675471784,0.6531954056932245,0.3338273419428566,11.82499967994941,41.756267688768446,27.269937460346124,1.0422344207763672,1.0535593032836914
00126_snr-5,-5.0,-8.88815565704147,1.6584198977259184,0.6256269792600531,0.5620710298880576,13.47462832661921,53.205769804747256,12.395901450838112,1.3690696954727173,1.2630586624145508
00127_snr-5,-5.0,-5.00567449487593,-3.8123578014392394,0.8760753280475503,0.6651768286050719,nan,nan,23.180944427123585,1.0804781913757324,1.107751488685608
00128_snr-5,-5.0,-5.630826118310699,1.1396511470879265,0.8410789472656435,0.6919889463808985,-2.8839425358332518,35.8507855203928,18.061368402680948,1.1552668809890747,1.08387291431427
00129_snr-5,-5.0,-5.077839909190728,-10.257993845534765,0.7272594025521679,0.5096146505902545,-7.103777799981573,16.66454682282064,21.57866929914079,1.049320101737976,1.0866471529006958
00130_snr-5,-5.0,-5.7212591983906,-3.1220015428994903,0.7958792975791275,0.6397753865053263,7.760710526332566,42.64611859770554,28.26508718762947,1.0774493217468262,1.0343122482299805
00131_snr-5,-5.0,-5.09772258386155,-4.186078903918756,0.44345444892024743,0.3858518732560965,5.500301987300223,35.22289573483234,26.656356880692023,1.0610649585723877,1.0428686141967773
00132_snr-5,-5.0,-4.882034987909601,0.7238061365961179,0.4433684123994481,0.4603541478664358,nan,nan,25.025515736144456,1.0609774589538574,1.0554585456848145
00133_snr-5,-5.0,-5.751382532809793,-5.295623447252586,0.5368993180263886,0.4848913619127768,10.811988620630903,42.858153369816485,27.23449571523159,1.0726654529571533,1.0740286111831665
00134_snr-5,-5.0,-5.504037868419931,-1.1792242997699092,0.8165961990307774,0.645311010069473,19.615656874753636,38.968642111886425,24.35680862613645,1.2789140939712524,1.505082130432129
00135_snr-5,-5.0,-5.522784917706144,-23.896452747468867,0.6333809366292722,0.23331220209922834,37.566097716136895,43.701721929280055,23.832316066805987,1.0295884609222412,1.0681567192077637
00136_snr-5,-5.0,-5.056242648847707,-2.747424039345376,0.5628671446409665,0.4576259564621097,5.802381671786599,41.552543970712605,23.982642258088692,1.0432795286178589,1.0340023040771484
00137_snr-5,-5.0,-6.013800739122215,-10.40496375347644,0.6297387372947352,0.40083396361073326,40.484148288162515,45.99800659730608,26.11652703908902,1.0624034404754639,1.0851435661315918
00138_snr-5,-5.0,-6.410877917969478,-18.280750985238328,0.6126576415280532,0.1989345758201837,48.98693034046113,55.525029107297996,27.092389322046554,1.0352942943572998,1.1398413181304932
00139_snr-5,-5.0,-5.916140030051819,0.9710070191990756,0.9136647971766106,0.767932626823592,17.885726501939608,51.82084511263963,18.00252697553534,1.2024577856063843,1.8581748008728027
00140_snr-5,-5.0,-6.0066458956310935,-11.792366216301478,0.9068291443338039,0.6142298824670867,21.70051011353972,39.130705804431756,30.83232596062955,1.1170257329940796,1.5700581073760986
00141_snr-5,-5.0,-5.924024226380027,-9.158834971354365,0.5123517137234956,0.3817013071739119,9.443623854427912,44.82000402836996,22.153050361141037,1.0587563514709473,1.0245153903961182
00142_snr-5,-5.0,-5.650462216227925,-29.038668925732306,0.6479334745833727,0.29170107630094066,31.08064376278399,36.30743841824338,25.06280905358547,2.013573169708252,1.0401623249053955
00143_snr-5,-5.0,-6.1639541699051055,-11.106975380114228,0.543620426593789,0.2540270929584285,24.05569431022396,39.9324807912009,20.379440702637442,1.0709397792816162,1.047960877418518
00144_snr-5,-5.0,-5.6512468670969005,-1.840363563417978,0.7551321939618567,0.5714771516789874,7.90623636878382,38.934003071126746,24.80992654611031,1.0542041063308716,1.0393471717834473
00145_snr-5,-5.0,-5.5387799819983075,-21.507756613449427,0.717917690821139,0.4037883109433561,31.810947261117974,42.84724922373806,27.60033854493219,1.3322144746780396,1.0670067071914673
00146_snr-5,-5.0,-5.953311283756138,-6.392873983982389,0.7967680569227685,0.6430830593762122,27.780913880378044,43.23203179189044,18.894578358015487,1.0926650762557983,1.152359962463379
00147_snr-5,-5.0,-5.2842544216838725,-3.049461648308122,0.7716174402101447,0.5418390103743601,8.247048477750322,40.11739930056862,24.281835941312472,1.079931378364563,1.1321827173233032
00148_snr-5,-5.0,-5.579174729691278,1.6482656589643492,0.82360500532353,0.6708254455088423,34.306404200350485,40.73854040206495,16.605573390971085,1.307053565979004,1.2742966413497925
00149_snr-5,-5.0,-6.09103467803291,-7.727688053838094,0.49810400574815455,0.46346455987813767,35.80727569675425,49.49468487644428,15.717266195359949,1.05099618434906,1.051641583442688
00150_snr+0,0.0,-0.7005111544277789,-6.591541060953974,0.785770244500555,0.5243574497418606,38.54265746721421,43.821481520782996,26.69288953467229,1.1943323612213135,1.184276819229126
00151_snr+0,0.0,-0.12286652338989301,4.123229672148647,0.6099454062845467,0.5291853011590413,-7.265489983970629,32.92460249369434,16.13155142413132,1.0577269792556763,1.0597141981124878
00152_snr+0,0.0,0.0849874643707596,0.5931569382368478,0.8558442013872,0.5854765478298939,nan,nan,20.36676142578424,1.1833429336547852,1.4097946882247925
00153_snr+0,0.0,-0.13547029210863354,2.631622520713144,0.6897077631507186,0.6081092575892343,-7.127886389696998,33.068825147931605,22.549927749662157,1.0807197093963623,1.025000810623169
00154_snr+0,0.0,-0.22460608766639006,3.435051663087472,0.8967141547892322,0.8728746590397848,28.203256964929977,30.87430437360596,15.659507475895834,1.1916457414627075,1.1301045417785645
00155_snr+0,0.0,-0.14958415176439946,1.253456871857212,0.9463058640422392,0.7311313378083446,11.0190899903479,37.17300054809766,24.195033699787167,1.253206729888916,1.1471229791641235
00156_snr+0,0.0,-0.07021681872725447,1.4471522460923216,0.7193889166297283,0.6423917879042823,nan,nan,20.871908108177006,1.1819225549697876,1.2087023258209229
00157_snr+0,0.0,-0.6212515811088654,0.7517877086666634,0.8283217807852515,0.6608533827617328,6.729489624668475,32.54174327068474,17.278764662820947,1.1645456552505493,1.0916225910186768
00158_snr+0,0.0,-0.6105493711912986,-0.31061021362952285,0.6772186843080717,0.5280155211451255,4.470473352630305,33.20825720870991,27.64493717008464,1.1552143096923828,1.1286715269088745
00159_snr+0,0.0,0.008614293120911514,-4.4477007954234775,0.6473015561011458,0.4779073579381323,nan,nan,27.635164226878565,1.0468802452087402,1.0809893608093262
00160_snr+0,0.0,-1.0709633382957149,-1.1570168619518055,0.7332249114213937,0.5752651735311543,12.19996044105619,36.53255462360673,31.501890582834562,2.4222869873046875,1.0895272493362427
00161_snr+0,0.0,-0.16984186517370006,-3.5526634069227967,0.8404005752765575,0.692225995622264,1.7749639080867918,24.249657055754437,28.944405599167478,1.0701286792755127,1.1003444194793701
00162_snr+0,0.0,-1.489533464561338,2.4950696205939003,0.6123297381544339,0.6504604725146402,1.843945156727075,34.36197119111442,14.479097111343211,1.1788547039031982,1.0791634321212769
00163_snr+0,0.0,-0.03045243514902787,-4.0446407067523635,0.7364125014148851,0.5962165476113623,nan,nan,25.9487842669906,1.0808720588684082,1.1367666721343994
00164_snr+0,0.0,-1.1951634249986283,-2.559032123066473,0.7445054680862245,0.580626942889589,8.323611086105876,34.11957319527208,31.10784351930684,1.0843782424926758,1.1928244829177856
00165_snr+0,0.0,-1.763568406616407,3.8195847372561875,0.7897433727888877,0.7187391831243384,27.814939571759226,43.950878798653676,22.188165369982773,1.1612417697906494,1.1609618663787842
00166_snr+0,0.0,-0.6034667152864697,-0.7193635394907306,0.8367244178411839,0.7715121881396225,-9.450527452024994,26.94359633455031,18.54948296226459,1.2570468187332153,1.465557336807251
00167_snr+0,0.0,-1.1633043007962465,-0.9972386932573317,0.7648015448307347,0.6941431136014565,6.349501698736182,35.53216318297726,26.66180127562417,1.1006659269332886,1.1099649667739868
00168_snr+0,0.0,-0.4699607912145718,-3.139229624155557,0.9357573715699911,0.6887955008901864,12.336854418135454,32.314727588245674,23.614516453139288,1.0580514669418335,1.1132159233093262
00169_snr+0,0.0,-0.8537120325801952,-7.90736247343942,0.7074158526180602,0.5342412246365237,25.357554542940438,42.23924692470561,34.84287239091896,1.0362904071807861,1.058652639389038
00170_snr+0,0.0,-0.3646356155118218,-0.5393411191877627,0.854049817437197,0.5971238597387255,-6.594753621793039,30.433710920722717,26.501185462291005,1.1252448558807373,1.354539155960083
00171_snr+0,0.0,-2.191576944437565,-6.332478160521191,0.717242846966266,0.49425250717649916,32.20751410284059,38.91729419405363,22.808157369544737,1.1279762983322144,1.1393754482269287
00172_snr+0,0.0,-1.5900808431545266,-6.31801250406129,0.7886159165828847,0.5770247865756727,32.59421126426022,36.33572071372201,27.27164953739419,1.1072815656661987,1.2204493284225464
00173_snr+0,0.0,-0.04764939215602031,-2.743147929695433,0.6932346997668678,0.4927306635996723,nan,nan,25.567258705274376,1.0455727577209473,1.0686341524124146
00174_snr+0,0.0,-0.7682702397349178,-2.8469833696514977,0.755336599489967,0.5913914031350952,8.990665123799182,37.84447767485848,26.98620785742077,1.0617302656173706,1.057740330696106
00175_snr+0,0.0,-0.8893337773334192,-3.5332854641094165,0.8869529804190268,0.6350707324994567,26.997350163719823,32.03188402367712,17.30420684276293,1.2961052656173706,1.5103864669799805
00176_snr+0,0.0,-0.6024608695628199,-6.418276753946165,0.7066320873307547,0.5392345458489093,26.38923725653846,33.23522459775431,31.046072748059082,1.0743837356567383,1.0838006734848022
00177_snr+0,0.0,-0.715666232443345,-1.285441990554197,0.7121957441767498,0.6453712851020511,12.123545063460199,30.08147796273592,22.36973973271689,1.0730136632919312,1.0913554430007935
00178_snr+0,0.0,-0.43606130120697034,2.5880162719754845,0.8149071859247958,0.8182961440370695,25.77200193625223,29.751752517891322,17.743642509356945,1.4512524604797363,1.5538758039474487
00179_snr+0,0.0,0.03125795025926559,-0.4593823201536704,0.7537681542109774,0.5845435566811645,nan,nan,21.669811290984345,1.149392008781433,1.4474267959594727
00180_snr+0,0.0,-0.49138609914433307,-7.028191743908384,0.8709407385735795,0.5808434235899131,29.115996454613192,31.8206724746137,24.85361112001437,1.1142499446868896,1.1204603910446167
00181_snr+0,0.0,-0.9190089173689141,3.742277881608684,0.6718170689044249,0.6322300448634774,7.774243254371265,34.58819296792584,22.05938769219703,1.2452658414840698,1.0857471227645874
00182_snr+0,0.0,-1.9153157175901334,2.1670060668889675,0.9508362186613599,0.9313729273337817,3.2790930660498017,31.836557011099153,9.746078074798373,1.605288028717041,1.6024000644683838
00183_snr+0,0.0,-0.7034747755402613,-9.054738373827382,0.7053181531791214,0.535089923838641,7.367413796684326,38.16848346249061,28.684263801237403,1.0393668413162231,1.0313496589660645
00184_snr+0,0.0,-0.3920070546872276,3.379774648710398,0.699616349678876,0.6801238317430679,12.392173420928348,35.961711741725615,19.986560954285494,1.092438817024231,1.22939133644104
00185_snr+0,0.0,-0.8534745810256543,-3.220633909468726,0.8941407904196952,0.6887931548151367,28.193342716840228,33.625270109143415,21.737931888743503,2.318744421005249,1.184546947479248
00186_snr+0,0.0,-0.3981302578982622,-4.880183482803303,0.8945534925601286,0.6724018926287598,9.48325010570051,29.21940263152347,27.363138807186562,1.0882153511047363,1.1330655813217163
00187_snr+0,0.0,0.06287104930277529,-1.2760964470862866,0.8359500396659907,0.6000685970707064,nan,nan,27.203058384341954,1.5560014247894287,1.085170030593872
00188_snr+0,0.0,-1.2404252704420196,12.381761009714634,0.8068157866409391,0.8800421090827625,5.664224118279863,47.79119740875335,16.009487987411813,1.3632279634475708,1.0293949842453003
00189_snr+0,0.0,-0.2876723433224308,-0.5539670321626973,0.9426474699793134,0.6876711828085897,-0.9706354793620185,30.69180846327438,28.127305005348045,1.211944341659546,1.5359797477722168
00190_snr+0,0.0,-1.0098608223050944,-2.4093059453436165,0.8820474846483337,0.7723012387900248,30.154715340774302,38.65360885774969,20.56416120312775,1.0803894996643066,1.103055477142334
00191_snr+0,0.0,-0.8095341882979596,-0.8745473836408492,0.7251904698750656,0.4975665650143344,12.309489151392263,34.57375701609507,28.12521769967944,1.064834713935852,1.0312132835388184
00192_snr+0,0.0,-0.3933914208024212,-3.5261751682482156,0.608099050233049,0.4911850333912776,4.057758216671356,34.85163469394809,28.433162146626575,1.1678650379180908,1.1039661169052124
00193_snr+0,0.0,-0.9956634885849353,-2.150847221538903,0.766221758938592,0.6869187675795626,0.16424598977011395,35.84046466880847,29.842973946354544,1.0585784912109375,1.1005375385284424
00194_snr+0,0.0,-1.0360011457387268,-12.387856834075585,0.6973463266143108,0.5264036845584553,17.426100311943873,36.92772771689066,30.07864984729833,1.0640196800231934,1.0944901704788208
00195_snr+0,0.0,-1.3231344828739071,-2.2829845184048043,0.6683128745058123,0.50822567401169,-3.073940141906552,42.12903785968201,19.912151816930677,1.093888521194458,1.20674467086792
00196_snr+0,0.0,-1.271903995845046,-4.978762209300128,0.8712724802620262,0.6382476490681276,31.838229183183117,38.14421815194171,26.830202353126104,1.0935639142990112,1.2535786628723145
00197_snr+0,0.0,-0.5654551318154175,0.7332758521969551,0.9758666897703513,0.6218743107346426,18.770749033167025,39.91778689874463,24.386885572868227,1.8918073177337646,1.7305232286453247
00198_snr+0,0.0,-0.44777400348658636,-5.713477896411679,0.7463131664199698,0.478588686309915,21.219999442468836,31.697608372791816,25.079456703767935,1.534853458404541,1.0851155519485474
00199_snr+0,0.0,0.05400727145467393,-4.644385900449964,0.7886965452214495,0.6211768934310041,1.231113738446781,35.08188053505699,29.94002729692255,1.079770565032959,1.2206473350524902
00200_snr+0,0.0,-0.48846316127679723,-4.364725428525383,0.7687989298578387,0.6433456627711727,2.6548868261255305,30.169541724794367,30.891153667567846,1.0717087984085083,1.0641828775405884
00201_snr+0,0.0,-0.5640347025702526,-3.1402894195734907,0.7443846506246031,0.5632433785931995,1.4316476777590048,39.475500199395405,30.75384043845375,1.0778700113296509,1.1257843971252441
00202_snr+0,0.0,-0.44298667424721716,-4.3424429809535505,0.8201175167514804,0.6196171784146856,1.043937741977596,32.20668808814516,23.95971649801553,1.1341466903686523,1.2489733695983887
00203_snr+0,0.0,-0.9054388567213516,-1.9105198582972562,0.8308389074938922,0.5250163478370564,23.744617046835046,38.74955014778124,24.146671219592122,1.0810502767562866,1.0719610452651978
00204_snr+0,0.0,-0.02061439823108841,-1.876436012396694,0.6666756400977101,0.4361432777627532,nan,nan,29.830800590056132,1.0545852184295654,1.0822606086730957
00205_snr+0,0.0,-0.22373490987665987,-2.6005862711738637,0.8096153261885612,0.657235587493555,-2.2815665914484646,31.89993982315876,33.24615377492757,1.0853521823883057,1.133836030960083
00206_snr+0,0.0,-0.6297503699633269,3.8263564551681006,0.8106879610807957,0.6932866323857472,17.544330401288285,32.51157293228218,15.691402701870766,1.1289854049682617,1.1179742813110352
00207_snr+0,0.0,0.05028733644094938,0.6829371632790815,0.8588670930793877,0.8341122212987948,nan,nan,17.77080364449694,1.6343939304351807,1.6386990547180176
00208_snr+0,0.0,-1.1091838924839075,1.632881742271799,0.7123829606172599,0.59434989452465,7.117021697336254,33.20375195391254,27.2451105217873,1.1136596202850342,1.1221656799316406
00209_snr+0,0.0,-0.08526530109946334,6.87514358501793,0.6631485522586011,0.5539824541330021,8.52524622116698,28.10453958576115,18.34940748194227,1.1150944232940674,1.0335544347763062
00210_snr+0,0.0,-0.08242563764553915,0.02502830354660302,0.9749450319520581,0.7222612359044553,nan,nan,22.073907538756387,1.3799993991851807,1.729224443435669
00211_snr+0,0.0,-1.4526428196132268,5.855906383056469,0.7716657530375968,0.821006980606616,-1.8316697037160146,30.528785615109616,13.27379305063599,1.3832308053970337,1.1210637092590332
00212_snr+0,0.0,-0.3895869908538777,-5.245328070104146,0.710977718687287,0.35912241787861343,3.7608155088919526,38.26291638650063,19.37993952583618,1.052652359008789,1.095832109451294
00213_snr+0,0.0,-0.08539335182620339,3.105180958476082,0.6990762534578883,0.7169984088324077,nan,nan,17.340635513918453,1.1669777631759644,1.1372121572494507
00214_snr+0,0.0,-0.09236375577179894,-3.808504768554413,0.7904728958623317,0.583631313141892,0.8733401240359933,19.027477383157937,25.75094468548845,3.6947522163391113,1.0683833360671997
00215_snr+0,0.0,-0.9860472031643532,-2.9872099939085235,0.8520643625684279,0.6731840419223608,34.388428458875296,37.82947328112098,26.753443190014522,1.1037447452545166,1.3479503393173218
00216_snr+0,0.0,0.13079778564572458,-1.9100521753604915,0.881352706065906,0.6959290195449123,nan,nan,18.222077113156047,1.0910741090774536,1.3517134189605713
00217_snr+0,0.0,-0.7468307217972914,-2.148614528643583,0.7777631006100774,0.7049357290829037,18.887882954972802,21.524386119300225,15.222074611917032,1.19890558719635,1.4048231840133667
00218_snr+0,0.0,-0.5515980360300559,-1.1742302894467016,0.6759670866997574,0.5837621355277631,5.313047085058717,32.29230639466056,30.430166511898815,1.0706119537353516,1.0881376266479492
00219_snr+0,0.0,-0.044156633930402846,1.4281561320104066,0.8303085265707265,0.6861882544973362,nan,nan,24.13448097169855,1.2341409921646118,1.3511922359466553
00220_snr+0,0.0,-0.6284450929758678,-7.694824985961115,0.8408554453082429,0.5371894158261256,36.53679553228881,41.08769005538541,23.714696910157908,1.3492937088012695,1.3808479309082031
00221_snr+0,0.0,-0.35729250652932376,-1.5757981420282363,0.802286608098739,0.6072192869432103,8.0501901808465,34.12248892459103,25.36650520222006,1.0651781558990479,1.0451668500900269
00222_snr+0,0.0,-0.713889531519062,-3.372904090130988,0.6736309853060536,0.4461956226821594,17.259841932966367,35.677236331155335,25.34799911362763,1.052172064781189,1.0330311059951782
00223_snr+0,0.0,-1.1473561128740204,-1.9773343029743342,0.6160407424516204,0.5012097160725815,9.505160928749225,38.31207661810751,30.594657529594176,1.1619772911071777,1.036681890487671
00224_snr+0,0.0,0.005336009420235821,-1.0008483799757277,0.8292817091859482,0.6727028991534121,nan,nan,17.738733894697127,1.2099616527557373,1.3465867042541504
00225_snr+0,0.0,-0.6137550412149021,4.527906675691414,0.9060054729601639,0.8577977685609945,4.485248248878285,32.55118099882642,11.970860799444127,1.352657675743103,1.1941395998001099
00226_snr+0,0.0,-0.5487488751864874,-3.831640565747251,0.925919560804312,0.7207228327803776,19.723316038545782,36.481981037988724,27.627339578747456,1.0661330223083496,1.1114380359649658
00227_snr+0,0.0,-0.7747490197414831,1.2236118303399646,0.6706402075288566,0.5853849832572553,21.590477261736574,30.112123097646588,18.22419215785835,1.0800297260284424,1.1011364459991455
00228_snr+0,0.0,-1.1949631466097335,1.1440952710089007,0.9135043141223038,0.6727581850387319,17.385941020414226,43.78361137335595,16.954721309261224,1.2800966501235962,2.0910935401916504
00229_snr+0,0.0,-0.7919968586223942,-5.720136755795294,0.6501217127923675,0.5928112408083668,-3.57070658770703,30.090788883908722,18.997172618308156,1.0757614374160767,1.0869303941726685
00230_snr+0,0.0,-0.02273460804460174,1.7259592536563586,0.8234750300583104,0.6800683611754078,-4.4732566140571945,29.338573257887806,16.891384185123922,1.097570538520813,1.0868219137191772
00231_snr+0,0.0,-0.08109063674383865,-0.15393513226539546,0.6557727222912867,0.622748610842555,nan,nan,24.23842247215397,1.1174498796463013,1.1161860227584839
00232_snr+0,0.0,0.07145029354809435,-2.696344157909868,0.6973916377913956,0.5669658840951542,nan,nan,33.2757478237054,1.0601060390472412,1.1460905075073242
00233_snr+0,0.0,-1.0563917031941443,-1.480578466764032,0.9568331829681017,0.8323650536891491,2.6133748330447544,16.387366060338916,14.042316124164666,1.0745079517364502,1.113990068435669
00234_snr+0,0.0,-0.008014421919785117,-1.0653953454718896,0.6701191174811558,0.4655967132530273,nan,nan,19.714189577184705,1.0991007089614868,1.2092056274414062
00235_snr+0,0.0,-0.4716278232926884,-2.9822817232209413,0.8146875846657944,0.607126831007072,24.989366608085724,32.297995705514396,29.46573530617715,1.1328928470611572,1.1200900077819824
00236_snr+0,0.0,-0.8159687572843501,-4.1237888038605695,0.6544456278718142,0.5718170400738417,0.16318130971137632,32.23258109173042,29.81976228470714,1.1010115146636963,1.1087104082107544
00237_snr+0,0.0,-0.6368883331828913,-4.967583300335658,0.7158487207272557,0.569338834804638,19.51907924086497,33.38207013728527,31.313548343711222,1.1150656938552856,1.0837281942367554
00238_snr+0,0.0,0.9794814383062425,6.900019468004174,0.9810003656468791,0.8756106873628923,-6.750093205683383,38.12613684346707,10.066400276746474,2.090792179107666,4.389843463897705
00239_snr+0,0.0,-0.3620423464906075,-2.137533507624139,0.7412734567918188,0.6861464004965214,3.8956674018870285,36.072166331801185,27.517558939923617,1.0873854160308838,1.1361026763916016
00240_snr+0,0.0,-0.13323255949386342,1.6885386727035114,0.9376037707299016,0.6430506207934287,-3.7264520165285187,0.0,17.46544484812877,1.2088420391082764,1.8928401470184326
00241_snr+0,0.0,-0.5283587575009778,-2.853600866922561,0.7016281351506545,0.5645598798787452,-4.0201114857221665,35.77756266630024,26.678216479732164,1.0584604740142822,1.039307951927185
00242_snr+0,0.0,-0.6007536588392794,0.20430178715509725,0.7263763823209475,0.6641171449763373,-4.930875095981956,31.491137174597092,28.872860017369746,1.0842136144638062,1.069553017616272
00243_snr+0,0.0,-0.7149355628545895,-2.5453967461180493,0.8676402747057265,0.6128768439671205,8.553687040947715,41.89156327643396,31.020665789183386,1.0594309568405151,1.0646026134490967
00244_snr+0,0.0,-0.1647489001698141,-0.0875313294869278,0.7864436928884792,0.32514423048525853,9.794708964802524,31.68570218894816,21.467388540302846,1.0404125452041626,1.1361829042434692
00245_snr+0,0.0,-1.9432395091191714,4.071175228400732,0.7755937334013937,0.6313899028882574,17.894093135188232,39.053469683248906,25.690501831764685,1.1783454418182373,1.2032067775726318
00246_snr+0,0.0,-0.8258143737310596,0.3683861709331686,0.6338780226602929,0.5528586217796334,-0.37557419951243515,31.00094983103206,27.394657865324433,1.1182804107666016,1.1602665185928345
00247_snr+0,0.0,-0.8858181900606823,3.6999768741847516,0.9149538248227185,0.8033586324342195,5.938878771429769,39.283588706325666,23.616602588188208,1.2348031997680664,1.171006679534912
00248_snr+0,0.0,-0.03666282173773283,-4.3274491208299075,0.8740528412265516,0.5500388668017725,nan,nan,33.15018879247164,1.0553961992263794,1.1793818473815918
00249_snr+0,0.0,-0.025816934455795415,0.14826961020848517,0.7101606439678811,0.6689261112535717,nan,nan,25.816868570978055,1.0792001485824585,1.0506391525268555
00250_snr+0,0.0,-0.44990552586675053,1.5681766914447617,0.6720022508596037,0.6055422436353788,2.6737585806906887,41.15868945216262,17.33954434373677,1.0679208040237427,1.0652496814727783
00251_snr+0,0.0,-0.600957415760318,-0.6535687152679327,0.7667085383846738,0.6680072890869413,12.504072407461086,41.074048594656254,17.654907943604638,1.1769155263900757,1.0681747198104858
00252_snr+0,0.0,-0.41805793147472264,2.8525968858761908,0.7012336150467762,0.5301538290066918,7.777480805006394,33.02300482608223,21.1218555300192,1.0685471296310425,1.116300106048584
00253_snr+0,0.0,0.1423255465172425,3.9886296474739265,0.8915606922616339,0.6854021535641167,nan,nan,22.56984959922528,1.1854147911071777,1.191913366317749
00254_snr+0,0.0,-0.7923383024787141,6.432503333387468,0.9055268771547466,0.7272190945677783,2.555262667799264,30.898831273733226,22.06901232956383,1.2713959217071533,1.3334463834762573
00255_snr+0,0.0,-0.8328886477079382,-3.9908414823722604,0.8916323209324191,0.6576761611982531,17.280370486439757,26.219697906613412,25.20418202188895,1.1670223474502563,1.593042016029358
00256_snr+0,0.0,-0.006639244815522062,2.6943099055117576,0.9847784553467295,0.7794997908603007,nan,nan,15.212298449264146,1.3782711029052734,4.206490993499756
00257_snr+0,0.0,-0.09828408060217966,-1.9474119943883708,0.5585781696192851,0.5411043080811659,-4.610102663312669,28.135701223136206,29.305196675800577,1.106222152709961,1.1414308547973633
00258_snr+0,0.0,-0.6252308321347335,-1.8551063781400834,0.5781793869723146,0.5392643068747253,3.0113762843219,34.000070553947516,24.31991171167553,1.089704990386963,1.0624700784683228
00259_snr+0,0.0,-0.2768333490743005,-7.2584855475513175,0.9503957842262875,0.5670536747632373,11.439372079367692,34.27962802755734,33.10387254131485,1.0876761674880981,2.7664742469787598
00260_snr+0,0.0,-1.5570901480860577,0.6865878341496625,0.9681645851223472,0.8601030885893944,13.371896546445862,41.97291490028454,12.593228784078393,2.2912795543670654,2.3705027103424072
00261_snr+0,0.0,-0.6973649764174483,0.34878779903286594,0.7383450936285868,0.648142400675546,-5.601062060005183,33.97131016801789,25.616239383755225,1.1101326942443848,1.0719505548477173
00262_snr+0,0.0,-0.055185746992284304,1.4887656269068632,0.8257859618562388,0.7971546485231161,-4.353908615296497,33.328317639180966,17.063731019435554,1.0833983421325684,1.0861955881118774
00263_snr+0,0.0,-1.6612514425926324,2.7961090761732517,0.7733988012161378,0.7757462884883729,14.970323594378645,38.63672542695164,10.995353091791513,1.415351152420044,1.2623838186264038
00264_snr+0,0.0,-0.6659249636871002,5.317192668928311,0.7374621746923057,0.7386920516289429,19.248206660678633,30.212495281448355,14.604586415861228,1.2304446697235107,1.1339198350906372
00265_snr+0,0.0,-0.028092342330446024,4.090620175131251,0.4769544186261729,0.5378201090881554,nan,nan,17.325897732274573,1.241403341293335,1.0530139207839966
00266_snr+0,0.0,-0.023621186678182502,-6.254062642880003,0.6483251114668767,0.42298931443945487,nan,nan,18.136969150144964,1.045935034751892,1.0663546323776245
00267_snr+0,0.0,-0.7417244764712572,-2.670844327790214,0.6622027188890626,0.41168471214466834,11.758966431665119,33.18039206635373,30.05178944768961,1.065068244934082,1.0701895952224731
00268_snr+0,0.0,-0.3116766067916777,-1.9936826271188421,0.8028308101395588,0.5912049209619944,-6.786393410286088,30.03593910022458,29.934830323588585,1.0812171697616577,1.211701512336731
00269_snr+0,0.0,-1.4017179366069308,5.0110356578278745,0.6355480746251464,0.7377281895825358,15.684032714151375,45.368775277062184,16.92364923838025,1.164120078086853,1.0856579542160034
00270_snr+0,0.0,-1.8552978426650832,-2.0878356993277833,0.9360730066193564,0.7155837538462293,25.50440375136484,37.134598458797036,13.08674926252779,1.1281906366348267,1.3747210502624512
00271_snr+0,0.0,-0.6040561328159483,-4.111661518899587,0.7948037533563883,0.6683435694637605,21.01623462760523,30.195911734599118,18.131406131616664,1.059997797012329,1.0520014762878418
00272_snr+0,0.0,-0.6549034853420849,-6.765449735258605,0.9251107846032359,0.5186329512055772,-6.830218107124278,33.53370953758824,24.577188604444828,1.0776748657226562,1.705163598060608
00273_snr+0,0.0,-0.0839099923687138,1.6310914818318727,0.6829829552705227,0.5900449634824414,25.95165037979482,34.517909367462345,19.310721772157763,1.0594334602355957,1.0464012622833252
00274_snr+0,0.0,-0.3336543134869737,-0.6492499764985722,0.7960257773670899,0.6791706312034769,10.448793653469473,32.640712440733026,23.670716164933875,1.0831562280654907,1.0852818489074707
00275_snr+0,0.0,-0.9643802263009505,0.26923790924558816,0.77037509419464,0.7150624241703601,29.600491051771254,38.78125852072237,16.26060750173197,1.1167380809783936,1.1837552785873413
00276_snr+0,0.0,-0.09980768533944044,0.6296307568102572,0.8251382850356291,0.5671921413617542,11.237112648906107,28.20595586651081,23.21840446076855,1.1333484649658203,1.3212437629699707
00277_snr+0,0.0,-0.42930225514992143,-9.966172253497072,0.7187204277492246,0.458305838259827,35.073108249931934,39.006901986786275,24.919030981102384,1.0427124500274658,1.0817598104476929
00278_snr+0,0.0,-0.5118536895862825,-4.339686701553153,0.9208951741390001,0.6673571255781204,11.065768041363167,32.31058005325221,24.589494840292417,1.0813512802124023,1.1049386262893677
00279_snr+0,0.0,0.04812033791285423,1.9409337248366745,0.6206724897512138,0.5528873442638879,nan,nan,17.369527797398153,1.0848685503005981,1.0554656982421875
00280_snr+0,0.0,-1.1836772519272083,0.7773301332328292,0.8367114388603941,0.7359005800644847,10.155165325812579,38.55201615308098,28.150658609111005,1.1062008142471313,1.069679617881775
00281_snr+0,0.0,-0.12860752745492315,-1.3637692436606619,0.8479228971500259,0.6172107292817797,0.7632519613574305,35.12736994538754,25.102716630710905,1.1128220558166504,1.1385221481323242
00282_snr+0,0.0,-0.2836213312398522,-5.367548317781971,0.9126688935014415,0.7263046933672029,31.60350266414096,31.897925433356775,29.457273150745003,1.088853120803833,1.235124945640564
00283_snr+0,0.0,-1.269565430667474,-0.20755258939567198,0.9902051396858822,0.9746723180321623,34.58861352696711,36.96472988098248,10.958932131223301,2.131164312362671,2.5837442874908447
00284_snr+0,0.0,-0.8315096327914663,2.4070418504125595,0.9879057048483182,0.7920747575530007,7.50021934751092,41.6132400446366,15.805374517653446,1.6405295133590698,2.306910514831543
00285_snr+0,0.0,-0.03823439725799717,-1.879401054218386,0.5871396941472881,0.4973804189717225,8.073073187514424,33.96188565102927,23.108462176774214,1.09979248046875,1.1242659091949463
00286_snr+0,0.0,-0.0387580975851299,6.828437885947403,0.8277822884637713,0.7794489500944699,nan,nan,23.673760912846593,1.2300336360931396,1.1073074340820312
00287_snr+0,0.0,-0.8647614159808247,1.8604745777985856,0.8349727396134077,0.7428012320879434,31.044445850945998,42.57244127930727,19.858222787632617,1.0678291320800781,1.1067907810211182
00288_snr+0,0.0,-0.01904347028787749,2.0106546831990975,0.6926816834444369,0.7388760129768882,nan,nan,18.908091837424767,1.1448910236358643,1.0783406496047974
00289_snr+0,0.0,-0.5272008888272588,-4.827409617528688,0.7143720291735296,0.439338940623617,19.84279802408406,34.741460222365006,23.90838045356768,1.039625644683838,1.0686944723129272
00290_snr+0,0.0,-0.01231496061858531,-4.572597635431391,0.7360854955302301,0.5234222560447177,-5.902680849084618,16.866741004005494,27.14043628598796,1.0714739561080933,1.1365532875061035
00291_snr+0,0.0,-2.0737868124428975,-1.3097191438068967,0.9600517709095165,0.8433197951441453,37.685590578665305,42.33992690077859,12.19513810879167,1.1234129667282104,1.1553056240081787
00292_snr+0,0.0,-0.6428139096471674,-0.15810488236321069,0.9317021132505668,0.6646731335393585,9.75206183263767,39.94087141467436,18.450876194013542,1.1117782592773438,1.4115378856658936
00293_snr+0,0.0,-0.6092396735352618,-7.660964754513433,0.8031995532002751,0.570395150396696,22.638437523750127,30.098836782800756,27.627565447376057,1.0879873037338257,1.3581876754760742
00294_snr+0,0.0,0.023581792693248803,-1.426005633905942,0.8734793785678111,0.6878032996681852,nan,nan,31.93523618210007,1.1107838153839111,1.1017823219299316
00295_snr+0,0.0,-0.8459143730629999,1.2504071671960526,0.9526098938969906,0.7109185232470224,12.92043815931217,40.50177453973315,25.326548527548745,1.3173980712890625,2.699633836746216
00296_snr+0,0.0,-0.5062999669308897,0.6650218638589154,0.8970571646891554,0.6763704156094364,5.73515208162719,34.84198220220023,24.256733958399007,1.3159013986587524,1.0748484134674072
00297_snr+0,0.0,-0.005055747951374322,-0.32335634657462853,0.8695282665091904,0.5850479675510668,nan,nan,21.8696174342637,1.1332165002822876,1.259434461593628
00298_snr+0,0.0,-1.1325766012693408,0.7158457564129439,0.7573402362361306,0.6185600757961549,20.238389519536348,37.6449903330664,14.814952295286966,1.1060991287231445,1.044231653213501
00299_snr+0,0.0,-0.3962858505540043,-6.862305794463197,0.9278287635361809,0.6791102085596926,8.047850559702574,30.76010417470034,28.43139250993674,1.0494136810302734,1.0811396837234497
00300_snr+5,5.0,4.527270956379573,-0.07933370993729537,0.8198205560236125,0.6333341821063901,8.319903697914695,39.76778676404376,25.959928849154014,1.4023563861846924,1.340219497680664
00301_snr+5,5.0,4.9675475151860145,-1.4387966593873034,0.8395638913555572,0.5672288056960256,nan,nan,28.85002741925433,1.115915060043335,1.4910105466842651
00302_snr+5,5.0,4.56937903236427,1.850056340796527,0.8926936505211658,0.6791228252483001,4.957892176119045,25.26519630868856,18.4830758497618,1.1218897104263306,1.1469361782073975
00303_snr+5,5.0,4.075194172741695,-5.047406580254064,0.7885658068946084,0.49889498216146916,13.621800805768935,30.567845876650228,26.3815287998272,1.0763399600982666,1.1242488622665405
00304_snr+5,5.0,4.187773400558903,9.467663610397889,0.774749378919368,0.8833454151099763,8.285056625725383,23.9582540923005,12.484585137144009,1.4208321571350098,1.1297231912612915
00305_snr+5,5.0,5.117236100466221,8.947970870704028,0.7696223204285064,0.7330283874538637,nan,nan,18.324158015964205,1.3270713090896606,1.1223394870758057
00306_snr+5,5.0,4.2990754947420555,-1.077973104595723,0.8473804727197163,0.5711513550455483,32.263411379472494,34.49812239171787,19.3682250883578,1.070927381515503,1.1134004592895508
00307_snr+5,5.0,4.273001777234674,-1.3144714457925528,0.961337337693465,0.5953035724944101,20.803548316827836,26.72401743059316,28.33195186385244,1.122490644454956,1.3524634838104248
00308_snr+5,5.0,3.690799079437028,0.9683988513689494,0.766625731220061,0.6488640071195086,1.2309912193169552,32.763253840426756,22.876913425688297,1.1662851572036743,1.1411058902740479
00309_snr+5,5.0,4.207814857257145,-1.2367945510075748,0.7695952133184374,0.578480162929499,8.626941731100104,29.741463262110535,24.426677163873787,1.1163461208343506,1.1460546255111694
00310_snr+5,5.0,4.491484177614956,6.883725107856053,0.96036455832889,0.809754508226256,28.539385456384018,30.68304109218831,11.868806115086274,1.527726173400879,2.005502700805664
00311_snr+5,5.0,2.4678452950728635,2.529429355352785,0.9870186960633793,0.9485806558720462,32.92470762000877,33.31713902008686,8.984572000607958,2.411168336868286,3.15952467918396
00312_snr+5,5.0,3.9376947212414897,1.4584694969024778,0.9152125647331584,0.7347744730143537,24.74549945932745,31.44055844690396,20.083203525484745,1.190070390701294,1.2925390005111694
00313_snr+5,5.0,4.492358794889283,7.722356042216174,0.9260048140378463,0.7919733952070703,1.6932060427531923,34.757699713269645,18.90815982287251,1.2391040325164795,1.2944509983062744
00314_snr+5,5.0,3.3351933247681416,-1.429883895202174,0.856689130775482,0.6076989131461717,16.73564882166458,39.82679772824035,30.553852609246466,1.1379427909851074,1.3730016946792603
00315_snr+5,5.0,4.833222054523308,-0.9644647121463003,0.8632012745766338,0.642146761726885,2.717975571066037,28.747659037728702,26.009332297078714,1.3129982948303223,1.3459655046463013
00316_snr+5,5.0,4.688220714669262,-2.2054720018352953,0.8598078103645403,0.6287388698335566,4.020909037032101,25.414892747041456,26.598597466029464,3.141221761703491,1.1464855670928955
00317_snr+5,5.0,4.296866388032888,-0.977575784270961,0.8921104125416488,0.6230911201134478,26.28880950611638,35.821367075121564,26.542142554041675,1.9346283674240112,1.1494566202163696
00318_snr+5,5.0,4.9913858240364615,4.47725289763036,0.8493331348612794,0.7487977235332768,nan,nan,14.921889683386972,1.2513880729675293,1.2706493139266968
00319_snr+5,5.0,94.79458069197656,33.07619455147166,0.9999999999999999,0.9996839704786619,-6.547039297797186,0.0,7.101840625043889,4.377912998199463,4.643888473510742
00320_snr+5,5.0,4.046174485420004,2.13514758575353,0.7834308286828635,0.6305722790955028,0.8330073178160691,27.84118518843451,27.676460227833957,1.1265596151351929,1.0583972930908203
00321_snr+5,5.0,3.9064926076670794,4.433678575213824,0.854400483858957,0.8705295542776682,-0.26568303710523994,24.680196051959506,15.1579143655827,1.1736798286437988,1.0996595621109009
00322_snr+5,5.0,4.9778416823548035,2.788162488351179,0.8464771645992207,0.8210342876469384,nan,nan,16.927642430853698,1.5056648254394531,1.806257963180542
00323_snr+5,5.0,4.15677914858114,0.21164724572366678,0.8852314453811584,0.6558794767926409,6.236423766058471,24.93889521141149,23.769258021150186,1.142851710319519,1.4494919776916504
00324_snr+5,5.0,4.566352307151985,-4.946499753764202,0.9091891523863418,0.6361783108491912,13.931461752103289,37.50918258932494,29.532031448687842,1.0644111633300781,1.3544813394546509
00325_snr+5,5.0,4.743511887055912,7.834378806132376,0.8820059435753529,0.7398312789122263,3.025326862418347,27.388756786682443,15.463213267579,1.2761977910995483,1.290342092514038
00326_snr+5,5.0,3.809357639470994,4.095355563821431,0.8426218307274908,0.6062216138788973,4.878240386504195,29.397266091788815,24.83803514021817,1.1478023529052734,1.1186069250106812
00327_snr+5,5.0,4.9937981289936255,4.132796873073876,0.9790298374382168,0.6132557178427182,nan,nan,25.24154844379316,1.1808950901031494,2.5676498413085938
00328_snr+5,5.0,4.123704296632498,6.228624770109201,0.8947700230056471,0.8524520357826058,-9.027539560748536,24.17068365358781,19.43898152779965,1.6823238134384155,1.3445484638214111
00329_snr+5,5.0,2.7684915035510183,19.274272987190646,0.9458207927913687,0.9655181400324694,0.8501795065574456,41.44798012844616,9.621845566305696,3.0062098503112793,1.374219536781311
00330_snr+5,5.0,4.088620409477933,-0.09218520712298003,0.9073369747230727,0.6766404364261935,-5.2779926494627425,28.47052248425825,28.704284124021473,1.0960049629211426,1.185542345046997
00331_snr+5,5.0,4.966980008753488,2.019549164497757,0.9354438585677538,0.6964793514487946,nan,nan,21.440184388680525,1.1904973983764648,1.5635275840759277
00332_snr+5,5.0,3.9646237736666263,7.005519140704326,0.7413167947814729,0.8009629587547786,25.595526877754256,31.629919060749707,12.647779077194203,1.2322407960891724,1.1832685470581055
00333_snr+5,5.0,4.6328914660725955,3.400000824369911,0.8398784988854605,0.7464421337838313,-9.19153556432401,29.0204149813415,19.284718093575513,1.2242701053619385,1.2018380165100098
00334_snr+5,5.0,4.353678627700603,12.958969170713907,0.898419663075722,0.9401717737261436,-1.0174047593014302,15.400281574787032,10.910505715928377,2.2259106636047363,1.6704597473144531
00335_snr+5,5.0,3.3455833711480762,9.368814558466239,0.8789541076084926,0.8993237311744313,22.49007311745902,23.770335936623827,12.889105011857293,1.304405927658081,1.2907373905181885
00336_snr+5,5.0,4.894880079055649,3.8213835399327167,0.8132621168958148,0.7146056309576329,5.25374422546288,37.69391959066994,20.33835606554385,1.1839215755462646,1.2370154857635498
00337_snr+5,5.0,3.85949179836604,14.77562483854525,0.9999999999999998,0.9920741446654634,35.82029844800383,47.29327219886598,6.395457304477958,4.1402668952941895,4.459099769592285
00338_snr+5,5.0,4.2233836341496325,8.703075481556915,0.9726975238459439,0.879098630013445,7.105476319867485,36.20200429964372,9.8872281947017,1.9638690948486328,2.4370288848876953
00339_snr+5,5.0,4.958576482653298,0.6074775764056499,0.8666701419130783,0.569937082793441,nan,nan,19.949786631645374,1.0893172025680542,1.3712109327316284
00340_snr+5,5.0,3.866443284261549,4.40176392695451,0.9094442679988187,0.7429719425144312,2.880360840512962,30.626628294735795,17.614848267525435,1.270312786102295,1.16038179397583
00341_snr+5,5.0,4.285342802063884,-7.556841317704182,0.8342665232882629,0.5552816887088988,-0.15838847604011141,32.369272901929605,27.972067806384114,1.508305549621582,1.101777195930481
00342_snr+5,5.0,4.952376257321344,3.613677887963735,0.8734518345673891,0.7633685830185725,nan,nan,16.14382896110903,1.323481798171997,1.5145412683486938
00343_snr+5,5.0,4.666923318926951,0.9844959539325149,0.8399821823522517,0.6110512235694219,-5.070244676449214,30.697921318588627,23.654727714186276,1.1189905405044556,1.2971737384796143
00344_snr+5,5.0,4.724639062071428,-1.201905307620921,0.9195230678103756,0.6655964095442262,-9.658654543383854,11.315916109894744,29.856366106071583,1.141273021697998,1.8442649841308594
00345_snr+5,5.0,4.465875068473971,-1.0856299366355284,0.8114057963055558,0.7007449625689331,5.256151690212665,30.631944503345274,31.566127787019642,1.107818365097046,1.3238279819488525
00346_snr+5,5.0,4.121689159932739,-5.834418773936893,0.7666145546265751,0.5816937820185872,21.50878476100132,31.25755245925849,29.32190738026279,3.902703046798706,1.1132174730300903
00347_snr+5,5.0,4.942884972949168,6.9812969437309,0.8226204356653363,0.7806612640194192,nan,nan,19.766069353424903,1.8238575458526611,1.264631986618042
00348_snr+5,5.0,4.284203489503321,-4.335125925907028,0.858191428220208,0.681070983677411,1.411435349267352,33.76022878547446,34.89133320102413,1.056886076927185,1.1155978441238403
00349_snr+5,5.0,4.047802684563619,10.454346879223069,0.7849293920276426,0.8514841231218484,-1.4467161329727942,30.402762219503693,15.333255675824256,1.6214685440063477,1.1352407932281494
00350_snr+5,5.0,4.168647534453909,4.651490370336056,0.9142405221881746,0.8453296373418653,22.263208734895183,31.79220313038647,17.137655966611497,1.1975300312042236,1.2445166110992432
00351_snr+5,5.0,4.335773732675357,1.300218775234777,0.9201265121304558,0.6722184546744864,15.938403321453983,29.770903935896055,22.444224321140247,1.2006756067276,1.3984589576721191
00352_snr+5,5.0,105.42834363742597,14.59036222295161,1.0,0.9783944492095582,-9.295102346521569,0.0,10.562742407058915,3.205831289291382,4.643888473510742
00353_snr+5,5.0,4.4448184967893996,0.8664259492762632,0.9280451144992349,0.7541375333065705,0.9854962971820956,33.93323333398634,25.42718330336382,1.2184168100357056,2.6437840461730957
00354_snr+5,5.0,3.4303268587843454,9.692104420516047,0.7241542410142354,0.7308333425507376,0.6974821429427603,32.628577614565536,18.416881954427687,1.3444194793701172,1.136998176574707
00355_snr+5,5.0,5.00788083341004,-2.1524161756314903,0.689192358068274,0.5633556856384369,nan,nan,28.151767060616056,1.1061720848083496,1.0991884469985962
00356_snr+5,5.0,4.70863066399062,2.224661311151123,0.9722373370135763,0.730718175370589,-7.273119110954206,7.7873191884450605,17.573560093398186,1.335932970046997,2.0599052906036377
00357_snr+5,5.0,4.900801729643842,-0.17462482860826256,0.6985305164885246,0.6288758866248598,nan,nan,15.663642268499938,1.246917963027954,1.1150010824203491
00358_snr+5,5.0,3.959741417493702,-0.353833580323196,0.7804699965258305,0.6479359961030516,-6.677858551283494,30.782046129187115,30.67272412047652,1.0994459390640259,1.2763409614562988
00359_snr+5,5.0,4.3782130267644,2.3972741536066446,0.8541424844469939,0.6830161939563836,-5.5613908723357754,18.337613331357858,25.3369334681646,1.2153396606445312,1.2425428628921509
00360_snr+5,5.0,4.178212322092118,-3.450889547619272,0.7422082197996677,0.5041242905410601,13.333666264076731,33.956273090488345,27.934010794824985,1.7365851402282715,1.085881233215332
00361_snr+5,5.0,3.6605125701700825,5.015728814361164,0.847635519471616,0.8715063263993204,1.2501620634601514,23.014072924158206,12.48436266348387,1.8252694606781006,1.402706503868103
00362_snr+5,5.0,4.062704182157986,5.959424597142916,0.8246721778799984,0.8069354259288879,8.026104992553822,26.566380013836707,12.67624130187052,1.3331648111343384,1.1578245162963867
00363_snr+5,5.0,4.197664406567231,4.011784116114865,0.9024252747320429,0.7216615362311347,-4.815503686057411,26.716204192393626,22.313934382588307,1.209547758102417,1.317917823791504
00364_snr+5,5.0,3.5746442383055994,5.021205227507024,0.9594667014220845,0.751600344728879,35.629214869833476,38.02669838932943,20.759815417301766,1.5667588710784912,2.296980619430542
00365_snr+5,5.0,4.891928923291223,2.4935690964926174,0.8301251228673556,0.6820754851742242,nan,nan,21.698767988728346,1.1516201496124268,1.214475154876709
00366_snr+5,5.0,4.97048784802055,-1.3787013052044372,0.8349116098682127,0.5308372389510151,-8.511985046659863,24.66620919880308,23.966646435730116,1.0942658185958862,1.3369532823562622
00367_snr+5,5.0,4.938162514824948,-2.0391463794439897,0.7600039043206205,0.41242626662674237,2.397921900953218,28.255049674587337,23.997377446487288,1.1000438928604126,1.1342337131500244
00368_snr+5,5.0,4.081937686169584,-0.7808046490258564,0.8230613156220349,0.5918048881027245,-8.061929512388108,23.989440184798546,27.480123722684887,1.1479430198669434,1.349705696105957
00369_snr+5,5.0,4.93103633925047,4.3713251192596845,0.9158272088182933,0.8270144010637666,nan,nan,16.320972035189378,1.1486786603927612,1.1132028102874756
00370_snr+5,5.0,4.393613473878695,1.4202954093976428,0.9485590018862735,0.7957076007522105,-7.661460579852106,25.548804089079677,20.22325473072549,1.2060860395431519,1.5101268291473389
00371_snr+5,5.0,4.396815323916378,5.15360004651662,0.8828264726874301,0.8039129102213027,23.427239958950068,35.817794115939485,10.188930509298288,1.328485369682312,1.5093498229980469
00372_snr+5,5.0,3.9257500032265065,-3.989631565029935,0.7925908114802162,0.5365235111737209,24.22860765842364,32.58255126446036,28.847010236294,1.0700528621673584,1.142963171005249
00373_snr+5,5.0,4.201130600565824,-5.25836030071297,0.9123526448484623,0.63076489471757,10.782677345003492,27.57882225390145,29.49227671592433,2.3415467739105225,1.1864817142486572
00374_snr+5,5.0,4.374952799742997,10.05058116955125,0.7938080271701927,0.8400390834947774,0.5146049897702487,36.792436094336736,14.581511351098253,1.5453338623046875,1.0471514463424683
00375_snr+5,5.0,4.987737932294469,7.152893776558797,0.8592571374692125,0.8418826689818982,nan,nan,15.602264355732396,1.2043722867965698,1.2007970809936523
00376_snr+5,5.0,4.972946728828753,11.413533749100242,0.6818965672528621,0.7638562416717131,nan,nan,16.06437621002713,1.6318607330322266,1.2379101514816284
00377_snr+5,5.0,4.741229183794199,-3.222715254017392,0.7794659935782634,0.6728211763571875,6.33468939726297,31.435096267168294,35.6197084745159,1.0796005725860596,1.201371669769287
00378_snr+5,5.0,4.547854549915169,-3.625137123298596,0.7821072342622809,0.6789964942725382,-1.7921775726697007,28.70848302801079,27.712215806803744,1.0862946510314941,1.0652669668197632
00379_snr+5,5.0,3.6873373141420913,2.7399360019120107,0.8448154719048175,0.7060012178063043,4.964934595707819,27.446264377045463,22.645000936803005,1.2063264846801758,1.2251495122909546
00380_snr+5,5.0,2.5565893889665157,8.634511487405188,0.8886618569270646,0.9158905155860108,37.11093044103801,45.701355281948615,9.520224146951085,1.4610066413879395,1.200056552886963
00381_snr+5,5.0,4.304408471048115,0.23945077089323852,0.9652223806712625,0.7668002899444,5.223767424138065,13.536310927374796,16.49017828028112,1.2580006122589111,1.6252460479736328
00382_snr+5,5.0,4.905670038921059,-1.6411917368260418,0.8241528854555977,0.5524106560324472,6.526410391827541,30.575818024574115,27.56568597545038,1.2154672145843506,2.095649003982544
00383_snr+5,5.0,4.9728369765249845,0.5720714648823867,0.7747700335321749,0.598948025757079,nan,nan,25.141826525173634,1.2259936332702637,1.3683749437332153
00384_snr+5,5.0,4.226768101031402,-2.0229758081511253,0.9413709464949328,0.7378870397511496,18.129181032571562,24.838374395880173,27.949827480597854,1.1416079998016357,1.7470543384552002
00385_snr+5,5.0,3.9186207877749912,-6.23109662727832,0.9259685232872293,0.6862397758571579,9.888216046963233,40.2180586729153,28.486222873713782,1.102571964263916,1.4292820692062378
00386_snr+5,5.0,3.9750505117101875,10.831777816798166,0.9300663484056946,0.8535416521386703,5.068843769088488,28.61089711129104,17.613367462246774,1.5516257286071777,1.388759732246399
00387_snr+5,5.0,4.4648343070077665,2.308894497877575,0.8577940426765119,0.7219714749855011,-3.4613109674824587,25.25545102319469,25.14497708447728,1.2452750205993652,1.338247299194336
00388_snr+5,5.0,4.965379529333892,1.3631078069935556,0.9026591259976356,0.8170727981414843,nan,nan,22.905941179894725,1.3916659355163574,2.8293354511260986
00389_snr+5,5.0,4.368017232941141,-4.273391477237045,0.7245428104577427,0.5171457459697776,26.1562778477094,30.1659019691788,28.52267290909514,1.097027063369751,1.1897952556610107
00390_snr+5,5.0,4.91834749054373,-4.476947226544818,0.8898018232385174,0.6288829182298492,nan,nan,30.424265220254092,1.1421841382980347,1.9727349281311035
00391_snr+5,5.0,4.651318167834113,0.12459798582781097,0.9519128773122166,0.632208823712168,19.934231709067387,31.359352726763742,23.400677562449186,1.0882917642593384,1.2498173713684082
00392_snr+5,5.0,4.432448593222849,6.945041013017745,0.9226562794859198,0.6994422455389129,1.2364773513966718,25.2016442265292,17.299267964252557,1.3292816877365112,1.5997684001922607
00393_snr+5,5.0,4.953394541558469,5.935718787178656,0.8461774861034975,0.7744136297585353,nan,nan,13.315542375630962,1.450737476348877,1.4152326583862305
00394_snr+5,5.0,4.3817822981369385,5.33231786171494,0.821526226653522,0.7968384965885056,0.8284621492241204,35.822738622583344,18.061571285556724,1.425797700881958,1.3275811672210693
00395_snr+5,5.0,4.708795510723804,0.8153681063173891,0.9953154163378103,0.7055460952107615,5.934272449097566,36.00688987364836,20.244132401344558,1.1708312034606934,1.2330117225646973
00396_snr+5,5.0,4.632599567160331,0.5758834239786109,0.8779709673355176,0.6181736866532528,11.366075288566682,34.62814837693521,20.412595675433902,1.092434287071228,1.1357532739639282
00397_snr+5,5.0,3.993554357818482,2.415103349817812,0.8665197792558076,0.7264598875759135,17.707878346581648,30.427706475238743,22.4529211031549,1.1784870624542236,1.1781278848648071
00398_snr+5,5.0,4.3413513089357005,2.7108468147660023,0.909772003719319,0.6685847276709685,4.1755598364375315,28.02005142349257,28.497561792029526,1.2189686298370361,1.449570655822754
00399_snr+5,5.0,4.869314649691951,3.3348233764718245,0.7893557588208787,0.506357914587193,6.17959409453313,25.19307518204954,18.788507580023207,1.0522831678390503,1.089097499847412
00400_snr+5,5.0,4.76704670560471,-1.8991963138731147,0.8720236475875047,0.6865521735409864,0.6868001474967185,33.13932360830963,28.070209099467775,1.1021796464920044,1.2761708498001099
00401_snr+5,5.0,4.163806534238082,1.6168049316011903,0.957568708560762,0.7279794302659572,4.490739223382272,27.24523797974949,21.177097947347733,1.2980694770812988,1.42403244972229
00402_snr+5,5.0,4.960802965713143,10.298001588670726,0.8454957639793768,0.8619622671107843,nan,nan,14.720858960133462,1.314809799194336,1.1543805599212646
00403_snr+5,5.0,3.8863153574769385,-1.524253377909233,0.9208536483836569,0.5874742078556154,16.610059625670413,36.49689006818565,30.55038231646447,1.114061951637268,1.4908157587051392
00404_snr+5,5.0,3.399463848128189,0.005501199255989462,0.8818126744394809,0.7188234737192988,44.85281722914369,47.29157136762951,17.427921085501804,1.1149522066116333,1.3170756101608276
00405_snr+5,5.0,2.348527904436862,2.7777702077520408,0.743683756449696,0.7231574593084962,34.73173418665851,37.010532120357894,13.111034803051563,1.144966959953308,1.1814085245132446
00406_snr+5,5.0,3.64439924585467,-0.7205500342937623,0.9501214422908538,0.7437999825731239,0.932752982170525,11.617167763882325,26.61246143665793,1.29819917678833,2.231022357940674
00407_snr+5,5.0,3.875889623715862,5.8986829027938725,0.9755761458680381,0.9255730646892288,32.54192949158106,42.456420379951005,8.206052097766092,2.3972232341766357,1.6190998554229736
00408_snr+5,5.0,5.016052156831416,2.965645874060891,0.7561350745841251,0.7358985906049761,nan,nan,23.08907128027285,1.2704859972000122,1.126604676246643
00409_snr+5,5.0,4.449226942970426,2.407301097832846,0.8543888063575145,0.7485393996678035,5.256525869473596,32.13487256341833,24.400157902233374,1.1528886556625366,1.2449636459350586
00410_snr+5,5.0,4.998525547987275,6.523920773718728,0.806691272803688,0.79201171510269,-7.627656879785674,13.146128861287355,18.137970102123493,1.4904868602752686,1.5602498054504395
00411_snr+5,5.0,3.989411680242715,8.869743296887542,0.8892251415874962,0.8694069131384068,-8.936854316718764,9.300564839112294,13.662571137266614,1.4251741170883179,1.2523510456085205
00412_snr+5,5.0,3.8583370076651247,4.144840392331544,0.840309296571683,0.6934273364754697,20.736737762987595,32.43311904313419,20.680938060218008,1.1615674495697021,1.332434058189392
00413_snr+5,5.0,1.4177449142965157,7.081128294393029,0.9935942407655304,0.8981553974874623,12.364650291794712,37.46632847239423,8.148509951172027,1.8273301124572754,1.6116597652435303
00414_snr+5,5.0,4.506496119708013,5.468286711453622,0.9240782834216849,0.806087730204167,-5.646038053792051,0.0,15.763259597078566,1.404481053352356,1.725995421409607
00415_snr+5,5.0,2.174171118144394,4.513362331834231,0.965337482758833,0.9180089014294375,26.397953605871525,32.75289692372363,9.633219913198676,1.4867427349090576,1.66790771484375
00416_snr+5,5.0,4.891743972464971,6.356280949245251,0.8569571861641642,0.7986253240810626,3.7488956651238152,23.695232685511407,16.564088478794737,1.3577229976654053,1.3623958826065063
00417_snr+5,5.0,4.906078778072338,10.033989463040232,0.8325377471877409,0.8855925524224838,5.283881951957446,23.421691462662004,16.511037982417335,1.8843042850494385,1.6243317127227783
00418_snr+5,5.0,4.215272358439314,-3.6370480027977266,0.8505992489121412,0.6852831117387548,4.890302183264479,26.17358211017972,27.941111737842405,1.0944039821624756,1.162890911102295
00419_snr+5,5.0,4.650312102429197,-2.401997230252582,0.9243662468982095,0.5552642939073369,1.5783800313742398,20.307559003691722,23.592696405769843,1.855778455734253,1.4355289936065674
00420_snr+5,5.0,4.702927623558331,6.406945538215332,0.8417034877961669,0.7639625851783405,nan,nan,15.705910607704972,1.2993618249893188,1.1778885126113892
00421_snr+5,5.0,4.637432952782774,-7.7485874100051735,0.8073016356454297,0.5679725499433993,15.056000080929854,29.390440116481614,35.387630010360375,1.2278062105178833,1.1464897394180298
00422_snr+5,5.0,5.035951333783118,-3.3794069239800577,0.7813801670474549,0.6567451728153673,nan,nan,30.584024968421392,1.1080965995788574,1.1385507583618164
00423_snr+5,5.0,4.99586295732618,5.599610953110497,0.6701953137330503,0.6571488513293001,nan,nan,20.57623863314677,1.205660343170166,1.2073025703430176
00424_snr+5,5.0,4.968927353039288,-1.2463636416566506,0.7852367780431994,0.6373906235094212,nan,nan,27.81466838592681,1.100797176361084,1.1667611598968506
00425_snr+5,5.0,4.644047471982668,3.5167178358653253,0.8157186500546644,0.6500362955373323,20.687688917115853,27.25259036044664,18.597718418139575,1.1489900350570679,1.3480312824249268
00426_snr+5,5.0,4.386258163766241,6.135058368692171,0.8988006240127081,0.874266905700907,-2.9221141426797024,29.401780053234386,13.43047431843747,1.300295352935791,1.373810052871704
00427_snr+5,5.0,4.11459034711019,2.8916802373615202,0.8866306244067228,0.7072240860315645,23.596832147892695,34.085078475051354,20.31452179664088,1.2610214948654175,1.5002961158752441
00428_snr+5,5.0,3.463240730171811,21.91189548652432,0.9999980917045075,0.9891286900568962,-0.49452437639687064,34.26337238396344,8.305047817606953,3.812047243118286,4.031921863555908
00429_snr+5,5.0,4.394871184964683,-0.3392511232164333,0.906901520912873,0.7175547460249475,17.2743561235211,31.32608297840877,24.95368499167469,1.3011611700057983,1.523118019104004
00430_snr+5,5.0,3.8398984713025053,-3.7900784846314313,0.7051556391247144,0.4709234085752797,11.245992252275187,30.735793237571425,29.360105126958036,1.073004126548767,1.1441993713378906
00431_snr+5,5.0,2.967851223761346,10.471994309968471,0.7895038794958252,0.8619766693194839,12.337982321686699,30.79978935235364,10.007757457113044,2.005007028579712,1.1751494407653809
00432_snr+5,5.0,4.276586163454761,-5.5507818515996785,0.8356075590678043,0.560176905765603,32.22780826074624,35.22454978568034,26.961695275875478,1.0544112920761108,1.061929702758789
00433_snr+5,5.0,4.429833684303587,7.126337907002106,0.8622213430997615,0.7940519937249665,-9.519023598018027,14.576609052348864,20.573436795344445,1.2158169746398926,1.169997215270996
00434_snr+5,5.0,4.556803561675096,4.238327433658253,0.9189091875872576,0.7603011719842695,7.557908488605939,33.05979356437238,22.59876029477738,1.529844880104065,1.2993677854537964
00435_snr+5,5.0,4.303558832906696,-4.443679594246332,0.7869664367005879,0.5700429273155176,17.679953737543038,34.28759640679209,27.277021171930567,1.04489004611969,1.0645312070846558
00436_snr+5,5.0,3.828348402641745,9.002698966544537,0.8428658961054452,0.8894732897520464,-0.5496588072749959,29.39502457129231,16.183911281594202,1.460345983505249,1.1094564199447632
00437_snr+5,5.0,4.26939965715558,0.9594631987720956,0.8701580120884366,0.7284375490125571,1.0084352193749104,28.98676801038413,15.631765257968285,1.1830964088439941,1.1774320602416992
00438_snr+5,5.0,3.3000418884008074,1.8587890688294033,0.878211233753726,0.6852680316133978,33.5207461060551,36.81389509384711,23.323745092646178,1.4474401473999023,1.1923227310180664
00439_snr+5,5.0,4.238041245576411,-0.6790974109616383,0.8945730127200554,0.7275272968693302,-5.231226338152553,32.89280058349581,27.519822239093557,1.123795986175537,1.2417733669281006
00440_snr+5,5.0,4.651863878680143,-4.129593382458864,0.7682286267479803,0.5713682424160823,13.71426551570115,31.0708311741992,28.51175984246957,1.0561985969543457,1.0762228965759277
00441_snr+5,5.0,3.653401258722572,11.287321645688927,0.807187948548325,0.7692239947833779,20.889073855563737,42.085562389082796,16.100752747260916,1.097848653793335,1.111005187034607
00442_snr+5,5.0,3.748731480511954,-1.477968916292882,0.8965011272459894,0.6592288787739755,13.292724169335983,37.263613312588916,29.61229497396661,1.0929843187332153,1.22370445728302
00443_snr+5,5.0,4.601082301144893,1.4392433177749318,0.8732277597765895,0.5651627461976405,13.882345893853996,27.0393486376741,23.65895646449184,1.0873640775680542,1.3083324432373047
00444_snr+5,5.0,4.004812383094948,2.409955376317642,0.9790739062508841,0.7294508450348909,2.623207486013428,36.49619738250739,22.382942159152357,1.3696061372756958,1.8523027896881104
00445_snr+5,5.0,4.5975396548773535,1.4458220828367028,0.7915685732279713,0.7396472335626963,-1.3011477486765652,29.14281989164184,27.096969001384938,1.1592988967895508,1.0498054027557373
00446_snr+5,5.0,4.99530356726951,7.590435440522852,0.9184786205807042,0.9051069376575077,nan,nan,12.499103154066638,1.5476951599121094,1.414750576019287
00447_snr+5,5.0,4.924536609121526,0.03324870078554716,0.8868639457203986,0.6578820029791024,nan,nan,23.763893357940937,1.2136512994766235,1.7590785026550293
00448_snr+5,5.0,3.8516377810720845,8.44741845519003,0.8128107379984523,0.8071948865134646,nan,nan,13.176862918049444,1.5645514726638794,1.281224012374878
00449_snr+5,5.0,4.962322365053933,-2.4836665173428383,0.8595698710108208,0.5990117513848471,nan,nan,26.696137197590527,1.0855966806411743,1.1763193607330322
00450_snr+10,10.0,9.573183864488513,6.216068070912123,0.941155404753631,0.6928102345366518,0.4326302672307109,23.007611068498708,16.36909596680279,1.3836830854415894,1.6003953218460083
00451_snr+10,10.0,8.550186470018511,10.381010413007397,0.9163873780176125,0.9244864473762934,19.139168644603956,26.157987488306414,13.72644359579841,1.8942124843597412,1.9606893062591553
00452_snr+10,10.0,9.865964414188594,13.638408731569259,0.8820684750136522,0.877135570054693,36.107715936528635,69.51801935961798,13.918263090973454,1.5852560997009277,1.175206184387207
00453_snr+10,10.0,9.043759382571325,1.8543174195555425,0.8928097535404934,0.653810096288547,-2.1545889185997824,21.48887527766396,24.167963643758366,1.2888187170028687,1.587568759918213
00454_snr+10,10.0,9.276620644470842,13.533044151910188,0.7727493207602075,0.8483365299262919,-7.453508379901697,23.99611086758689,13.46333388120121,1.973534107208252,1.2842000722885132
00455_snr+10,10.0,9.534852135763721,1.226706125077249,0.9368080464989889,0.7288695742544673,11.869802175616623,34.37661083094558,27.60913157446123,1.1908735036849976,1.932192087173462
00456_snr+10,10.0,9.097769165827495,1.2030220215875642,0.8875378118452566,0.7007174996959699,8.383998040720119,26.784181037508624,28.58135946476529,1.196183681488037,1.7810062170028687
00457_snr+10,10.0,8.509449466465298,12.5089644076794,0.9294637219552859,0.8909632469269699,14.637706833560394,31.03968147566748,15.982423044686083,1.2945945262908936,1.2259141206741333
00458_snr+10,10.0,9.641827014645273,11.239482235162283,0.9516787402379413,0.9509530935734274,4.7768729422000895,13.911698417123988,7.675201141422315,1.6092984676361084,2.008042812347412
00459_snr+10,10.0,9.68123215976059,2.173736451708284,0.9984469965180931,0.7395388066163726,2.751022192260934,25.483816661069344,26.866732828975255,1.179333209991455,2.2048065662384033
00460_snr+10,10.0,9.973895754945708,-2.644652313023404,0.864863918042721,0.6214252535115291,-3.4719261788725415,8.728026748453178,27.80408973796984,1.4100672006607056,1.4110264778137207
00461_snr+10,10.0,9.981850279405776,5.594741967895738,0.852359570174184,0.7938092377465326,nan,nan,17.25464830845777,1.3886420726776123,1.5812325477600098
00462_snr+10,10.0,9.384535897313267,4.148973665948646,0.9278976190002078,0.5915514431574468,-3.318555951040473,21.011713969273856,27.453404609634028,1.3299552202224731,1.7426031827926636
00463_snr+10,10.0,8.627063222905882,8.65134755070991,0.8745079591355355,0.899192246908133,5.99399734018876,24.07794565843059,11.944821172676736,1.6009385585784912,1.299443006515503
00464_snr+10,10.0,9.229687159832064,0.6585623425555448,0.8743000584219576,0.6515264853151341,5.433177785522091,22.998230261562966,32.58942863984421,1.1196473836898804,1.3050003051757812
00465_snr+10,10.0,8.105777786100738,8.710689026277148,0.86772483270991,0.8443380566938363,5.505737863300217,25.841381346841622,17.107785805213194,1.1917471885681152,1.6772582530975342
00466_snr+10,10.0,8.670514034566818,3.0131946720830607,0.8860070433560178,0.7446521945947995,21.662441653895605,25.736282226179515,20.726870660600436,1.184799313545227,1.3198901414871216
00467_snr+10,10.0,9.77735886878882,11.630839465443646,0.933794666719856,0.8587904834985801,3.8980349968004595,25.210605939392956,16.234058989086588,1.6470279693603516,1.9929215908050537
00468_snr+10,10.0,8.869654634126054,7.048557840183159,0.9343924502967276,0.8577949992846353,19.08840543769084,26.119870236738123,12.263072377897274,1.4843865633010864,1.5143439769744873
00469_snr+10,10.0,9.98293719217655,-2.6901592826903036,0.8944461520197757,0.668284803915767,nan,nan,32.15721655396517,1.089646816253662,1.3105950355529785
00470_snr+10,10.0,9.475390394339362,-1.9106864055862092,0.8999635563862121,0.6636681849773418,-4.23547146998301,22.595823492428227,29.239094654962106,1.1466054916381836,1.3688229322433472
00471_snr+10,10.0,9.417412094235027,2.349020351663736,0.9366238461513329,0.6814140361987648,-2.340973771326646,20.161510990933937,24.784344202877747,1.1609013080596924,1.6421723365783691
00472_snr+10,10.0,8.285087998382748,14.78861796781554,0.9157470944291967,0.947390231771896,3.0005477329110066,25.594941662577458,10.806604075396846,2.260350465774536,1.1185121536254883
00473_snr+10,10.0,9.289494489461521,6.136116874632278,0.8955169636356999,0.7076049504261864,5.376861147712523,24.545593340297344,21.8575675083796,1.1956782341003418,1.2108047008514404
00474_snr+10,10.0,9.030241614016148,5.323936699155012,0.9675306174909238,0.7876993240704275,6.805085011194119,27.57671063126299,15.546088001188172,1.2188652753829956,1.508773922920227
00475_snr+10,10.0,9.778315126402283,5.450901437471927,0.8745052053594612,0.6071747476188782,-4.826034508763893,22.677048884472136,12.462931328525423,1.2040938138961792,1.2233786582946777
00476_snr+10,10.0,9.81394272846494,4.786675585256231,0.8351053058617265,0.693309334345765,1.8842744866825523,18.740309094090634,22.050982727169206,1.0693820714950562,1.1715065240859985
00477_snr+10,10.0,9.078004455904857,0.45544856837676617,0.991824689857027,0.724567783926497,3.433617061901952,29.711504678801216,24.308663568806875,2.172361135482788,2.2352070808410645
00478_snr+10,10.0,9.882770407268769,3.977741525893574,0.9433860452359442,0.5574682554194775,-1.248322216946211,17.063407312879065,14.636866958467671,1.2027711868286133,1.6065123081207275
00479_snr+10,10.0,9.557927477954179,4.368125503025237,0.9121069484735181,0.7224595884722366,-7.733859199306876,21.171371305988277,27.52633749128771,1.1478216648101807,1.3331708908081055
00480_snr+10,10.0,8.269507338393627,1.0383770604307414,0.9617668959532799,0.7778281282512013,19.188841908229122,28.493021538896794,17.25612271632246,1.412443995475769,1.5338327884674072
00481_snr+10,10.0,9.966599348788334,-0.48956342856491303,0.9717520520227793,0.674868955900111,nan,nan,29.400018180193257,1.1520390510559082,2.8816237449645996
00482_snr+10,10.0,9.963976546670963,4.273077834835809,0.8642017512836737,0.7452974275660793,nan,nan,18.350273933907122,1.2634124755859375,1.3070411682128906
00483_snr+10,10.0,9.172890270735039,13.92586220211907,0.9909057207998896,0.9665693814679431,-1.0869256809086134,28.764067671811283,7.269389723389701,2.889068126678467,1.9399640560150146
00484_snr+10,10.0,9.478850347500504,-0.23394083235582197,0.8869685948036384,0.5937788968660165,11.477283491732916,21.804507438974312,29.398777234287582,1.0854250192642212,1.2402284145355225
00485_snr+10,10.0,9.35233180439531,-5.196594700510816,0.9051079327684797,0.653138743665953,2.659290316817764,23.851134741725364,27.146360040127156,1.069261074066162,1.2227146625518799
00486_snr+10,10.0,9.870697344215186,13.260831246753249,0.8990054846149153,0.925266351278081,15.999285239444387,28.000810534483662,13.616991205239787,1.7722632884979248,1.3911304473876953
00487_snr+10,10.0,9.991153164069171,3.479436413308095,0.9363802276366664,0.734297563937598,nan,nan,24.88728303811335,1.280884027481079,2.2546727657318115
00488_snr+10,10.0,8.620790550958674,8.271614942995647,0.8952117785377829,0.8637800831494317,9.891886934602233,27.098319144306707,22.328839854002528,1.4057953357696533,1.425464391708374
00489_snr+10,10.0,9.050035031221807,4.753961981783924,0.9138520182027434,0.739527486330452,12.1364206218756,25.176275208958753,23.072011678267824,1.1516900062561035,1.252713918685913
00490_snr+10,10.0,8.3844086278372,10.143594476282097,0.9490643279005916,0.8933031388724733,-2.0747958588165467,30.888204208132144,10.516563924600899,1.635530948638916,1.8339933156967163
00491_snr+10,10.0,9.819542904733503,1.7338101393016092,0.954646609098921,0.7533736716930679,4.7465988193583115,24.2515151029089,26.973557252801204,1.2491083145141602,2.6863317489624023
00492_snr+10,10.0,8.007593965689283,1.6944996222366124,0.942274215114425,0.6762418608090432,5.33991797131549,31.448257780874425,21.58446616075297,1.280887484550476,1.4510623216629028
00493_snr+10,10.0,9.986567763562613,11.423228225646007,0.88269062619921,0.9114100628365123,nan,nan,14.946388800174311,1.5067918300628662,1.4699043035507202
00494_snr+10,10.0,8.596254360268677,-1.2247228279500604,0.9487680854963179,0.7233040880587855,-6.00839179519416,28.32574079715002,30.803106320192835,1.2010730504989624,1.5831366777420044
00495_snr+10,10.0,8.89023580898434,8.461984642381937,0.904951206290764,0.7824185534172747,13.522518795709003,23.345238189369788,13.795603521009966,1.231453537940979,1.213355302810669
00496_snr+10,10.0,9.944624196507094,11.070366200502846,0.9784747703173,0.9559318047709352,nan,nan,11.49572020336738,2.5553276538848877,3.2906062602996826
00497_snr+10,10.0,9.44760888715925,10.062729917457464,0.9031353504642503,0.8647459575164813,-7.8659865385258545,23.09671837743199,17.304111033344256,1.367895483970642,1.2636932134628296
00498_snr+10,10.0,9.186626014610917,-0.5973134862670589,0.9296913305152491,0.6844358392466231,-6.1645449871805935,26.835256961791018,27.924440678021295,1.118411898612976,1.380360722541809
00499_snr+10,10.0,9.95795352252566,6.809267483606975,0.8946040079234889,0.6197512183414905,-9.259725843795625,0.1811768057747579,12.359388236222404,1.1665560007095337,1.4170140027999878
00500_snr+10,10.0,9.373860285044412,8.90693596889706,0.9908936499536963,0.893648582077197,4.312030774258112,39.32736800976596,15.480160669551399,2.094460964202881,2.3689310550689697
00501_snr+10,10.0,9.852331154007091,-0.5192761755981371,0.9060013928103194,0.7002055517425368,8.913603888759772,16.62690993611633,28.674235628229145,1.1264607906341553,1.5105714797973633
00502_snr+10,10.0,9.771092722266467,-4.104947845559547,0.9757714783613708,0.7230631020592342,-7.635348012378759,20.561865064929606,35.023245151981236,1.1474207639694214,2.8800623416900635
00503_snr+10,10.0,9.276277829475843,-0.058589326633153575,0.8826085914856882,0.7352287447733976,-8.156186192836769,25.85588218739797,25.42062438883707,1.1505885124206543,1.1307026147842407
00504_snr+10,10.0,9.328508605061879,-0.07977477072722673,0.8496332939043637,0.6985310704260135,5.336401652160417,28.120069759889933,29.335632968023944,1.1033387184143066,1.100114107131958
00505_snr+10,10.0,9.221222525688864,10.316228795980004,0.9608257459432377,0.8633695512408022,-5.775634370653578,22.640925827801503,13.878737926039475,1.5157184600830078,1.9236340522766113
00506_snr+10,10.0,9.981594363656093,-1.8278652092268766,0.809485021804344,0.6164048625514191,nan,nan,28.989013878863368,1.1115906238555908,1.254387378692627
00507_snr+10,10.0,9.293390538472137,-0.9243479122110848,0.9167569599764464,0.6782173206842406,17.70542719333956,29.262830485569108,24.60860650768469,1.1201646327972412,1.179443359375
00508_snr+10,10.0,9.672833233603937,10.517062110497267,0.9707280381093291,0.9297183784037124,-4.396638768823321,17.433938118331625,15.424245920965488,1.732024073600769,1.6226708889007568
00509_snr+10,10.0,8.99357885340195,-0.33787899706442076,0.8672118782088719,0.6161449625124645,18.213054931585326,26.950993361233458,28.394113219262355,1.125389575958252,1.1756151914596558
00510_snr+10,10.0,9.635470961983101,5.873714485074127,0.9470861377860004,0.7941653528921847,-4.344426018572137,26.248866392026834,18.971235676242767,1.3103777170181274,1.2842938899993896
00511_snr+10,10.0,8.462390662224541,9.479807893628141,0.9090072391571572,0.847759843948519,-1.0100737132767728,37.61580385309039,20.041803587185484,1.4607311487197876,1.4808924198150635
00512_snr+10,10.0,9.122514385544411,-0.026092236954688784,0.8999938668241797,0.698162427020374,-3.6368094711137684,26.10992762915943,27.67598029819174,1.1247004270553589,1.312961459159851
00513_snr+10,10.0,9.300095885829352,9.74202332320214,0.893678504087038,0.8517358799288273,-9.348377517926176,25.93985525244073,13.314060447083744,1.6916824579238892,1.5211925506591797
00514_snr+10,10.0,9.078737696203952,8.484568083734285,0.976359344163026,0.7793069503167901,6.419228286652594,17.68467879373406,12.948575877837428,1.3890212774276733,1.6203047037124634
00515_snr+10,10.0,9.278206560152995,1.439316075432043,0.8284712130707218,0.5701215510585801,8.344277484143495,19.14602837110821,26.28771190886019,1.1598169803619385,1.3805922269821167
00516_snr+10,10.0,9.23968266772971,-0.7831274685108272,0.9063465985355167,0.7757784841737518,4.759383041824725,24.99010105843924,31.11177714385052,1.1391987800598145,1.1913437843322754
00517_snr+10,10.0,9.99774859705097,-3.5015978231501395,0.8264097744016041,0.7167058764414027,nan,nan,31.398703620719953,1.101166009902954,1.3409701585769653
00518_snr+10,10.0,9.752487716753514,0.7112931697834501,0.912263480236594,0.5816508235908295,-4.484213271326526,28.917110604380426,26.104831955967914,1.1667895317077637,1.966355323791504
00519_snr+10,10.0,10.014291673604156,-2.142615611150174,0.8978930019222412,0.5914590119666419,nan,nan,32.32062199544429,1.1098886728286743,2.258618116378784
00520_snr+10,10.0,8.907906451482067,3.3055962945291233,0.960349103425245,0.839645205821862,-2.962404324642577,32.2334935471867,22.54912052768495,1.5311100482940674,1.8492201566696167
00521_snr+10,10.0,97.52440491256893,16.018333454629115,0.9999999999999992,0.9555366950532347,nan,nan,11.129853012888326,2.981492519378662,4.643888473510742
00522_snr+10,10.0,8.39548306406058,6.59781100246973,0.8523282497937119,0.736496261101365,-5.1495012345072375,21.32629443761282,10.36020126454467,1.3903305530548096,1.4807960987091064
00523_snr+10,10.0,9.259917292701132,1.9688211296166935,0.9207397914895633,0.7051836822422097,-5.508344756388571,25.889971576427335,26.582393266706028,1.1681888103485107,1.601433515548706
00524_snr+10,10.0,9.268665276077432,4.411580590190303,0.9356547571337418,0.798659746425266,6.291436849154072,23.90917328736379,26.646978842876802,1.3337578773498535,1.8669278621673584
00525_snr+10,10.0,9.45369784606014,-1.8123575530034362,0.8504385905349752,0.5080490287099626,14.103373933654664,29.475318404081964,24.30474694613632,1.0882779359817505,1.1093389987945557
00526_snr+10,10.0,8.96540039693496,15.557953394723022,0.8436325690058919,0.8751223311748867,-10.774852864169336,17.050386967377232,16.829584578358055,1.8323676586151123,1.6998462677001953
00527_snr+10,10.0,9.91190520434297,4.3263695460438365,0.9667469086973522,0.759464653946849,1.8292325778310419,10.756156657148706,21.25747628778797,1.2150040864944458,1.8346542119979858
00528_snr+10,10.0,9.956717152927713,11.81249157509857,0.9289460629176056,0.921254005333688,nan,nan,15.360500870021085,2.1892290115356445,2.5681052207946777
00529_snr+10,10.0,8.122724888412753,8.596459724045962,0.9012920459520489,0.8931373563022093,35.21964628846127,39.40755943158645,15.392925449696612,1.1774842739105225,1.1054059267044067
00530_snr+10,10.0,8.715073886591577,7.826743421991957,0.9825615960168568,0.8569330318832358,19.702958084560777,30.76322754828319,15.085319834598064,1.8149656057357788,2.7678232192993164
00531_snr+10,10.0,8.39265445749538,6.953989794782453,0.9390058663997849,0.855934587072978,1.772153304246129,13.998303649528982,12.963537968777452,1.331303358078003,1.4848175048828125
00532_snr+10,10.0,9.501851773677943,9.839463947978873,0.9396258269194179,0.8995030510858417,0.6001426363327407,31.210487022182747,11.280514034571679,1.7298338413238525,1.6215331554412842
00533_snr+10,10.0,9.988921632566983,3.4927614076746143,0.9616294909923271,0.8079671650695345,nan,nan,23.423766005309034,1.2170073986053467,1.3847427368164062
00534_snr+10,10.0,10.006336212947229,7.269913028410945,0.9322785652540809,0.820751048069583,nan,nan,19.76913992419281,1.6295636892318726,1.722485899925232
00535_snr+10,10.0,9.743406255314309,7.429970453587638,0.8999747241745526,0.6677189938855764,2.0143605821977846,21.76379171489326,23.409844252287243,1.1763811111450195,1.5543482303619385
00536_snr+10,10.0,9.671725824125986,10.972473576656956,0.9902529509569763,0.9279282830726271,-2.8427136910234347,30.973315699838373,15.595370923815977,2.0697898864746094,2.9607722759246826
00537_snr+10,10.0,10.058131638541987,8.72828665318109,0.9792380833309487,0.9340568900315415,nan,nan,14.776391141657914,1.761437177658081,2.4138946533203125
00538_snr+10,10.0,9.925264615325698,6.863617356547671,0.8708240282610153,0.7708763240623138,-9.258683321954136,17.437411779744345,22.340876390527725,1.3467094898223877,2.0600152015686035
00539_snr+10,10.0,7.584114290542747,9.394963372699719,0.8854311977308593,0.8063176401459496,-3.7748788232218584,23.984295280491544,13.15588529399933,1.4253449440002441,1.359968662261963
00540_snr+10,10.0,8.734316223359848,10.827390022812388,0.9325095756095672,0.8811756053395925,-4.87320581184684,23.32769342834521,15.566077407331315,1.969510555267334,2.2531685829162598
00541_snr+10,10.0,9.266141746166207,13.237231335929561,0.9289732981184015,0.9201077598096604,17.20299348110888,27.93054658675585,13.580595349087066,1.622896432876587,1.5975100994110107
00542_snr+10,10.0,6.509028130651622,10.63335808362714,0.8893897784614504,0.8746949720676467,27.166854978576133,39.15498607907876,12.466497814891113,1.3631359338760376,1.198718786239624
00543_snr+10,10.0,9.925274984363657,15.958910986616065,0.8926239106164171,0.9156002823594473,nan,nan,17.303751688821674,2.5942461490631104,2.176420211791992
00544_snr+10,10.0,9.976451997145874,7.361943918937461,0.9772963291282348,0.849413357049226,nan,nan,16.02507317032143,1.5040760040283203,1.8512136936187744
00545_snr+10,10.0,9.980931431743317,1.497289328906357,0.9221565337549521,0.7658575244346092,nan,nan,26.80700708422291,1.214083194732666,1.5960023403167725
00546_snr+10,10.0,7.105775337409225,13.11945040659097,0.9374656709554302,0.9302461569594054,9.85640482881282,33.49096733207303,11.936366286171756,1.595698595046997,1.2993417978286743
00547_snr+10,10.0,9.001220848828686,-4.241447928639036,0.9022949264490429,0.6731953902921679,14.748449399671061,28.805452866877104,28.525319286909863,1.1166846752166748,1.3342931270599365
00548_snr+10,10.0,9.088430925722768,4.367938571758213,0.9761037695282081,0.7204416147958287,17.61486532015281,24.753297935628794,20.57041861850285,1.5281314849853516,2.88727068901062
00549_snr+10,10.0,9.566177668914694,0.005457418638162279,0.969650189010381,0.6525695305721484,12.260550731460553,30.139621627052726,29.534106002554132,1.177507996559143,3.295060396194458
00550_snr+10,10.0,9.54705107497511,0.22066655091682436,0.9001714029925322,0.68678892726481,-5.888515127776892,20.0392285013535,24.592282570139606,1.2269059419631958,1.3564236164093018
00551_snr+10,10.0,9.943259446006373,-1.883880789279437,0.9121339738405788,0.7657833597384565,nan,nan,30.710633554581058,1.1107003688812256,1.6720552444458008
00552_snr+10,10.0,9.973224080956964,3.127224124610668,0.8324974049836846,0.6788718643399986,nan,nan,23.339013187585987,2.860625982284546,1.1678086519241333
00553_snr+10,10.0,9.915188385201512,1.5322245288781189,0.8613706241349423,0.5579647116154117,16.17817442572634,25.004414994922882,23.7700260011456,1.1356655359268188,1.2876096963882446
00554_snr+10,10.0,9.486920648600641,-1.6907396030096369,0.8511247009474613,0.7376298324101126,-12.630595371765391,22.599416028540595,30.906301825554557,1.1516484022140503,1.3176957368850708
00555_snr+10,10.0,7.615851111433488,4.791259017526,0.8968485387924262,0.7629775306252959,15.523237830683676,34.03007864934615,21.122324494835862,1.2278984785079956,1.145453691482544
00556_snr+10,10.0,10.008247945790687,-0.911977527932064,0.9350992640822567,0.7345536138616852,nan,nan,30.336850889163546,1.1353861093521118,1.4198966026306152
00557_snr+10,10.0,9.374912623616128,10.896587679820787,0.9225773974126082,0.825925868489609,-5.582849510120295,19.4853104539864,17.961313104518116,1.5261871814727783,1.4728107452392578
00558_snr+10,10.0,9.656046790402073,1.0892863589312867,0.8228051621449555,0.6557829555461042,8.059525784744391,18.947666302941983,25.437773040779582,1.1932737827301025,1.1790058612823486
00559_snr+10,10.0,9.046219857066985,4.239987590315267,0.9414614254506032,0.6611897009373596,-2.6305656696715545,22.315731389483958,23.291235378502456,1.2490410804748535,1.7941925525665283
00560_snr+10,10.0,10.001317987709033,-2.6545774771226855,0.9753108930522457,0.6667913538153628,nan,nan,26.637759689597157,1.4957280158996582,2.1163101196289062
00561_snr+10,10.0,9.566242608504187,8.426490737017797,0.9389330540359874,0.8682564983781504,-2.7099350020320196,26.43759345940945,13.84281949676072,1.36592698097229,1.1888470649719238
00562_snr+10,10.0,8.63732067633595,12.844353752112347,0.8234715947850125,0.7812645161368958,-3.6559539971177974,21.937958852064448,19.10028091642788,1.6722162961959839,1.5912818908691406
00563_snr+10,10.0,9.462391287779626,10.57484593157493,0.878914373871579,0.8448814660910916,1.834205331677638,22.945614570949196,11.750336998158819,1.3978053331375122,1.2857643365859985
00564_snr+10,10.0,9.561176616722806,2.474429616085993,0.975352255408764,0.6817450999667916,-6.152266405934843,-0.0011792280676949062,21.52570417901147,1.2479619979858398,1.6278934478759766
00565_snr+10,10.0,8.828570799936086,0.28532665912272775,0.8427507345053686,0.6172583457966223,-5.8945140272875545,27.76481999213676,24.21159717010786,1.2360117435455322,1.211647391319275
00566_snr+10,10.0,9.927181781955595,6.0542555227829,0.736722653360268,0.6344645193248931,nan,nan,21.207032539358135,1.2171995639801025,1.1787029504776
00567_snr+10,10.0,9.586086327179569,-2.2655099347333296,0.9473494564397883,0.6684259848252594,23.925775693955146,36.723771397952035,30.135204914801022,1.1261790990829468,1.9903819561004639
00568_snr+10,10.0,9.305181788595995,12.927352016449518,0.9295276146867522,0.9042411664319571,13.7072681918599,25.6528333202565,14.20950496174203,1.6432054042816162,1.7498352527618408
00569_snr+10,10.0,8.944475958542368,13.710564218867763,0.999990272500425,0.9404987851052491,-3.718423607645933,31.771727427023745,14.377757042129803,1.9426417350769043,3.9971354007720947
00570_snr+10,10.0,9.216577860127604,4.715453171847016,0.9365956690743211,0.9050927512076797,0.5037071498734229,27.252222829371526,11.497831203632094,1.6150624752044678,1.213218092918396
00571_snr+10,10.0,9.257396961507405,5.306087232863038,0.8981815403428748,0.7761967455516513,-0.39625298775768714,22.129275746020426,19.382963823003234,1.4479479789733887,1.6373393535614014
00572_snr+10,10.0,9.983947210223509,15.022980817130648,0.928560169560028,0.9541743983282112,nan,nan,13.92507413751466,2.074557304382324,1.415762186050415
00573_snr+10,10.0,9.965861739518026,0.20777537091192905,0.8902882441449734,0.5794005091517967,nan,nan,23.059728009423246,1.1143817901611328,1.3646005392074585
00574_snr+10,10.0,9.95678548011348,-3.076714563855352,0.7205381251420839,0.5624593744572901,23.288075437300616,24.662011160483015,29.171009063736836,1.072424054145813,1.133899450302124
00575_snr+10,10.0,9.968773313391823,17.567090550647634,0.8684018908482604,0.8731855196061578,nan,nan,13.313471718798258,2.5196781158447266,2.0006613731384277
00576_snr+10,10.0,9.408173982983339,-1.0240309231104414,0.9582927564562886,0.7755766577437222,-0.05702618729873717,26.444245000298793,25.69639718177096,1.1781625747680664,1.4602558612823486
00577_snr+10,10.0,9.79733583622368,-1.8861761528968382,0.9332379509102904,0.6561555717352995,6.938592813060399,23.898200453072317,30.247413811350786,1.1134419441223145,1.5646140575408936
00578_snr+10,10.0,9.527733965680161,0.757906236188325,0.8936993470448834,0.6308694672610611,-2.0595922762199796,19.607090186085724,28.47920857432838,1.360601782798767,1.279179573059082
00579_snr+10,10.0,8.698794936267891,-0.829462629544847,0.8912167046026517,0.6559085294078841,9.75490684823949,28.79982266756054,28.121281217679865,1.4749834537506104,1.1734919548034668
00580_snr+10,10.0,9.950592172868744,3.3963654271937482,0.9695587816515684,0.7591588573097845,nan,nan,24.621283461836008,1.3538542985916138,2.3588008880615234
00581_snr+10,10.0,9.837349015223836,6.939082758451073,0.840999988232477,0.7089486157039039,3.670369590591862,27.055291301978322,12.25167617808697,1.2935779094696045,1.1947109699249268
00582_snr+10,10.0,9.977757297178483,14.935560200248723,0.9353213987780654,0.9319094556016492,nan,nan,10.277818505545396,2.2297353744506836,1.8448190689086914
00583_snr+10,10.0,9.806131992383765,8.40366029737716,0.912026610273493,0.8550196095514189,2.1105183291846967,24.738981914794653,14.467830521851873,1.4887874126434326,1.2017627954483032
00584_snr+10,10.0,9.350383946057667,-4.099679755212947,0.8984104800460503,0.7131602569166459,-6.065203795986303,20.282320940092333,33.50294709369515,1.1310021877288818,1.6093406677246094
00585_snr+10,10.0,9.791825606301103,4.977922060611911,0.9426546469836506,0.7032108660779023,-1.0684909298307197,12.868720204708005,14.184712004647187,1.1892287731170654,1.390036940574646
00586_snr+10,10.0,8.859948293593758,13.04087758981478,0.8361624088414404,0.8495499853946373,7.684403099513287,22.733675335807554,8.579680574248066,1.5927116870880127,1.3717780113220215
00587_snr+10,10.0,9.588834009674732,-2.242084550266509,0.8318666604627264,0.6607980698912347,8.037526812336454,28.29883746669519,30.23140377044741,1.0880286693572998,1.1807689666748047
00588_snr+10,10.0,9.33294990180521,15.928091921976538,0.9158684489880231,0.9551821358442091,-7.212073832440687,27.545384414455405,14.266408174909307,2.2372241020202637,1.5370762348175049
00589_snr+10,10.0,9.955987205555228,1.4552740653751226,0.9541557178362573,0.7367603556529864,nan,nan,24.61511056145316,1.1987978219985962,1.5292587280273438
00590_snr+10,10.0,9.878318252023298,4.195070831649348,0.9082227214290401,0.5523503722853231,9.690511084074371,15.583138688628551,17.236241125172473,1.177626371383667,1.7092856168746948
00591_snr+10,10.0,9.261824531984221,8.288820869860217,0.8373847260072405,0.7954287780831174,7.479213693183144,30.144957507796853,14.486611479901894,1.3583332300186157,1.4360538721084595
00592_snr+10,10.0,9.421868443284335,0.9745159952946223,0.9372745578276976,0.7493294567427699,8.402726978215743,29.616532145988256,23.393493260745394,1.2366900444030762,1.6099207401275635
00593_snr+10,10.0,9.462375055351725,-0.18200217592995976,0.9640450693326053,0.7462032958720922,-6.715493943969283,24.94621904333298,23.16354046668412,1.2170134782791138,2.004889726638794
00594_snr+10,10.0,9.978827223105963,-0.9708558313417077,0.9020779673893743,0.5940789882581089,-10.044164250802703,23.707561186886355,25.125204762715466,1.2637231349945068,2.6291110515594482
00595_snr+10,10.0,9.203184931080324,-0.6653578679073597,0.9855049975860487,0.741796895784567,6.189400201135443,31.510402884316644,31.254195726119104,1.1985490322113037,2.184483528137207
00596_snr+10,10.0,8.399495997272945,11.316677300061864,0.8560712684999976,0.8825003024424661,27.243292881476094,29.130162214204283,11.562738406849355,1.7348287105560303,1.512589931488037
00597_snr+10,10.0,8.107493196450875,1.4055829731320582,0.9086265701356163,0.8541250689489429,-2.0584385630523276,34.158888018220644,18.937030363821275,1.3036304712295532,1.3313204050064087
00598_snr+10,10.0,9.4798098315074,5.712517154138281,0.9208324465041712,0.8260089618248869,-4.36438580460262,27.80068773447192,15.816204865743416,1.2387871742248535,1.3782527446746826
00599_snr+10,10.0,8.874520712362502,7.17858907611495,0.8376071057511892,0.6974780874208074,-2.3238703822620552,21.784131805067545,25.408701654251914,1.2036715745925903,1.2044237852096558
